CO2 (ppm),Temperature (°C),Relative humidity (%RH),CH4 (ppm),Timestamp,Chamber (N)
531,21.54,61.56,0,2026/8/24 12:46,Batch 1 · Blank (0)
534,21.46,61.13,0,2026/8/24 12:47,Batch 1 · Blank (0)
533,21.4,61.43,0,2026/8/24 12:48,Batch 1 · Blank (0)
533,21.43,61,0,2026/8/24 12:49,Batch 1 · Blank (0)
533,21.29,60.38,0,2026/8/24 12:50,Batch 1 · Blank (0)
534,21.22,60.86,0,2026/8/24 12:51,Batch 1 · Blank (0)
534,21.14,60.62,0,2026/8/24 12:52,Batch 1 · Blank (0)
533,21.08,60.72,0,2026/8/24 12:53,Batch 1 · Blank (0)
528,21.03,60.43,0,2026/8/24 12:54,Batch 1 · Blank (0)
523,20.95,61.27,0,2026/8/24 12:55,Batch 1 · Blank (0)
518,20.97,61.05,0,2026/8/24 12:56,Batch 1 · Blank (0)
514,20.98,60.86,0,2026/8/24 12:57,Batch 1 · Blank (0)
512,21.01,60.45,0,2026/8/24 12:58,Batch 1 · Blank (0)
511,20.93,60.74,0,2026/8/24 12:59,Batch 1 · Blank (0)
509,20.94,60.93,0,2026/8/24 13:00,Batch 1 · Blank (0)
503,20.84,59.71,0,2026/8/24 13:01,Batch 1 · Blank (0)
499,20.8,59.42,0,2026/8/24 13:02,Batch 1 · Blank (0)
494,20.69,59.51,0,2026/8/24 13:03,Batch 1 · Blank (0)
492,20.73,59.72,0,2026/8/24 13:04,Batch 1 · Blank (0)
488,20.79,60.03,0,2026/8/24 13:05,Batch 1 · Blank (0)
485,20.76,61.7,0,2026/8/24 13:06,Batch 1 · Blank (0)
483,20.76,62.82,0,2026/8/24 13:07,Batch 1 · Blank (0)
480,20.72,63.58,0,2026/8/24 13:08,Batch 1 · Blank (0)
477,20.84,63.89,0,2026/8/24 13:09,Batch 1 · Blank (0)
473,21.05,64.15,0,2026/8/24 13:10,Batch 1 · Blank (0)
468,21.24,65.16,0,2026/8/24 13:11,Batch 1 · Blank (0)
467,21.38,65.11,0,2026/8/24 13:12,Batch 1 · Blank (0)
462,21.56,65.39,0,2026/8/24 13:13,Batch 1 · Blank (0)
460,21.61,64.77,0,2026/8/24 13:14,Batch 1 · Blank (0)
463,21.54,65.44,0,2026/8/24 13:15,Batch 1 · Blank (0)
461,21.53,65.44,0,2026/8/24 13:16,Batch 1 · Blank (0)
459,21.56,66.01,0,2026/8/24 13:17,Batch 1 · Blank (0)
455,21.64,65.84,0,2026/8/24 13:18,Batch 1 · Blank (0)
453,21.6,65.01,0,2026/8/24 13:19,Batch 1 · Blank (0)
454,21.47,65.12,0,2026/8/24 13:20,Batch 1 · Blank (0)
454,21.4,65.62,0,2026/8/24 13:21,Batch 1 · Blank (0)
450,21.4,65.02,0,2026/8/24 13:22,Batch 1 · Blank (0)
447,21.38,63.79,0,2026/8/24 13:23,Batch 1 · Blank (0)
448,21.24,64.47,0,2026/8/24 13:24,Batch 1 · Blank (0)
446,21.22,63.57,0,2026/8/24 13:25,Batch 1 · Blank (0)
444,21.15,63.81,0,2026/8/24 13:26,Batch 1 · Blank (0)
442,21.18,63.43,0,2026/8/24 13:27,Batch 1 · Blank (0)
441,21.29,63.22,0,2026/8/24 13:28,Batch 1 · Blank (0)
442,21.12,62.33,0,2026/8/24 13:29,Batch 1 · Blank (0)
441,21.03,63.2,0,2026/8/24 13:30,Batch 1 · Blank (0)
435,21.15,62.99,0,2026/8/24 13:31,Batch 1 · Blank (0)
432,21.28,62.96,0,2026/8/24 13:32,Batch 1 · Blank (0)
428,21.35,62.64,0,2026/8/24 13:33,Batch 1 · Blank (0)
426,21.43,62.65,0,2026/8/24 13:34,Batch 1 · Blank (0)
426,21.46,62.43,0,2026/8/24 13:35,Batch 1 · Blank (0)
425,21.43,62.54,0,2026/8/24 13:36,Batch 1 · Blank (0)
425,21.26,62.8,0,2026/8/24 13:37,Batch 1 · Blank (0)
425,21.21,62.35,0,2026/8/24 13:38,Batch 1 · Blank (0)
423,21.25,62.48,0,2026/8/24 13:39,Batch 1 · Blank (0)
422,21.25,62.15,0,2026/8/24 13:40,Batch 1 · Blank (0)
423,21.09,62.06,0,2026/8/24 13:41,Batch 1 · Blank (0)
423,21.03,62.47,0,2026/8/24 13:42,Batch 1 · Blank (0)
419,21.04,61.95,0,2026/8/24 13:43,Batch 1 · Blank (0)
417,21,62.78,0,2026/8/24 13:44,Batch 1 · Blank (0)
414,21.01,62.55,0,2026/8/24 13:45,Batch 1 · Blank (0)
415,21.04,62.33,0,2026/8/24 13:46,Batch 1 · Blank (0)
414,20.97,62.94,0,2026/8/24 13:47,Batch 1 · Blank (0)
414,20.97,62.86,0,2026/8/24 13:48,Batch 1 · Blank (0)
409,21.04,63.25,0,2026/8/24 13:49,Batch 1 · Blank (0)
409,20.98,63.08,0,2026/8/24 13:50,Batch 1 · Blank (0)
410,20.94,62.71,0,2026/8/24 13:51,Batch 1 · Blank (0)
408,20.91,62.95,0,2026/8/24 13:52,Batch 1 · Blank (0)
405,21.03,62.98,0,2026/8/24 13:53,Batch 1 · Blank (0)
405,20.97,62.62,0,2026/8/24 13:54,Batch 1 · Blank (0)
403,21.03,62.57,0,2026/8/24 13:55,Batch 1 · Blank (0)
402,21.09,62.61,0,2026/8/24 13:56,Batch 1 · Blank (0)
403,21.09,61.91,0,2026/8/24 13:57,Batch 1 · Blank (0)
402,21.09,62.55,0,2026/8/24 13:58,Batch 1 · Blank (0)
402,21.05,61.94,0,2026/8/24 13:59,Batch 1 · Blank (0)
401,21,61.9,0,2026/8/24 14:00,Batch 1 · Blank (0)
399,21.01,61.51,0,2026/8/24 14:01,Batch 1 · Blank (0)
398,20.98,60.76,0,2026/8/24 14:02,Batch 1 · Blank (0)
398,20.93,59.64,0,2026/8/24 14:03,Batch 1 · Blank (0)
397,20.88,60.4,0,2026/8/24 14:04,Batch 1 · Blank (0)
397,20.81,60.19,0,2026/8/24 14:05,Batch 1 · Blank (0)
394,20.88,62.9,0,2026/8/24 14:06,Batch 1 · Blank (0)
392,20.97,64.48,0,2026/8/24 14:07,Batch 1 · Blank (0)
390,21.09,65.74,0,2026/8/24 14:08,Batch 1 · Blank (0)
390,21.14,67.13,0,2026/8/24 14:09,Batch 1 · Blank (0)
390,21.26,67.69,0,2026/8/24 14:10,Batch 1 · Blank (0)
387,21.47,67.67,0,2026/8/24 14:11,Batch 1 · Blank (0)
387,21.61,66.55,0,2026/8/24 14:12,Batch 1 · Blank (0)
387,21.63,65.72,0,2026/8/24 14:13,Batch 1 · Blank (0)
388,21.51,66.5,0,2026/8/24 14:14,Batch 1 · Blank (0)
388,21.51,67.16,0,2026/8/24 14:15,Batch 1 · Blank (0)
389,21.57,68.39,0,2026/8/24 14:16,Batch 1 · Blank (0)
392,21.73,69.07,0,2026/8/24 14:17,Batch 1 · Blank (0)
392,21.91,70.06,0,2026/8/24 14:18,Batch 1 · Blank (0)
393,22.07,69.83,0,2026/8/24 14:19,Batch 1 · Blank (0)
401,22.17,69.15,0,2026/8/24 14:20,Batch 1 · Blank (0)
406,22.23,67.95,0,2026/8/24 14:21,Batch 1 · Blank (0)
409,22.27,66.66,0,2026/8/24 14:22,Batch 1 · Blank (0)
411,22.31,65.43,0,2026/8/24 14:23,Batch 1 · Blank (0)
417,22.29,63.99,0,2026/8/24 14:24,Batch 1 · Blank (0)
420,22.29,63.49,0,2026/8/24 14:25,Batch 1 · Blank (0)
422,22.27,62.72,0,2026/8/24 14:26,Batch 1 · Blank (0)
424,22.27,61.79,0,2026/8/24 14:27,Batch 1 · Blank (0)
426,22.25,60.86,0,2026/8/24 14:28,Batch 1 · Blank (0)
428,22.23,61.68,0,2026/8/24 14:29,Batch 1 · Blank (0)
427,22.07,62.91,0,2026/8/24 14:30,Batch 1 · Blank (0)
429,21.97,63.73,0,2026/8/24 14:31,Batch 1 · Blank (0)
428,21.87,63.69,0,2026/8/24 14:32,Batch 1 · Blank (0)
425,21.85,64.66,0,2026/8/24 14:33,Batch 1 · Blank (0)
424,21.82,65.18,0,2026/8/24 14:34,Batch 1 · Blank (0)
425,21.71,65.55,0,2026/8/24 14:35,Batch 1 · Blank (0)
427,21.64,66.57,0,2026/8/24 14:36,Batch 1 · Blank (0)
427,21.57,66.66,0,2026/8/24 14:37,Batch 1 · Blank (0)
427,21.57,66.28,0,2026/8/24 14:38,Batch 1 · Blank (0)
427,21.59,65.73,0,2026/8/24 14:39,Batch 1 · Blank (0)
425,21.57,65.53,0,2026/8/24 14:40,Batch 1 · Blank (0)
427,21.6,66,0,2026/8/24 14:41,Batch 1 · Blank (0)
427,21.61,65.62,0,2026/8/24 14:42,Batch 1 · Blank (0)
425,21.67,64.67,0,2026/8/24 14:43,Batch 1 · Blank (0)
424,21.77,64.6,0,2026/8/24 14:44,Batch 1 · Blank (0)
423,21.77,64.46,0,2026/8/24 14:45,Batch 1 · Blank (0)
424,21.73,64.15,0,2026/8/24 14:47,Batch 1 · Blank (0)
426,21.61,63.79,0,2026/8/24 14:48,Batch 1 · Blank (0)
426,21.57,63.85,0,2026/8/24 14:49,Batch 1 · Blank (0)
426,21.56,63.74,0,2026/8/24 14:50,Batch 1 · Blank (0)
424,21.54,63.12,0,2026/8/24 14:51,Batch 1 · Blank (0)
426,21.44,62.74,0,2026/8/24 14:52,Batch 1 · Blank (0)
427,21.35,62.44,0,2026/8/24 14:53,Batch 1 · Blank (0)
427,21.22,62.76,0,2026/8/24 14:54,Batch 1 · Blank (0)
426,21.12,62.29,0,2026/8/24 14:55,Batch 1 · Blank (0)
425,21.07,62.25,0,2026/8/24 14:56,Batch 1 · Blank (0)
424,21.12,62.35,0,2026/8/24 14:57,Batch 1 · Blank (0)
423,21.09,61.93,0,2026/8/24 14:58,Batch 1 · Blank (0)
423,21.07,61.58,0,2026/8/24 14:59,Batch 1 · Blank (0)
426,20.93,61.44,0,2026/8/24 15:00,Batch 1 · Blank (0)
424,20.86,61.67,0,2026/8/24 15:01,Batch 1 · Blank (0)
424,20.83,61.77,0,2026/8/24 15:02,Batch 1 · Blank (0)
422,20.77,61.85,0,2026/8/24 15:03,Batch 1 · Blank (0)
420,20.72,61.33,0,2026/8/24 15:04,Batch 1 · Blank (0)
420,20.68,61.7,0,2026/8/24 15:05,Batch 1 · Blank (0)
421,20.62,61.37,0,2026/8/24 15:06,Batch 1 · Blank (0)
421,20.63,61.2,0,2026/8/24 15:07,Batch 1 · Blank (0)
420,20.63,61.59,0,2026/8/24 15:08,Batch 1 · Blank (0)
416,20.63,61.63,0,2026/8/24 15:09,Batch 1 · Blank (0)
416,20.69,61.81,0,2026/8/24 15:10,Batch 1 · Blank (0)
416,20.74,60.66,0,2026/8/24 15:11,Batch 1 · Blank (0)
415,20.48,59.76,0,2026/8/24 15:12,Batch 1 · Blank (0)
415,20.35,61.67,0,2026/8/24 15:13,Batch 1 · Blank (0)
416,20.42,62.04,0,2026/8/24 15:14,Batch 1 · Blank (0)
413,20.53,63.3,0,2026/8/24 15:15,Batch 1 · Blank (0)
410,20.65,63.38,0,2026/8/24 15:16,Batch 1 · Blank (0)
410,20.79,63.16,0,2026/8/24 15:17,Batch 1 · Blank (0)
410,20.95,63.36,0,2026/8/24 15:18,Batch 1 · Blank (0)
409,21.07,63.62,0,2026/8/24 15:19,Batch 1 · Blank (0)
409,21.09,63.16,0,2026/8/24 15:20,Batch 1 · Blank (0)
409,21.17,63.55,0,2026/8/24 15:21,Batch 1 · Blank (0)
410,21.24,63.54,0,2026/8/24 15:22,Batch 1 · Blank (0)
407,21.32,64.01,0,2026/8/24 15:23,Batch 1 · Blank (0)
407,21.4,64.18,0,2026/8/24 15:24,Batch 1 · Blank (0)
408,21.49,63.58,0,2026/8/24 15:25,Batch 1 · Blank (0)
409,21.61,63.38,0,2026/8/24 15:26,Batch 1 · Blank (0)
409,21.7,63.19,0,2026/8/24 15:27,Batch 1 · Blank (0)
410,21.75,63.46,0,2026/8/24 15:28,Batch 1 · Blank (0)
413,21.77,64.71,0,2026/8/24 15:29,Batch 1 · Blank (0)
413,21.68,64.89,0,2026/8/24 15:30,Batch 1 · Blank (0)
414,21.56,64.84,0,2026/8/24 15:31,Batch 1 · Blank (0)
415,21.43,64.67,0,2026/8/24 15:32,Batch 1 · Blank (0)
415,21.22,65.37,0,2026/8/24 15:33,Batch 1 · Blank (0)
417,21.19,65.53,0,2026/8/24 15:34,Batch 1 · Blank (0)
415,21.19,65.3,0,2026/8/24 15:35,Batch 1 · Blank (0)
416,21.22,65.22,0,2026/8/24 15:36,Batch 1 · Blank (0)
415,21.26,65.01,0,2026/8/24 15:37,Batch 1 · Blank (0)
415,21.35,64.61,0,2026/8/24 15:38,Batch 1 · Blank (0)
413,21.47,64.41,0,2026/8/24 15:39,Batch 1 · Blank (0)
410,21.4,64.69,0,2026/8/24 15:40,Batch 1 · Blank (0)
413,21.33,64.85,0,2026/8/24 15:41,Batch 1 · Blank (0)
413,21.36,65.13,0,2026/8/24 15:42,Batch 1 · Blank (0)
411,21.4,64.67,0,2026/8/24 15:43,Batch 1 · Blank (0)
412,21.32,64.18,0,2026/8/24 15:44,Batch 1 · Blank (0)
412,21.28,65.82,0,2026/8/24 15:45,Batch 1 · Blank (0)
412,21.38,65.86,0,2026/8/24 15:46,Batch 1 · Blank (0)
411,21.47,64.63,0,2026/8/24 15:47,Batch 1 · Blank (0)
412,21.53,64.58,0,2026/8/24 15:48,Batch 1 · Blank (0)
414,21.57,64.9,0,2026/8/24 15:49,Batch 1 · Blank (0)
415,21.56,65.21,0,2026/8/24 15:50,Batch 1 · Blank (0)
416,21.46,65.85,0,2026/8/24 15:51,Batch 1 · Blank (0)
419,21.38,66.42,0,2026/8/24 15:52,Batch 1 · Blank (0)
418,21.47,66.76,0,2026/8/24 15:53,Batch 1 · Blank (0)
418,21.5,66.85,0,2026/8/24 15:54,Batch 1 · Blank (0)
422,21.5,66.56,0,2026/8/24 15:55,Batch 1 · Blank (0)
422,21.54,66.8,0,2026/8/24 15:56,Batch 1 · Blank (0)
420,21.59,66.76,0,2026/8/24 15:57,Batch 1 · Blank (0)
421,21.6,67.01,0,2026/8/24 15:58,Batch 1 · Blank (0)
421,21.63,67.09,0,2026/8/24 15:59,Batch 1 · Blank (0)
421,21.63,67.02,0,2026/8/24 16:00,Batch 1 · Blank (0)
424,21.6,66.22,0,2026/8/24 16:01,Batch 1 · Blank (0)
427,21.53,67.32,0,2026/8/24 16:02,Batch 1 · Blank (0)
426,21.63,67.49,0,2026/8/24 16:03,Batch 1 · Blank (0)
426,21.7,67.17,0,2026/8/24 16:04,Batch 1 · Blank (0)
425,21.74,67.05,0,2026/8/24 16:05,Batch 1 · Blank (0)
426,21.75,66.48,0,2026/8/24 16:06,Batch 1 · Blank (0)
429,21.7,66.43,0,2026/8/24 16:07,Batch 1 · Blank (0)
428,21.71,66.04,0,2026/8/24 16:08,Batch 1 · Blank (0)
430,21.71,65.58,0,2026/8/24 16:09,Batch 1 · Blank (0)
434,21.66,65.85,0,2026/8/24 16:10,Batch 1 · Blank (0)
434,21.54,65.41,0,2026/8/24 16:11,Batch 1 · Blank (0)
434,21.4,63.11,0,2026/8/24 16:12,Batch 1 · Blank (0)
436,21.25,63.63,0,2026/8/24 16:13,Batch 1 · Blank (0)
437,21.18,64.08,0,2026/8/24 16:14,Batch 1 · Blank (0)
436,21.21,64.16,0,2026/8/24 16:15,Batch 1 · Blank (0)
437,21.19,63.8,0,2026/8/24 16:16,Batch 1 · Blank (0)
440,21.19,64.36,0,2026/8/24 16:17,Batch 1 · Blank (0)
440,21.21,64,0,2026/8/24 16:18,Batch 1 · Blank (0)
441,21.15,64.44,0,2026/8/24 16:19,Batch 1 · Blank (0)
443,21.21,64.2,0,2026/8/24 16:20,Batch 1 · Blank (0)
442,21.21,64.83,0,2026/8/24 16:21,Batch 1 · Blank (0)
443,21.29,64.99,0,2026/8/24 16:22,Batch 1 · Blank (0)
446,21.25,64.22,0,2026/8/24 16:23,Batch 1 · Blank (0)
448,21.22,64.8,0,2026/8/24 16:24,Batch 1 · Blank (0)
449,21.28,65.5,0,2026/8/24 16:25,Batch 1 · Blank (0)
447,21.32,66.44,0,2026/8/24 16:26,Batch 1 · Blank (0)
445,21.47,67.06,0,2026/8/24 16:27,Batch 1 · Blank (0)
441,21.53,66.77,0,2026/8/24 16:28,Batch 1 · Blank (0)
438,21.5,66.85,0,2026/8/24 16:29,Batch 1 · Blank (0)
436,21.49,66.88,0,2026/8/24 16:30,Batch 1 · Blank (0)
435,21.5,67.54,0,2026/8/24 16:31,Batch 1 · Blank (0)
434,21.54,67.38,0,2026/8/24 16:32,Batch 1 · Blank (0)
428,21.63,67.72,0,2026/8/24 16:33,Batch 1 · Blank (0)
424,21.8,67.68,0,2026/8/24 16:34,Batch 1 · Blank (0)
419,21.95,67.43,0,2026/8/24 16:35,Batch 1 · Blank (0)
416,22.03,66.42,0,2026/8/24 16:36,Batch 1 · Blank (0)
417,22.13,66.32,0,2026/8/24 16:37,Batch 1 · Blank (0)
414,22.26,66.14,0,2026/8/24 16:38,Batch 1 · Blank (0)
414,22.34,65.91,0,2026/8/24 16:39,Batch 1 · Blank (0)
411,22.44,65.17,0,2026/8/24 16:40,Batch 1 · Blank (0)
409,22.44,65.04,0,2026/8/24 16:41,Batch 1 · Blank (0)
408,22.45,64.86,0,2026/8/24 16:42,Batch 1 · Blank (0)
407,22.5,64.73,0,2026/8/24 16:43,Batch 1 · Blank (0)
405,22.55,65.43,0,2026/8/24 16:44,Batch 1 · Blank (0)
403,22.61,64.91,0,2026/8/24 16:45,Batch 1 · Blank (0)
402,22.61,63.66,0,2026/8/24 16:46,Batch 1 · Blank (0)
405,22.64,62.66,0,2026/8/24 16:47,Batch 1 · Blank (0)
407,22.57,61.03,0,2026/8/24 16:48,Batch 1 · Blank (0)
408,22.54,61.32,0,2026/8/24 16:49,Batch 1 · Blank (0)
407,22.51,60.67,0,2026/8/24 16:50,Batch 1 · Blank (0)
405,22.5,59.95,0,2026/8/24 16:51,Batch 1 · Blank (0)
407,22.45,59.49,0,2026/8/24 16:53,Batch 1 · Blank (0)
406,22.45,59.89,0,2026/8/24 16:54,Batch 1 · Blank (0)
406,22.26,60.86,0,2026/8/24 16:55,Batch 1 · Blank (0)
408,21.98,62.65,0,2026/8/24 16:56,Batch 1 · Blank (0)
411,21.81,64.49,0,2026/8/24 16:57,Batch 1 · Blank (0)
406,21.73,65.36,0,2026/8/24 16:58,Batch 1 · Blank (0)
406,21.8,65.73,0,2026/8/24 16:59,Batch 1 · Blank (0)
405,21.88,65.15,0,2026/8/24 17:00,Batch 1 · Blank (0)
403,21.92,65.53,0,2026/8/24 17:01,Batch 1 · Blank (0)
407,21.95,65.85,0,2026/8/24 17:02,Batch 1 · Blank (0)
407,21.91,65.99,0,2026/8/24 17:03,Batch 1 · Blank (0)
404,21.91,65.44,0,2026/8/24 17:04,Batch 1 · Blank (0)
402,21.94,65.35,0,2026/8/24 17:05,Batch 1 · Blank (0)
405,21.89,64.78,0,2026/8/24 17:06,Batch 1 · Blank (0)
404,21.8,64.45,0,2026/8/24 17:07,Batch 1 · Blank (0)
404,21.7,64.39,0,2026/8/24 17:08,Batch 1 · Blank (0)
405,21.68,64.4,0,2026/8/24 17:09,Batch 1 · Blank (0)
404,21.66,63.9,0,2026/8/24 17:10,Batch 1 · Blank (0)
404,21.56,64.63,0,2026/8/24 17:11,Batch 1 · Blank (0)
404,21.43,64.51,0,2026/8/24 17:12,Batch 1 · Blank (0)
404,21.33,64.83,0,2026/8/24 17:13,Batch 1 · Blank (0)
402,21.38,62.97,0,2026/8/24 17:14,Batch 1 · Blank (0)
401,21.33,62.9,0,2026/8/24 17:15,Batch 1 · Blank (0)
402,21.38,62.97,0,2026/8/24 17:16,Batch 1 · Blank (0)
401,21.43,62.46,0,2026/8/24 17:17,Batch 1 · Blank (0)
399,21.44,62.44,0,2026/8/24 17:18,Batch 1 · Blank (0)
400,21.51,62.46,0,2026/8/24 17:19,Batch 1 · Blank (0)
399,21.64,62.43,0,2026/8/24 17:20,Batch 1 · Blank (0)
400,21.66,62.36,0,2026/8/24 17:21,Batch 1 · Blank (0)
403,21.47,62.64,0,2026/8/24 17:22,Batch 1 · Blank (0)
402,21.39,63.68,0,2026/8/24 17:23,Batch 1 · Blank (0)
401,21.43,63.97,0,2026/8/24 17:24,Batch 1 · Blank (0)
399,21.51,64.37,0,2026/8/24 17:25,Batch 1 · Blank (0)
399,21.5,64.54,0,2026/8/24 17:26,Batch 1 · Blank (0)
401,21.47,64.39,0,2026/8/24 17:27,Batch 1 · Blank (0)
401,21.33,65.06,0,2026/8/24 17:28,Batch 1 · Blank (0)
403,21.18,65.8,0,2026/8/24 17:29,Batch 1 · Blank (0)
404,21.21,66.34,0,2026/8/24 17:30,Batch 1 · Blank (0)
402,21.35,66.49,0,2026/8/24 17:31,Batch 1 · Blank (0)
402,21.32,66.84,0,2026/8/24 17:32,Batch 1 · Blank (0)
403,21.36,66.98,0,2026/8/24 17:33,Batch 1 · Blank (0)
402,21.46,67.24,0,2026/8/24 17:34,Batch 1 · Blank (0)
400,21.47,68.06,0,2026/8/24 17:35,Batch 1 · Blank (0)
400,21.47,68.06,0,2026/8/24 17:36,Batch 1 · Blank (0)
398,21.5,68.44,0,2026/8/24 17:37,Batch 1 · Blank (0)
396,21.51,68.66,0,2026/8/24 17:38,Batch 1 · Blank (0)
396,21.53,68.76,0,2026/8/24 17:39,Batch 1 · Blank (0)
398,21.51,69.15,0,2026/8/24 17:40,Batch 1 · Blank (0)
396,21.54,69.23,0,2026/8/24 17:41,Batch 1 · Blank (0)
396,21.51,69.19,0,2026/8/24 17:42,Batch 1 · Blank (0)
395,21.5,69.5,0,2026/8/24 17:43,Batch 1 · Blank (0)
392,21.54,69.77,0,2026/8/24 17:44,Batch 1 · Blank (0)
390,21.64,69.71,0,2026/8/24 17:45,Batch 1 · Blank (0)
390,21.67,69.01,0,2026/8/24 17:46,Batch 1 · Blank (0)
390,21.63,69.32,0,2026/8/24 17:47,Batch 1 · Blank (0)
390,21.56,69.23,0,2026/8/24 17:48,Batch 1 · Blank (0)
392,21.56,69.54,0,2026/8/24 17:49,Batch 1 · Blank (0)
391,21.59,69.92,0,2026/8/24 17:50,Batch 1 · Blank (0)
391,21.6,69.31,0,2026/8/24 17:51,Batch 1 · Blank (0)
393,21.57,70.14,0,2026/8/24 17:52,Batch 1 · Blank (0)
394,21.6,69.68,0,2026/8/24 17:53,Batch 1 · Blank (0)
395,21.67,69.82,0,2026/8/24 17:54,Batch 1 · Blank (0)
394,21.67,69.75,0,2026/8/24 17:55,Batch 1 · Blank (0)
393,21.73,70.02,0,2026/8/24 17:56,Batch 1 · Blank (0)
393,21.75,69.92,0,2026/8/24 17:57,Batch 1 · Blank (0)
395,21.81,69.93,0,2026/8/24 17:58,Batch 1 · Blank (0)
394,21.87,69.44,0,2026/8/24 17:59,Batch 1 · Blank (0)
393,21.89,69.23,0,2026/8/24 18:00,Batch 1 · Blank (0)
394,21.84,68.81,0,2026/8/24 18:01,Batch 1 · Blank (0)
394,21.87,68.87,0,2026/8/24 18:02,Batch 1 · Blank (0)
394,21.81,68.08,0,2026/8/24 18:03,Batch 1 · Blank (0)
396,21.8,67.93,0,2026/8/24 18:04,Batch 1 · Blank (0)
397,21.75,67.71,0,2026/8/24 18:05,Batch 1 · Blank (0)
397,21.74,66.67,0,2026/8/24 18:06,Batch 1 · Blank (0)
397,21.7,66.8,0,2026/8/24 18:07,Batch 1 · Blank (0)
398,21.63,66.21,0,2026/8/24 18:08,Batch 1 · Blank (0)
401,21.54,66.41,0,2026/8/24 18:09,Batch 1 · Blank (0)
399,21.54,65.93,0,2026/8/24 18:10,Batch 1 · Blank (0)
403,21.49,65.62,0,2026/8/24 18:11,Batch 1 · Blank (0)
404,21.5,64.87,0,2026/8/24 18:12,Batch 1 · Blank (0)
404,21.49,64.75,0,2026/8/24 18:13,Batch 1 · Blank (0)
406,21.39,61.72,0,2026/8/24 18:14,Batch 1 · Blank (0)
411,21.14,63.42,0,2026/8/24 18:15,Batch 1 · Blank (0)
413,20.97,64.62,0,2026/8/24 18:16,Batch 1 · Blank (0)
414,20.98,65.07,0,2026/8/24 18:17,Batch 1 · Blank (0)
413,21.07,65.53,0,2026/8/24 18:18,Batch 1 · Blank (0)
413,21.22,65.82,0,2026/8/24 18:19,Batch 1 · Blank (0)
416,21.24,65.64,0,2026/8/24 18:20,Batch 1 · Blank (0)
417,21.25,65.82,0,2026/8/24 18:21,Batch 1 · Blank (0)
418,21.29,66.17,0,2026/8/24 18:22,Batch 1 · Blank (0)
418,21.35,66.86,0,2026/8/24 18:23,Batch 1 · Blank (0)
417,21.43,66.87,0,2026/8/24 18:24,Batch 1 · Blank (0)
421,21.43,66.86,0,2026/8/24 18:25,Batch 1 · Blank (0)
424,21.43,66.84,0,2026/8/24 18:26,Batch 1 · Blank (0)
422,21.49,67.63,0,2026/8/24 18:27,Batch 1 · Blank (0)
421,21.54,67.74,0,2026/8/24 18:28,Batch 1 · Blank (0)
421,21.66,68.12,0,2026/8/24 18:29,Batch 1 · Blank (0)
422,21.74,67.72,0,2026/8/24 18:30,Batch 1 · Blank (0)
425,21.74,67.46,0,2026/8/24 18:31,Batch 1 · Blank (0)
428,21.7,67.3,0,2026/8/24 18:32,Batch 1 · Blank (0)
431,21.67,67.49,0,2026/8/24 18:33,Batch 1 · Blank (0)
431,21.68,67.88,0,2026/8/24 18:34,Batch 1 · Blank (0)
428,21.78,68.03,0,2026/8/24 18:35,Batch 1 · Blank (0)
431,21.75,67.61,0,2026/8/24 18:36,Batch 1 · Blank (0)
436,21.73,67.61,0,2026/8/24 18:37,Batch 1 · Blank (0)
437,21.77,67.73,0,2026/8/24 18:38,Batch 1 · Blank (0)
435,21.77,67.29,0,2026/8/24 18:39,Batch 1 · Blank (0)
435,21.73,66.91,0,2026/8/24 18:40,Batch 1 · Blank (0)
437,21.74,66.96,0,2026/8/24 18:42,Batch 1 · Blank (0)
437,21.71,66.76,0,2026/8/24 18:43,Batch 1 · Blank (0)
439,21.67,66.1,0,2026/8/24 18:44,Batch 1 · Blank (0)
440,21.6,66.04,0,2026/8/24 18:45,Batch 1 · Blank (0)
441,21.6,65.3,0,2026/8/24 18:46,Batch 1 · Blank (0)
441,21.57,65.3,0,2026/8/24 18:47,Batch 1 · Blank (0)
439,21.54,65.14,0,2026/8/24 18:48,Batch 1 · Blank (0)
440,21.51,64.34,0,2026/8/24 18:49,Batch 1 · Blank (0)
442,21.44,64.72,0,2026/8/24 18:50,Batch 1 · Blank (0)
447,21.47,65.11,0,2026/8/24 18:51,Batch 1 · Blank (0)
450,21.53,64.49,0,2026/8/24 18:52,Batch 1 · Blank (0)
445,21.4,64.94,0,2026/8/24 18:53,Batch 1 · Blank (0)
444,21.36,64.84,0,2026/8/24 18:54,Batch 1 · Blank (0)
445,21.29,65.12,0,2026/8/24 18:55,Batch 1 · Blank (0)
447,21.25,64.49,0,2026/8/24 18:56,Batch 1 · Blank (0)
447,21.17,64.68,0,2026/8/24 18:57,Batch 1 · Blank (0)
446,21.15,66.13,0,2026/8/24 18:58,Batch 1 · Blank (0)
443,21.18,66.98,0,2026/8/24 18:59,Batch 1 · Blank (0)
442,21.22,67.19,0,2026/8/24 19:00,Batch 1 · Blank (0)
443,21.22,66.95,0,2026/8/24 19:01,Batch 1 · Blank (0)
442,21.24,67.78,0,2026/8/24 19:02,Batch 1 · Blank (0)
440,21.26,67.8,0,2026/8/24 19:03,Batch 1 · Blank (0)
441,21.29,67.81,0,2026/8/24 19:04,Batch 1 · Blank (0)
438,21.28,68.07,0,2026/8/24 19:05,Batch 1 · Blank (0)
437,21.29,68.3,0,2026/8/24 19:06,Batch 1 · Blank (0)
439,21.31,68.7,0,2026/8/24 19:07,Batch 1 · Blank (0)
436,21.33,68.76,0,2026/8/24 19:08,Batch 1 · Blank (0)
435,21.35,69.18,0,2026/8/24 19:09,Batch 1 · Blank (0)
434,21.44,69.55,0,2026/8/24 19:10,Batch 1 · Blank (0)
433,21.43,68.78,0,2026/8/24 19:11,Batch 1 · Blank (0)
433,21.38,68.82,0,2026/8/24 19:12,Batch 1 · Blank (0)
435,21.36,68.81,0,2026/8/24 19:13,Batch 1 · Blank (0)
438,21.38,69.21,0,2026/8/24 19:14,Batch 1 · Blank (0)
439,21.25,67.5,0,2026/8/24 19:15,Batch 1 · Blank (0)
438,21.15,67.77,0,2026/8/24 19:16,Batch 1 · Blank (0)
440,21.07,67.75,0,2026/8/24 19:17,Batch 1 · Blank (0)
442,21.05,67.44,0,2026/8/24 19:18,Batch 1 · Blank (0)
444,21.07,67.35,0,2026/8/24 19:19,Batch 1 · Blank (0)
444,21.15,67.42,0,2026/8/24 19:20,Batch 1 · Blank (0)
443,21.17,66.32,0,2026/8/24 19:21,Batch 1 · Blank (0)
446,21.12,66.87,0,2026/8/24 19:22,Batch 1 · Blank (0)
449,21.12,67.05,0,2026/8/24 19:23,Batch 1 · Blank (0)
449,21.19,66.88,0,2026/8/24 19:24,Batch 1 · Blank (0)
449,21.19,66.77,0,2026/8/24 19:25,Batch 1 · Blank (0)
448,21.24,66.91,0,2026/8/24 19:26,Batch 1 · Blank (0)
450,21.21,66.73,0,2026/8/24 19:27,Batch 1 · Blank (0)
450,21.21,66.78,0,2026/8/24 19:28,Batch 1 · Blank (0)
452,21.24,66.51,0,2026/8/24 19:29,Batch 1 · Blank (0)
455,21.26,66.45,0,2026/8/24 19:30,Batch 1 · Blank (0)
454,21.29,66.44,0,2026/8/24 19:31,Batch 1 · Blank (0)
456,21.28,66.4,0,2026/8/24 19:32,Batch 1 · Blank (0)
459,21.26,66.7,0,2026/8/24 19:33,Batch 1 · Blank (0)
463,21.29,66.46,0,2026/8/24 19:34,Batch 1 · Blank (0)
463,21.26,66.34,0,2026/8/24 19:35,Batch 1 · Blank (0)
462,21.26,66.44,0,2026/8/24 19:36,Batch 1 · Blank (0)
462,21.32,66.79,0,2026/8/24 19:37,Batch 1 · Blank (0)
461,21.4,67.18,0,2026/8/24 19:38,Batch 1 · Blank (0)
461,21.43,66.98,0,2026/8/24 19:39,Batch 1 · Blank (0)
463,21.42,66.72,0,2026/8/24 19:40,Batch 1 · Blank (0)
465,21.43,66.76,0,2026/8/24 19:41,Batch 1 · Blank (0)
466,21.43,66.72,0,2026/8/24 19:42,Batch 1 · Blank (0)
468,21.38,66.57,0,2026/8/24 19:43,Batch 1 · Blank (0)
470,21.35,66.94,0,2026/8/24 19:44,Batch 1 · Blank (0)
469,21.38,66.53,0,2026/8/24 19:45,Batch 1 · Blank (0)
470,21.4,66.09,0,2026/8/24 19:46,Batch 1 · Blank (0)
472,21.4,66.67,0,2026/8/24 19:47,Batch 1 · Blank (0)
472,21.44,66.94,0,2026/8/24 19:48,Batch 1 · Blank (0)
471,21.53,66.67,0,2026/8/24 19:49,Batch 1 · Blank (0)
473,21.56,66.72,0,2026/8/24 19:50,Batch 1 · Blank (0)
472,21.6,66.64,0,2026/8/24 19:51,Batch 1 · Blank (0)
474,21.54,66.77,0,2026/8/24 19:52,Batch 1 · Blank (0)
475,21.53,67.18,0,2026/8/24 19:53,Batch 1 · Blank (0)
476,21.54,66.83,0,2026/8/24 19:54,Batch 1 · Blank (0)
477,21.51,67.01,0,2026/8/24 19:55,Batch 1 · Blank (0)
479,21.47,67.24,0,2026/8/24 19:56,Batch 1 · Blank (0)
481,21.49,67.43,0,2026/8/24 19:57,Batch 1 · Blank (0)
480,21.46,67.33,0,2026/8/24 19:58,Batch 1 · Blank (0)
481,21.51,66.72,0,2026/8/24 19:59,Batch 1 · Blank (0)
482,21.47,66.39,0,2026/8/24 20:00,Batch 1 · Blank (0)
484,21.46,66.09,0,2026/8/24 20:01,Batch 1 · Blank (0)
481,21.44,66.29,0,2026/8/24 20:02,Batch 1 · Blank (0)
481,21.46,65.76,0,2026/8/24 20:03,Batch 1 · Blank (0)
483,21.42,65.37,0,2026/8/24 20:04,Batch 1 · Blank (0)
487,21.31,64.5,0,2026/8/24 20:05,Batch 1 · Blank (0)
486,21.28,66.94,0,2026/8/24 20:06,Batch 1 · Blank (0)
483,21.19,66.15,0,2026/8/24 20:07,Batch 1 · Blank (0)
480,21.19,65.98,0,2026/8/24 20:08,Batch 1 · Blank (0)
479,21.19,65.5,0,2026/8/24 20:09,Batch 1 · Blank (0)
481,21.17,65.1,0,2026/8/24 20:10,Batch 1 · Blank (0)
482,21.18,64.75,0,2026/8/24 20:11,Batch 1 · Blank (0)
484,21.12,64.16,0,2026/8/24 20:12,Batch 1 · Blank (0)
484,21.09,63.68,0,2026/8/24 20:14,Batch 1 · Blank (0)
485,21.01,63.36,0,2026/8/24 20:15,Batch 1 · Blank (0)
483,20.95,63.08,0,2026/8/24 20:16,Batch 1 · Blank (0)
483,20.84,61.78,0,2026/8/24 20:17,Batch 1 · Blank (0)
487,20.68,62.32,0,2026/8/24 20:18,Batch 1 · Blank (0)
490,20.48,62.62,0,2026/8/24 20:19,Batch 1 · Blank (0)
493,20.48,63.34,0,2026/8/24 20:20,Batch 1 · Blank (0)
492,20.5,63.59,0,2026/8/24 20:21,Batch 1 · Blank (0)
487,20.63,63.75,0,2026/8/24 20:22,Batch 1 · Blank (0)
486,20.7,64.31,0,2026/8/24 20:23,Batch 1 · Blank (0)
487,20.76,64.08,0,2026/8/24 20:24,Batch 1 · Blank (0)
487,20.84,64.37,0,2026/8/24 20:25,Batch 1 · Blank (0)
487,20.83,64.23,0,2026/8/24 20:26,Batch 1 · Blank (0)
489,20.74,64.16,0,2026/8/24 20:27,Batch 1 · Blank (0)
491,20.79,65.06,0,2026/8/24 20:28,Batch 1 · Blank (0)
491,20.84,64.98,0,2026/8/24 20:29,Batch 1 · Blank (0)
492,20.93,65.03,0,2026/8/24 20:30,Batch 1 · Blank (0)
489,20.9,65.58,0,2026/8/24 20:31,Batch 1 · Blank (0)
490,20.84,65.68,0,2026/8/24 20:32,Batch 1 · Blank (0)
490,20.86,66.04,0,2026/8/24 20:33,Batch 1 · Blank (0)
491,20.84,65.79,0,2026/8/24 20:34,Batch 1 · Blank (0)
493,20.8,66.02,0,2026/8/24 20:35,Batch 1 · Blank (0)
493,20.77,66.69,0,2026/8/24 20:36,Batch 1 · Blank (0)
494,20.8,66.89,0,2026/8/24 20:37,Batch 1 · Blank (0)
494,20.93,67.12,0,2026/8/24 20:38,Batch 1 · Blank (0)
491,21.08,67.51,0,2026/8/24 20:39,Batch 1 · Blank (0)
484,21.28,67.34,0,2026/8/24 20:40,Batch 1 · Blank (0)
483,21.42,67.19,0,2026/8/24 20:41,Batch 1 · Blank (0)
480,21.57,67.61,0,2026/8/24 20:42,Batch 1 · Blank (0)
479,21.7,67.91,0,2026/8/24 20:43,Batch 1 · Blank (0)
473,21.82,68.37,0,2026/8/24 20:44,Batch 1 · Blank (0)
467,21.91,68.17,0,2026/8/24 20:45,Batch 1 · Blank (0)
465,21.99,68.01,0,2026/8/24 20:46,Batch 1 · Blank (0)
464,22.06,67.65,0,2026/8/24 20:47,Batch 1 · Blank (0)
462,22.1,67.17,0,2026/8/24 20:48,Batch 1 · Blank (0)
463,22.14,66.93,0,2026/8/24 20:49,Batch 1 · Blank (0)
462,22.2,66.94,0,2026/8/24 20:50,Batch 1 · Blank (0)
462,22.25,66.52,0,2026/8/24 20:51,Batch 1 · Blank (0)
462,22.29,65.57,0,2026/8/24 20:52,Batch 1 · Blank (0)
465,22.3,65.07,0,2026/8/24 20:53,Batch 1 · Blank (0)
467,22.3,64.82,0,2026/8/24 20:54,Batch 1 · Blank (0)
466,22.31,64.71,0,2026/8/24 20:55,Batch 1 · Blank (0)
468,22.34,64.48,0,2026/8/24 20:56,Batch 1 · Blank (0)
469,22.38,64.16,0,2026/8/24 20:57,Batch 1 · Blank (0)
469,22.3,64,0,2026/8/24 20:58,Batch 1 · Blank (0)
470,22.13,65,0,2026/8/24 20:59,Batch 1 · Blank (0)
470,21.88,66.04,0,2026/8/24 21:00,Batch 1 · Blank (0)
476,21.6,67.3,0,2026/8/24 21:01,Batch 1 · Blank (0)
477,21.49,68.42,0,2026/8/24 21:02,Batch 1 · Blank (0)
472,21.49,68.58,0,2026/8/24 21:03,Batch 1 · Blank (0)
470,21.54,68.74,0,2026/8/24 21:04,Batch 1 · Blank (0)
469,21.54,69.31,0,2026/8/24 21:05,Batch 1 · Blank (0)
469,21.47,69.82,0,2026/8/24 21:06,Batch 1 · Blank (0)
470,21.44,69,0,2026/8/24 21:07,Batch 1 · Blank (0)
472,21.4,68.88,0,2026/8/24 21:08,Batch 1 · Blank (0)
472,21.36,68.26,0,2026/8/24 21:09,Batch 1 · Blank (0)
471,21.31,68.35,0,2026/8/24 21:10,Batch 1 · Blank (0)
470,21.29,67.97,0,2026/8/24 21:11,Batch 1 · Blank (0)
472,21.21,67.7,0,2026/8/24 21:12,Batch 1 · Blank (0)
470,21.15,67.13,0,2026/8/24 21:13,Batch 1 · Blank (0)
473,21.05,66.62,0,2026/8/24 21:14,Batch 1 · Blank (0)
472,20.91,65.8,0,2026/8/24 21:15,Batch 1 · Blank (0)
472,20.8,65.3,0,2026/8/24 21:16,Batch 1 · Blank (0)
473,20.58,64.99,0,2026/8/24 21:17,Batch 1 · Blank (0)
471,20.49,66,0,2026/8/24 21:18,Batch 1 · Blank (0)
466,20.49,66.62,0,2026/8/24 21:19,Batch 1 · Blank (0)
462,20.55,65.93,0,2026/8/24 21:20,Batch 1 · Blank (0)
462,20.61,65.74,0,2026/8/24 21:21,Batch 1 · Blank (0)
459,20.69,65.55,0,2026/8/24 21:22,Batch 1 · Blank (0)
457,20.79,66.16,0,2026/8/24 21:23,Batch 1 · Blank (0)
458,20.76,64.93,0,2026/8/24 21:24,Batch 1 · Blank (0)
458,20.87,65.23,0,2026/8/24 21:25,Batch 1 · Blank (0)
456,20.84,64.3,0,2026/8/24 21:26,Batch 1 · Blank (0)
457,20.81,64.47,0,2026/8/24 21:27,Batch 1 · Blank (0)
456,20.8,64.34,0,2026/8/24 21:28,Batch 1 · Blank (0)
455,20.72,63.89,0,2026/8/24 21:29,Batch 1 · Blank (0)
457,20.73,63.98,0,2026/8/24 21:30,Batch 1 · Blank (0)
456,20.7,64.33,0,2026/8/24 21:31,Batch 1 · Blank (0)
453,20.69,64.12,0,2026/8/24 21:32,Batch 1 · Blank (0)
454,20.68,64.04,0,2026/8/24 21:33,Batch 1 · Blank (0)
453,20.72,63.78,0,2026/8/24 21:34,Batch 1 · Blank (0)
452,20.66,63.23,0,2026/8/24 21:35,Batch 1 · Blank (0)
450,20.65,63.6,0,2026/8/24 21:36,Batch 1 · Blank (0)
448,20.62,63.87,0,2026/8/24 21:38,Batch 1 · Blank (0)
452,20.55,62.74,0,2026/8/24 21:39,Batch 1 · Blank (0)
452,20.5,62.87,0,2026/8/24 21:40,Batch 1 · Blank (0)
449,20.45,62.8,0,2026/8/24 21:41,Batch 1 · Blank (0)
447,20.38,62.29,0,2026/8/24 21:42,Batch 1 · Blank (0)
445,20.37,62.22,0,2026/8/24 21:43,Batch 1 · Blank (0)
444,20.27,62.38,0,2026/8/24 21:44,Batch 1 · Blank (0)
443,20.31,62.5,0,2026/8/24 21:45,Batch 1 · Blank (0)
442,20.25,62.56,0,2026/8/24 21:46,Batch 1 · Blank (0)
441,20.27,61.75,0,2026/8/24 21:47,Batch 1 · Blank (0)
443,20.25,61.72,0,2026/8/24 21:48,Batch 1 · Blank (0)
441,20.27,62.31,0,2026/8/24 21:49,Batch 1 · Blank (0)
441,20.28,62.52,0,2026/8/24 21:50,Batch 1 · Blank (0)
440,20.28,62.58,0,2026/8/24 21:51,Batch 1 · Blank (0)
438,20.3,62.09,0,2026/8/24 21:52,Batch 1 · Blank (0)
440,20.28,61.69,0,2026/8/24 21:53,Batch 1 · Blank (0)
440,20.27,62.43,0,2026/8/24 21:54,Batch 1 · Blank (0)
440,20.23,61.62,0,2026/8/24 21:55,Batch 1 · Blank (0)
440,20.23,61.86,0,2026/8/24 21:56,Batch 1 · Blank (0)
441,20.27,62.67,0,2026/8/24 21:57,Batch 1 · Blank (0)
440,20.3,62.06,0,2026/8/24 21:58,Batch 1 · Blank (0)
439,20.24,61.52,0,2026/8/24 21:59,Batch 1 · Blank (0)
439,20.24,62.09,0,2026/8/24 22:00,Batch 1 · Blank (0)
438,20.27,61.85,0,2026/8/24 22:01,Batch 1 · Blank (0)
438,20.35,61.68,0,2026/8/24 22:02,Batch 1 · Blank (0)
438,20.35,61.31,0,2026/8/24 22:03,Batch 1 · Blank (0)
438,20.35,61.39,0,2026/8/24 22:04,Batch 1 · Blank (0)
439,20.35,61.56,0,2026/8/24 22:05,Batch 1 · Blank (0)
435,20.41,61.88,0,2026/8/24 22:06,Batch 1 · Blank (0)
434,20.45,62.26,0,2026/8/24 22:07,Batch 1 · Blank (0)
433,20.44,61.39,0,2026/8/24 22:08,Batch 1 · Blank (0)
434,20.42,60.94,0,2026/8/24 22:09,Batch 1 · Blank (0)
434,20.41,61.81,0,2026/8/24 22:10,Batch 1 · Blank (0)
433,20.45,62,0,2026/8/24 22:11,Batch 1 · Blank (0)
432,20.46,60.9,0,2026/8/24 22:12,Batch 1 · Blank (0)
432,20.45,60.86,0,2026/8/24 22:13,Batch 1 · Blank (0)
433,20.38,61.4,0,2026/8/24 22:14,Batch 1 · Blank (0)
433,20.35,61.41,0,2026/8/24 22:15,Batch 1 · Blank (0)
435,20.4,61.18,0,2026/8/24 22:16,Batch 1 · Blank (0)
433,20.34,60.44,0,2026/8/24 22:17,Batch 1 · Blank (0)
435,20.18,59.69,0,2026/8/24 22:18,Batch 1 · Blank (0)
436,20.09,60.33,0,2026/8/24 22:19,Batch 1 · Blank (0)
434,20,60.79,0,2026/8/24 22:20,Batch 1 · Blank (0)
432,20.06,61.18,0,2026/8/24 22:21,Batch 1 · Blank (0)
430,20.11,61.41,0,2026/8/24 22:22,Batch 1 · Blank (0)
430,20.21,61.92,0,2026/8/24 22:23,Batch 1 · Blank (0)
426,20.37,61.86,0,2026/8/24 22:24,Batch 1 · Blank (0)
425,20.42,61.63,0,2026/8/24 22:25,Batch 1 · Blank (0)
425,20.48,61.87,0,2026/8/24 22:26,Batch 1 · Blank (0)
427,20.49,61.94,0,2026/8/24 22:27,Batch 1 · Blank (0)
428,20.52,61.55,0,2026/8/24 22:28,Batch 1 · Blank (0)
429,20.58,62.12,0,2026/8/24 22:29,Batch 1 · Blank (0)
427,20.59,62.09,0,2026/8/24 22:30,Batch 1 · Blank (0)
427,20.61,61.81,0,2026/8/24 22:31,Batch 1 · Blank (0)
426,20.61,61.65,0,2026/8/24 22:32,Batch 1 · Blank (0)
428,20.58,61.6,0,2026/8/24 22:33,Batch 1 · Blank (0)
427,20.56,62.44,0,2026/8/24 22:34,Batch 1 · Blank (0)
427,20.58,61.99,0,2026/8/24 22:35,Batch 1 · Blank (0)
429,20.56,61.38,0,2026/8/24 22:36,Batch 1 · Blank (0)
430,20.53,61.82,0,2026/8/24 22:37,Batch 1 · Blank (0)
428,20.55,62.1,0,2026/8/24 22:38,Batch 1 · Blank (0)
429,20.56,61.76,0,2026/8/24 22:39,Batch 1 · Blank (0)
428,20.66,61.58,0,2026/8/24 22:40,Batch 1 · Blank (0)
425,20.8,61.3,0,2026/8/24 22:41,Batch 1 · Blank (0)
422,20.98,61.03,0,2026/8/24 22:42,Batch 1 · Blank (0)
421,21.19,60.91,0,2026/8/24 22:43,Batch 1 · Blank (0)
417,21.39,60.69,0,2026/8/24 22:44,Batch 1 · Blank (0)
418,21.57,60.84,0,2026/8/24 22:45,Batch 1 · Blank (0)
416,21.71,60.9,0,2026/8/24 22:46,Batch 1 · Blank (0)
416,21.88,60.35,0,2026/8/24 22:47,Batch 1 · Blank (0)
416,22.03,60.21,0,2026/8/24 22:48,Batch 1 · Blank (0)
414,22.16,60.42,0,2026/8/24 22:49,Batch 1 · Blank (0)
411,22.29,60.11,0,2026/8/24 22:50,Batch 1 · Blank (0)
410,22.41,60.29,0,2026/8/24 22:51,Batch 1 · Blank (0)
410,22.52,60.53,0,2026/8/24 22:52,Batch 1 · Blank (0)
409,22.62,59.8,0,2026/8/24 22:53,Batch 1 · Blank (0)
409,22.72,59.95,0,2026/8/24 22:55,Batch 1 · Blank (0)
407,22.82,60.16,0,2026/8/24 22:56,Batch 1 · Blank (0)
404,22.93,60.08,0,2026/8/24 22:57,Batch 1 · Blank (0)
404,23.01,60.29,0,2026/8/24 22:58,Batch 1 · Blank (0)
405,23.1,60.6,0,2026/8/24 22:59,Batch 1 · Blank (0)
404,23.2,60.75,0,2026/8/24 23:00,Batch 1 · Blank (0)
402,23.28,61.11,0,2026/8/24 23:01,Batch 1 · Blank (0)
402,23.34,61.19,0,2026/8/24 23:02,Batch 1 · Blank (0)
401,23.39,60.89,0,2026/8/24 23:03,Batch 1 · Blank (0)
401,23.49,60.39,0,2026/8/24 23:04,Batch 1 · Blank (0)
401,23.59,61.31,0,2026/8/24 23:05,Batch 1 · Blank (0)
398,23.64,61.67,0,2026/8/24 23:06,Batch 1 · Blank (0)
396,23.71,61.42,0,2026/8/24 23:07,Batch 1 · Blank (0)
396,23.76,61.19,0,2026/8/24 23:08,Batch 1 · Blank (0)
396,23.83,61.65,0,2026/8/24 23:09,Batch 1 · Blank (0)
392,23.91,62.16,0,2026/8/24 23:10,Batch 1 · Blank (0)
389,23.95,62.15,0,2026/8/24 23:11,Batch 1 · Blank (0)
389,24.01,62.49,0,2026/8/24 23:12,Batch 1 · Blank (0)
388,24.04,62.36,0,2026/8/24 23:13,Batch 1 · Blank (0)
389,24.11,62.7,0,2026/8/24 23:14,Batch 1 · Blank (0)
391,24.15,62.6,0,2026/8/24 23:15,Batch 1 · Blank (0)
391,24.18,62.84,0,2026/8/24 23:16,Batch 1 · Blank (0)
389,24.25,63.16,0,2026/8/24 23:17,Batch 1 · Blank (0)
388,24.29,62.98,0,2026/8/24 23:18,Batch 1 · Blank (0)
388,24.32,63.04,0,2026/8/24 23:19,Batch 1 · Blank (0)
388,24.34,63.01,0,2026/8/24 23:20,Batch 1 · Blank (0)
389,24.42,63.58,0,2026/8/24 23:21,Batch 1 · Blank (0)
387,24.49,63.86,0,2026/8/24 23:22,Batch 1 · Blank (0)
385,24.5,63.79,0,2026/8/24 23:23,Batch 1 · Blank (0)
385,24.54,63.9,0,2026/8/24 23:24,Batch 1 · Blank (0)
384,24.61,64.37,0,2026/8/24 23:25,Batch 1 · Blank (0)
382,24.61,64.53,0,2026/8/24 23:26,Batch 1 · Blank (0)
381,24.64,64.57,0,2026/8/24 23:27,Batch 1 · Blank (0)
381,24.7,64.86,0,2026/8/24 23:28,Batch 1 · Blank (0)
380,24.72,64.57,0,2026/8/24 23:29,Batch 1 · Blank (0)
382,24.75,64.45,0,2026/8/24 23:30,Batch 1 · Blank (0)
383,24.77,64.36,0,2026/8/24 23:31,Batch 1 · Blank (0)
385,24.8,63.89,0,2026/8/24 23:32,Batch 1 · Blank (0)
383,24.85,64.16,0,2026/8/24 23:33,Batch 1 · Blank (0)
382,24.91,64.43,0,2026/8/24 23:34,Batch 1 · Blank (0)
379,24.95,64.75,0,2026/8/24 23:35,Batch 1 · Blank (0)
380,24.95,64.55,0,2026/8/24 23:36,Batch 1 · Blank (0)
379,24.98,64.79,0,2026/8/24 23:37,Batch 1 · Blank (0)
378,25.02,65.05,0,2026/8/24 23:38,Batch 1 · Blank (0)
378,25.06,65.19,0,2026/8/24 23:39,Batch 1 · Blank (0)
377,25.09,65.3,0,2026/8/24 23:40,Batch 1 · Blank (0)
377,25.13,65.34,0,2026/8/24 23:41,Batch 1 · Blank (0)
376,25.15,65.62,0,2026/8/24 23:42,Batch 1 · Blank (0)
375,25.16,65.56,0,2026/8/24 23:43,Batch 1 · Blank (0)
376,25.17,65.42,0,2026/8/24 23:44,Batch 1 · Blank (0)
376,25.19,65.39,0,2026/8/24 23:45,Batch 1 · Blank (0)
374,25.23,65.74,0,2026/8/24 23:46,Batch 1 · Blank (0)
374,25.26,65.17,0,2026/8/24 23:47,Batch 1 · Blank (0)
373,25.26,65.29,0,2026/8/24 23:48,Batch 1 · Blank (0)
372,25.31,65.91,0,2026/8/24 23:49,Batch 1 · Blank (0)
371,25.34,65.58,0,2026/8/24 23:50,Batch 1 · Blank (0)
371,25.31,65.53,0,2026/8/24 23:51,Batch 1 · Blank (0)
373,25.37,65.67,0,2026/8/24 23:52,Batch 1 · Blank (0)
372,25.38,66.12,0,2026/8/24 23:53,Batch 1 · Blank (0)
371,25.43,66.03,0,2026/8/24 23:54,Batch 1 · Blank (0)
370,25.43,66.12,0,2026/8/24 23:55,Batch 1 · Blank (0)
370,25.47,65.92,0,2026/8/24 23:56,Batch 1 · Blank (0)
370,25.48,65.43,0,2026/8/24 23:57,Batch 1 · Blank (0)
368,25.5,66.18,0,2026/8/24 23:58,Batch 1 · Blank (0)
369,25.52,66.31,0,2026/8/24 23:59,Batch 1 · Blank (0)
372,25.54,65.97,0,2026/8/25 0:00,Batch 1 · Blank (0)
371,25.55,66.32,0,2026/8/25 0:01,Batch 1 · Blank (0)
370,25.57,66.16,0,2026/8/25 0:02,Batch 1 · Blank (0)
370,25.62,66.19,0,2026/8/25 0:03,Batch 1 · Blank (0)
369,25.64,66.04,0,2026/8/25 0:05,Batch 1 · Blank (0)
369,25.64,66.46,0,2026/8/25 0:06,Batch 1 · Blank (0)
370,25.65,65.8,0,2026/8/25 0:07,Batch 1 · Blank (0)
368,25.71,66.35,0,2026/8/25 0:08,Batch 1 · Blank (0)
369,25.68,66.33,0,2026/8/25 0:09,Batch 1 · Blank (0)
371,25.72,66.46,0,2026/8/25 0:10,Batch 1 · Blank (0)
368,25.72,66.38,0,2026/8/25 0:11,Batch 1 · Blank (0)
367,25.73,66.33,0,2026/8/25 0:12,Batch 1 · Blank (0)
368,25.72,65.93,0,2026/8/25 0:13,Batch 1 · Blank (0)
369,25.76,66.65,0,2026/8/25 0:14,Batch 1 · Blank (0)
367,25.79,66.29,0,2026/8/25 0:15,Batch 1 · Blank (0)
366,25.82,66.45,0,2026/8/25 0:16,Batch 1 · Blank (0)
366,25.83,66.12,0,2026/8/25 0:17,Batch 1 · Blank (0)
366,25.85,66.42,0,2026/8/25 0:18,Batch 1 · Blank (0)
366,25.89,66.28,0,2026/8/25 0:19,Batch 1 · Blank (0)
366,25.89,66.6,0,2026/8/25 0:20,Batch 1 · Blank (0)
366,25.94,67.02,0,2026/8/25 0:21,Batch 1 · Blank (0)
367,25.93,66.67,0,2026/8/25 0:22,Batch 1 · Blank (0)
369,25.91,66.18,0,2026/8/25 0:23,Batch 1 · Blank (0)
366,25.97,67.37,0,2026/8/25 0:24,Batch 1 · Blank (0)
367,25.97,67.11,0,2026/8/25 0:25,Batch 1 · Blank (0)
368,25.97,67.34,0,2026/8/25 0:26,Batch 1 · Blank (0)
367,25.98,67.38,0,2026/8/25 0:27,Batch 1 · Blank (0)
365,26,67.1,0,2026/8/25 0:28,Batch 1 · Blank (0)
366,26.01,67.16,0,2026/8/25 0:29,Batch 1 · Blank (0)
367,26.01,66.89,0,2026/8/25 0:30,Batch 1 · Blank (0)
367,26.06,67.56,0,2026/8/25 0:31,Batch 1 · Blank (0)
366,26.06,67.45,0,2026/8/25 0:32,Batch 1 · Blank (0)
367,26.07,67.58,0,2026/8/25 0:33,Batch 1 · Blank (0)
366,26.07,67.34,0,2026/8/25 0:34,Batch 1 · Blank (0)
365,26.11,67.34,0,2026/8/25 0:35,Batch 1 · Blank (0)
365,26.11,67.36,0,2026/8/25 0:36,Batch 1 · Blank (0)
365,26.15,67.61,0,2026/8/25 0:37,Batch 1 · Blank (0)
364,26.11,67.39,0,2026/8/25 0:38,Batch 1 · Blank (0)
363,26.17,67.74,0,2026/8/25 0:39,Batch 1 · Blank (0)
364,26.17,67.6,0,2026/8/25 0:40,Batch 1 · Blank (0)
367,26.18,67.97,0,2026/8/25 0:41,Batch 1 · Blank (0)
365,26.2,67.67,0,2026/8/25 0:42,Batch 1 · Blank (0)
364,26.18,67.57,0,2026/8/25 0:43,Batch 1 · Blank (0)
365,26.2,67.62,0,2026/8/25 0:44,Batch 1 · Blank (0)
363,26.22,67.57,0,2026/8/25 0:45,Batch 1 · Blank (0)
362,26.25,67.87,0,2026/8/25 0:46,Batch 1 · Blank (0)
363,26.27,68.13,0,2026/8/25 0:47,Batch 1 · Blank (0)
362,26.27,67.85,0,2026/8/25 0:48,Batch 1 · Blank (0)
362,26.27,67.88,0,2026/8/25 0:49,Batch 1 · Blank (0)
365,26.28,67.66,0,2026/8/25 0:50,Batch 1 · Blank (0)
362,26.31,67.75,0,2026/8/25 0:51,Batch 1 · Blank (0)
362,26.32,67.67,0,2026/8/25 0:52,Batch 1 · Blank (0)
363,26.34,67.55,0,2026/8/25 0:53,Batch 1 · Blank (0)
363,26.34,67.62,0,2026/8/25 0:54,Batch 1 · Blank (0)
362,26.36,67.85,0,2026/8/25 0:55,Batch 1 · Blank (0)
363,26.32,67.69,0,2026/8/25 0:56,Batch 1 · Blank (0)
364,26.38,67.77,0,2026/8/25 0:57,Batch 1 · Blank (0)
362,26.39,67.55,0,2026/8/25 0:58,Batch 1 · Blank (0)
362,26.41,67.85,0,2026/8/25 0:59,Batch 1 · Blank (0)
363,26.44,68,0,2026/8/25 1:00,Batch 1 · Blank (0)
365,26.46,68.61,0,2026/8/25 1:01,Batch 1 · Blank (0)
363,26.45,68.58,0,2026/8/25 1:02,Batch 1 · Blank (0)
363,26.48,68.28,0,2026/8/25 1:03,Batch 1 · Blank (0)
363,26.48,68.43,0,2026/8/25 1:04,Batch 1 · Blank (0)
361,26.46,68.25,0,2026/8/25 1:05,Batch 1 · Blank (0)
362,26.5,68.29,0,2026/8/25 1:06,Batch 1 · Blank (0)
362,26.5,68.15,0,2026/8/25 1:07,Batch 1 · Blank (0)
361,26.52,68,0,2026/8/25 1:08,Batch 1 · Blank (0)
361,26.5,68.13,0,2026/8/25 1:09,Batch 1 · Blank (0)
361,26.5,68.29,0,2026/8/25 1:10,Batch 1 · Blank (0)
360,26.56,68,0,2026/8/25 1:11,Batch 1 · Blank (0)
361,26.54,67.85,0,2026/8/25 1:13,Batch 1 · Blank (0)
361,26.53,67.72,0,2026/8/25 1:14,Batch 1 · Blank (0)
360,26.57,68.08,0,2026/8/25 1:15,Batch 1 · Blank (0)
359,26.57,67.95,0,2026/8/25 1:16,Batch 1 · Blank (0)
362,26.56,68.32,0,2026/8/25 1:17,Batch 1 · Blank (0)
360,26.59,68.07,0,2026/8/25 1:18,Batch 1 · Blank (0)
361,26.6,68.21,0,2026/8/25 1:19,Batch 1 · Blank (0)
360,26.63,68.18,0,2026/8/25 1:20,Batch 1 · Blank (0)
360,26.62,67.99,0,2026/8/25 1:21,Batch 1 · Blank (0)
361,26.63,68.1,0,2026/8/25 1:22,Batch 1 · Blank (0)
359,26.65,68.04,0,2026/8/25 1:23,Batch 1 · Blank (0)
362,26.66,67.93,0,2026/8/25 1:24,Batch 1 · Blank (0)
363,26.67,68.17,0,2026/8/25 1:25,Batch 1 · Blank (0)
362,26.69,68.27,0,2026/8/25 1:26,Batch 1 · Blank (0)
361,26.73,68.17,0,2026/8/25 1:27,Batch 1 · Blank (0)
361,26.73,68.17,0,2026/8/25 1:28,Batch 1 · Blank (0)
361,26.72,68.34,0,2026/8/25 1:29,Batch 1 · Blank (0)
360,26.74,68.21,0,2026/8/25 1:30,Batch 1 · Blank (0)
361,26.76,68.39,0,2026/8/25 1:31,Batch 1 · Blank (0)
362,26.74,68.24,0,2026/8/25 1:32,Batch 1 · Blank (0)
361,26.76,68.13,0,2026/8/25 1:33,Batch 1 · Blank (0)
362,26.79,68.43,0,2026/8/25 1:34,Batch 1 · Blank (0)
363,26.77,68.16,0,2026/8/25 1:35,Batch 1 · Blank (0)
362,26.81,68.3,0,2026/8/25 1:36,Batch 1 · Blank (0)
362,26.79,68.31,0,2026/8/25 1:37,Batch 1 · Blank (0)
362,26.8,68.42,0,2026/8/25 1:38,Batch 1 · Blank (0)
362,26.81,68.53,0,2026/8/25 1:39,Batch 1 · Blank (0)
362,26.84,68.53,0,2026/8/25 1:40,Batch 1 · Blank (0)
362,26.81,68.49,0,2026/8/25 1:41,Batch 1 · Blank (0)
362,26.81,68.1,0,2026/8/25 1:42,Batch 1 · Blank (0)
360,26.83,68.07,0,2026/8/25 1:43,Batch 1 · Blank (0)
363,26.83,68.09,0,2026/8/25 1:44,Batch 1 · Blank (0)
361,26.84,68.2,0,2026/8/25 1:45,Batch 1 · Blank (0)
357,26.88,68.61,0,2026/8/25 1:46,Batch 1 · Blank (0)
359,26.88,68.68,0,2026/8/25 1:47,Batch 1 · Blank (0)
361,26.87,68.52,0,2026/8/25 1:48,Batch 1 · Blank (0)
362,26.88,68.58,0,2026/8/25 1:49,Batch 1 · Blank (0)
362,26.9,68.39,0,2026/8/25 1:50,Batch 1 · Blank (0)
362,26.88,68.38,0,2026/8/25 1:51,Batch 1 · Blank (0)
360,26.91,68.48,0,2026/8/25 1:52,Batch 1 · Blank (0)
360,26.92,68.3,0,2026/8/25 1:53,Batch 1 · Blank (0)
362,26.94,68.58,0,2026/8/25 1:54,Batch 1 · Blank (0)
362,26.92,68.56,0,2026/8/25 1:55,Batch 1 · Blank (0)
360,26.98,68.58,0,2026/8/25 1:56,Batch 1 · Blank (0)
362,26.97,68.52,0,2026/8/25 1:57,Batch 1 · Blank (0)
361,26.97,68.84,0,2026/8/25 1:58,Batch 1 · Blank (0)
360,26.97,68.8,0,2026/8/25 1:59,Batch 1 · Blank (0)
360,26.99,68.9,0,2026/8/25 2:00,Batch 1 · Blank (0)
363,26.97,68.75,0,2026/8/25 2:01,Batch 1 · Blank (0)
362,26.99,68.69,0,2026/8/25 2:02,Batch 1 · Blank (0)
362,27.01,68.72,0,2026/8/25 2:03,Batch 1 · Blank (0)
362,26.99,68.75,0,2026/8/25 2:04,Batch 1 · Blank (0)
362,27.02,68.75,0,2026/8/25 2:05,Batch 1 · Blank (0)
361,27.04,68.72,0,2026/8/25 2:06,Batch 1 · Blank (0)
361,27.04,68.72,0,2026/8/25 2:07,Batch 1 · Blank (0)
360,27.07,68.63,0,2026/8/25 2:08,Batch 1 · Blank (0)
361,27.04,68.5,0,2026/8/25 2:09,Batch 1 · Blank (0)
360,27.04,68.57,0,2026/8/25 2:10,Batch 1 · Blank (0)
359,27.09,68.76,0,2026/8/25 2:11,Batch 1 · Blank (0)
360,27.08,68.62,0,2026/8/25 2:12,Batch 1 · Blank (0)
363,27.09,68.59,0,2026/8/25 2:13,Batch 1 · Blank (0)
361,27.11,68.93,0,2026/8/25 2:14,Batch 1 · Blank (0)
360,27.09,69.04,0,2026/8/25 2:15,Batch 1 · Blank (0)
360,27.08,68.9,0,2026/8/25 2:17,Batch 1 · Blank (0)
359,27.09,68.91,0,2026/8/25 2:18,Batch 1 · Blank (0)
360,27.09,68.9,0,2026/8/25 2:19,Batch 1 · Blank (0)
360,27.13,68.91,0,2026/8/25 2:20,Batch 1 · Blank (0)
362,27.12,69.11,0,2026/8/25 2:21,Batch 1 · Blank (0)
361,27.12,69.11,0,2026/8/25 2:22,Batch 1 · Blank (0)
362,27.15,69.48,0,2026/8/25 2:23,Batch 1 · Blank (0)
361,27.15,69.22,0,2026/8/25 2:24,Batch 1 · Blank (0)
360,27.11,69.22,0,2026/8/25 2:25,Batch 1 · Blank (0)
363,27.13,68.99,0,2026/8/25 2:26,Batch 1 · Blank (0)
361,27.15,68.82,0,2026/8/25 2:27,Batch 1 · Blank (0)
360,27.15,68.74,0,2026/8/25 2:28,Batch 1 · Blank (0)
358,27.15,68.73,0,2026/8/25 2:29,Batch 1 · Blank (0)
359,27.19,68.7,0,2026/8/25 2:30,Batch 1 · Blank (0)
358,27.16,68.84,0,2026/8/25 2:31,Batch 1 · Blank (0)
359,27.18,68.66,0,2026/8/25 2:32,Batch 1 · Blank (0)
358,27.22,68.8,0,2026/8/25 2:33,Batch 1 · Blank (0)
358,27.21,68.97,0,2026/8/25 2:34,Batch 1 · Blank (0)
359,27.21,68.9,0,2026/8/25 2:35,Batch 1 · Blank (0)
360,27.21,68.6,0,2026/8/25 2:36,Batch 1 · Blank (0)
358,27.23,68.88,0,2026/8/25 2:37,Batch 1 · Blank (0)
357,27.23,68.76,0,2026/8/25 2:38,Batch 1 · Blank (0)
359,27.25,68.73,0,2026/8/25 2:39,Batch 1 · Blank (0)
360,27.23,68.75,0,2026/8/25 2:40,Batch 1 · Blank (0)
360,27.26,68.92,0,2026/8/25 2:41,Batch 1 · Blank (0)
359,27.3,68.97,0,2026/8/25 2:42,Batch 1 · Blank (0)
359,27.29,68.79,0,2026/8/25 2:43,Batch 1 · Blank (0)
360,27.3,69.07,0,2026/8/25 2:44,Batch 1 · Blank (0)
360,27.3,68.97,0,2026/8/25 2:45,Batch 1 · Blank (0)
359,27.29,68.89,0,2026/8/25 2:46,Batch 1 · Blank (0)
361,27.32,69.12,0,2026/8/25 2:47,Batch 1 · Blank (0)
361,27.3,68.81,0,2026/8/25 2:48,Batch 1 · Blank (0)
360,27.33,68.64,0,2026/8/25 2:49,Batch 1 · Blank (0)
359,27.35,68.59,0,2026/8/25 2:50,Batch 1 · Blank (0)
358,27.35,68.61,0,2026/8/25 2:51,Batch 1 · Blank (0)
359,27.35,68.62,0,2026/8/25 2:52,Batch 1 · Blank (0)
358,27.35,68.73,0,2026/8/25 2:53,Batch 1 · Blank (0)
358,27.36,68.7,0,2026/8/25 2:54,Batch 1 · Blank (0)
359,27.36,68.78,0,2026/8/25 2:55,Batch 1 · Blank (0)
361,27.36,68.8,0,2026/8/25 2:56,Batch 1 · Blank (0)
360,27.35,68.6,0,2026/8/25 2:57,Batch 1 · Blank (0)
356,27.37,68.76,0,2026/8/25 2:58,Batch 1 · Blank (0)
357,27.39,68.66,0,2026/8/25 2:59,Batch 1 · Blank (0)
359,27.4,68.7,0,2026/8/25 3:00,Batch 1 · Blank (0)
359,27.39,68.69,0,2026/8/25 3:01,Batch 1 · Blank (0)
360,27.4,68.68,0,2026/8/25 3:02,Batch 1 · Blank (0)
359,27.4,68.71,0,2026/8/25 3:03,Batch 1 · Blank (0)
360,27.42,68.77,0,2026/8/25 3:04,Batch 1 · Blank (0)
358,27.42,68.75,0,2026/8/25 3:05,Batch 1 · Blank (0)
358,27.42,68.79,0,2026/8/25 3:06,Batch 1 · Blank (0)
358,27.44,68.82,0,2026/8/25 3:07,Batch 1 · Blank (0)
358,27.43,68.98,0,2026/8/25 3:08,Batch 1 · Blank (0)
359,27.43,68.96,0,2026/8/25 3:09,Batch 1 · Blank (0)
358,27.43,69.04,0,2026/8/25 3:10,Batch 1 · Blank (0)
358,27.46,68.99,0,2026/8/25 3:11,Batch 1 · Blank (0)
358,27.44,68.98,0,2026/8/25 3:12,Batch 1 · Blank (0)
356,27.46,68.66,0,2026/8/25 3:13,Batch 1 · Blank (0)
358,27.48,68.74,0,2026/8/25 3:14,Batch 1 · Blank (0)
356,27.51,68.64,0,2026/8/25 3:15,Batch 1 · Blank (0)
355,27.51,68.67,0,2026/8/25 3:17,Batch 1 · Blank (0)
358,27.48,68.86,0,2026/8/25 3:18,Batch 1 · Blank (0)
357,27.5,68.72,0,2026/8/25 3:19,Batch 1 · Blank (0)
356,27.51,68.87,0,2026/8/25 3:20,Batch 1 · Blank (0)
355,27.51,68.83,0,2026/8/25 3:21,Batch 1 · Blank (0)
357,27.51,68.68,0,2026/8/25 3:22,Batch 1 · Blank (0)
356,27.54,68.94,0,2026/8/25 3:23,Batch 1 · Blank (0)
359,27.53,68.96,0,2026/8/25 3:24,Batch 1 · Blank (0)
359,27.53,68.8,0,2026/8/25 3:25,Batch 1 · Blank (0)
357,27.53,68.88,0,2026/8/25 3:26,Batch 1 · Blank (0)
359,27.54,69.01,0,2026/8/25 3:27,Batch 1 · Blank (0)
358,27.54,68.97,0,2026/8/25 3:28,Batch 1 · Blank (0)
357,27.53,69.06,0,2026/8/25 3:29,Batch 1 · Blank (0)
357,27.53,68.99,0,2026/8/25 3:30,Batch 1 · Blank (0)
357,27.57,69.07,0,2026/8/25 3:31,Batch 1 · Blank (0)
358,27.55,69.05,0,2026/8/25 3:32,Batch 1 · Blank (0)
358,27.58,69.11,0,2026/8/25 3:33,Batch 1 · Blank (0)
356,27.58,68.96,0,2026/8/25 3:34,Batch 1 · Blank (0)
356,27.58,69.01,0,2026/8/25 3:35,Batch 1 · Blank (0)
357,27.57,68.95,0,2026/8/25 3:36,Batch 1 · Blank (0)
355,27.6,68.83,0,2026/8/25 3:37,Batch 1 · Blank (0)
357,27.63,68.78,0,2026/8/25 3:38,Batch 1 · Blank (0)
358,27.61,68.83,0,2026/8/25 3:39,Batch 1 · Blank (0)
356,27.63,68.72,0,2026/8/25 3:40,Batch 1 · Blank (0)
356,27.64,69.03,0,2026/8/25 3:41,Batch 1 · Blank (0)
357,27.63,68.75,0,2026/8/25 3:42,Batch 1 · Blank (0)
356,27.63,68.65,0,2026/8/25 3:43,Batch 1 · Blank (0)
356,27.64,68.74,0,2026/8/25 3:44,Batch 1 · Blank (0)
358,27.65,68.83,0,2026/8/25 3:45,Batch 1 · Blank (0)
358,27.65,68.9,0,2026/8/25 3:46,Batch 1 · Blank (0)
358,27.65,68.89,0,2026/8/25 3:47,Batch 1 · Blank (0)
358,27.68,69.1,0,2026/8/25 3:48,Batch 1 · Blank (0)
358,27.65,68.8,0,2026/8/25 3:49,Batch 1 · Blank (0)
359,27.67,68.78,0,2026/8/25 3:50,Batch 1 · Blank (0)
358,27.7,69,0,2026/8/25 3:51,Batch 1 · Blank (0)
356,27.67,69.37,0,2026/8/25 3:52,Batch 1 · Blank (0)
359,27.71,69.7,0,2026/8/25 3:53,Batch 1 · Blank (0)
359,27.71,69.71,0,2026/8/25 3:54,Batch 1 · Blank (0)
358,27.68,69.6,0,2026/8/25 3:55,Batch 1 · Blank (0)
358,27.67,69.3,0,2026/8/25 3:56,Batch 1 · Blank (0)
358,27.7,69.41,0,2026/8/25 3:57,Batch 1 · Blank (0)
359,27.68,69.29,0,2026/8/25 3:58,Batch 1 · Blank (0)
359,27.71,69.43,0,2026/8/25 3:59,Batch 1 · Blank (0)
359,27.67,69.5,0,2026/8/25 4:00,Batch 1 · Blank (0)
358,27.65,69.47,0,2026/8/25 4:01,Batch 1 · Blank (0)
357,27.71,69.53,0,2026/8/25 4:02,Batch 1 · Blank (0)
357,27.71,69.36,0,2026/8/25 4:03,Batch 1 · Blank (0)
358,27.71,69.38,0,2026/8/25 4:04,Batch 1 · Blank (0)
359,27.7,69.29,0,2026/8/25 4:05,Batch 1 · Blank (0)
357,27.71,69.45,0,2026/8/25 4:06,Batch 1 · Blank (0)
356,27.71,69.31,0,2026/8/25 4:07,Batch 1 · Blank (0)
355,27.73,69.22,0,2026/8/25 4:08,Batch 1 · Blank (0)
356,27.77,69.44,0,2026/8/25 4:09,Batch 1 · Blank (0)
356,27.74,69.14,0,2026/8/25 4:10,Batch 1 · Blank (0)
354,27.74,69.22,0,2026/8/25 4:11,Batch 1 · Blank (0)
354,27.73,69.1,0,2026/8/25 4:12,Batch 1 · Blank (0)
354,27.75,69.4,0,2026/8/25 4:13,Batch 1 · Blank (0)
356,27.75,69.54,0,2026/8/25 4:15,Batch 1 · Blank (0)
358,27.77,69.44,0,2026/8/25 4:16,Batch 1 · Blank (0)
356,27.77,69.27,0,2026/8/25 4:17,Batch 1 · Blank (0)
357,27.77,69.32,0,2026/8/25 4:18,Batch 1 · Blank (0)
355,27.78,69.49,0,2026/8/25 4:19,Batch 1 · Blank (0)
355,27.78,69.47,0,2026/8/25 4:20,Batch 1 · Blank (0)
355,27.79,69.33,0,2026/8/25 4:21,Batch 1 · Blank (0)
357,27.82,69.33,0,2026/8/25 4:22,Batch 1 · Blank (0)
357,27.79,69.26,0,2026/8/25 4:23,Batch 1 · Blank (0)
355,27.78,69.33,0,2026/8/25 4:24,Batch 1 · Blank (0)
354,27.81,69.29,0,2026/8/25 4:25,Batch 1 · Blank (0)
357,27.82,69.52,0,2026/8/25 4:26,Batch 1 · Blank (0)
357,27.82,69.54,0,2026/8/25 4:27,Batch 1 · Blank (0)
356,27.84,69.43,0,2026/8/25 4:28,Batch 1 · Blank (0)
355,27.84,69.42,0,2026/8/25 4:29,Batch 1 · Blank (0)
357,27.82,69.52,0,2026/8/25 4:30,Batch 1 · Blank (0)
357,27.85,69.47,0,2026/8/25 4:31,Batch 1 · Blank (0)
356,27.81,69.41,0,2026/8/25 4:32,Batch 1 · Blank (0)
354,27.82,69.3,0,2026/8/25 4:33,Batch 1 · Blank (0)
354,27.82,69.22,0,2026/8/25 4:34,Batch 1 · Blank (0)
356,27.85,69.21,0,2026/8/25 4:35,Batch 1 · Blank (0)
356,27.84,69.37,0,2026/8/25 4:36,Batch 1 · Blank (0)
356,27.86,69.59,0,2026/8/25 4:37,Batch 1 · Blank (0)
358,27.84,69.52,0,2026/8/25 4:38,Batch 1 · Blank (0)
357,27.88,69.42,0,2026/8/25 4:39,Batch 1 · Blank (0)
356,27.84,69.18,0,2026/8/25 4:40,Batch 1 · Blank (0)
357,27.85,69.4,0,2026/8/25 4:41,Batch 1 · Blank (0)
358,27.86,69.2,0,2026/8/25 4:42,Batch 1 · Blank (0)
356,27.84,69.28,0,2026/8/25 4:43,Batch 1 · Blank (0)
356,27.86,69.35,0,2026/8/25 4:44,Batch 1 · Blank (0)
357,27.89,69.68,0,2026/8/25 4:45,Batch 1 · Blank (0)
357,27.86,69.56,0,2026/8/25 4:46,Batch 1 · Blank (0)
356,27.85,69.56,0,2026/8/25 4:47,Batch 1 · Blank (0)
357,27.88,69.67,0,2026/8/25 4:48,Batch 1 · Blank (0)
357,27.88,69.53,0,2026/8/25 4:49,Batch 1 · Blank (0)
357,27.88,69.53,0,2026/8/25 4:50,Batch 1 · Blank (0)
357,27.86,69.62,0,2026/8/25 4:51,Batch 1 · Blank (0)
355,27.88,69.36,0,2026/8/25 4:52,Batch 1 · Blank (0)
357,27.86,69.48,0,2026/8/25 4:53,Batch 1 · Blank (0)
359,27.88,69.61,0,2026/8/25 4:54,Batch 1 · Blank (0)
358,27.88,69.69,0,2026/8/25 4:55,Batch 1 · Blank (0)
357,27.93,69.59,0,2026/8/25 4:56,Batch 1 · Blank (0)
358,27.91,69.63,0,2026/8/25 4:57,Batch 1 · Blank (0)
357,27.88,69.72,0,2026/8/25 4:58,Batch 1 · Blank (0)
358,27.89,69.88,0,2026/8/25 4:59,Batch 1 · Blank (0)
357,27.91,69.83,0,2026/8/25 5:00,Batch 1 · Blank (0)
357,27.91,69.84,0,2026/8/25 5:01,Batch 1 · Blank (0)
358,27.91,69.86,0,2026/8/25 5:02,Batch 1 · Blank (0)
358,27.89,69.61,0,2026/8/25 5:03,Batch 1 · Blank (0)
356,27.91,69.78,0,2026/8/25 5:04,Batch 1 · Blank (0)
356,27.91,69.71,0,2026/8/25 5:05,Batch 1 · Blank (0)
358,27.92,69.86,0,2026/8/25 5:06,Batch 1 · Blank (0)
359,27.92,69.72,0,2026/8/25 5:07,Batch 1 · Blank (0)
359,27.92,69.83,0,2026/8/25 5:08,Batch 1 · Blank (0)
358,27.93,69.61,0,2026/8/25 5:10,Batch 1 · Blank (0)
358,27.93,69.85,0,2026/8/25 5:11,Batch 1 · Blank (0)
359,27.95,69.94,0,2026/8/25 5:12,Batch 1 · Blank (0)
358,27.92,69.87,0,2026/8/25 5:13,Batch 1 · Blank (0)
359,27.95,69.94,0,2026/8/25 5:14,Batch 1 · Blank (0)
359,27.92,69.89,0,2026/8/25 5:15,Batch 1 · Blank (0)
359,27.95,69.91,0,2026/8/25 5:16,Batch 1 · Blank (0)
358,27.93,69.9,0,2026/8/25 5:17,Batch 1 · Blank (0)
359,27.96,69.94,0,2026/8/25 5:18,Batch 1 · Blank (0)
360,27.96,69.95,0,2026/8/25 5:19,Batch 1 · Blank (0)
360,27.96,69.88,0,2026/8/25 5:20,Batch 1 · Blank (0)
359,27.95,70.01,0,2026/8/25 5:21,Batch 1 · Blank (0)
357,27.95,69.9,0,2026/8/25 5:22,Batch 1 · Blank (0)
359,27.96,69.99,0,2026/8/25 5:23,Batch 1 · Blank (0)
360,27.96,69.85,0,2026/8/25 5:24,Batch 1 · Blank (0)
360,27.93,70.07,0,2026/8/25 5:25,Batch 1 · Blank (0)
359,27.96,69.92,0,2026/8/25 5:26,Batch 1 · Blank (0)
359,27.96,69.91,0,2026/8/25 5:27,Batch 1 · Blank (0)
357,27.98,69.96,0,2026/8/25 5:28,Batch 1 · Blank (0)
357,27.98,69.92,0,2026/8/25 5:29,Batch 1 · Blank (0)
357,27.95,69.85,0,2026/8/25 5:30,Batch 1 · Blank (0)
358,27.99,69.91,0,2026/8/25 5:31,Batch 1 · Blank (0)
358,27.99,70.03,0,2026/8/25 5:32,Batch 1 · Blank (0)
358,28.01,70.05,0,2026/8/25 5:33,Batch 1 · Blank (0)
358,28.02,69.86,0,2026/8/25 5:34,Batch 1 · Blank (0)
358,28.02,69.94,0,2026/8/25 5:35,Batch 1 · Blank (0)
358,27.99,69.87,0,2026/8/25 5:36,Batch 1 · Blank (0)
358,27.99,69.85,0,2026/8/25 5:37,Batch 1 · Blank (0)
358,27.99,69.85,0,2026/8/25 5:38,Batch 1 · Blank (0)
356,28.01,69.53,0,2026/8/25 5:39,Batch 1 · Blank (0)
354,28.03,69.67,0,2026/8/25 5:40,Batch 1 · Blank (0)
355,28.01,69.69,0,2026/8/25 5:41,Batch 1 · Blank (0)
358,28.03,69.73,0,2026/8/25 5:42,Batch 1 · Blank (0)
357,28.03,69.7,0,2026/8/25 5:43,Batch 1 · Blank (0)
357,28.05,69.71,0,2026/8/25 5:44,Batch 1 · Blank (0)
358,28.05,69.7,0,2026/8/25 5:45,Batch 1 · Blank (0)
358,28.06,69.6,0,2026/8/25 5:46,Batch 1 · Blank (0)
356,28.05,69.81,0,2026/8/25 5:47,Batch 1 · Blank (0)
359,28.05,70,0,2026/8/25 5:48,Batch 1 · Blank (0)
360,28.05,69.68,0,2026/8/25 5:49,Batch 1 · Blank (0)
358,28.05,69.76,0,2026/8/25 5:50,Batch 1 · Blank (0)
356,28.05,69.81,0,2026/8/25 5:51,Batch 1 · Blank (0)
356,28.06,69.77,0,2026/8/25 5:52,Batch 1 · Blank (0)
356,28.06,69.66,0,2026/8/25 5:53,Batch 1 · Blank (0)
355,28.06,69.58,0,2026/8/25 5:54,Batch 1 · Blank (0)
356,28.09,69.77,0,2026/8/25 5:55,Batch 1 · Blank (0)
357,28.07,69.62,0,2026/8/25 5:56,Batch 1 · Blank (0)
354,28.1,69.86,0,2026/8/25 5:57,Batch 1 · Blank (0)
355,28.1,69.84,0,2026/8/25 5:58,Batch 1 · Blank (0)
354,28.09,69.7,0,2026/8/25 5:59,Batch 1 · Blank (0)
355,28.09,69.83,0,2026/8/25 6:00,Batch 1 · Blank (0)
356,28.07,69.89,0,2026/8/25 6:01,Batch 1 · Blank (0)
355,28.1,70.02,0,2026/8/25 6:02,Batch 1 · Blank (0)
355,28.09,69.94,0,2026/8/25 6:04,Batch 1 · Blank (0)
355,28.1,69.9,0,2026/8/25 6:05,Batch 1 · Blank (0)
357,28.14,69.76,0,2026/8/25 6:06,Batch 1 · Blank (0)
358,28.13,69.77,0,2026/8/25 6:07,Batch 1 · Blank (0)
357,28.18,69.9,0,2026/8/25 6:08,Batch 1 · Blank (0)
359,28.18,69.84,0,2026/8/25 6:09,Batch 1 · Blank (0)
358,28.16,69.91,0,2026/8/25 6:10,Batch 1 · Blank (0)
356,28.16,69.64,0,2026/8/25 6:11,Batch 1 · Blank (0)
355,28.16,69.89,0,2026/8/25 6:12,Batch 1 · Blank (0)
356,28.14,69.92,0,2026/8/25 6:13,Batch 1 · Blank (0)
358,28.14,69.8,0,2026/8/25 6:14,Batch 1 · Blank (0)
357,28.17,69.91,0,2026/8/25 6:15,Batch 1 · Blank (0)
357,28.16,69.88,0,2026/8/25 6:16,Batch 1 · Blank (0)
357,28.17,69.98,0,2026/8/25 6:17,Batch 1 · Blank (0)
356,28.17,70.03,0,2026/8/25 6:18,Batch 1 · Blank (0)
357,28.17,70.09,0,2026/8/25 6:19,Batch 1 · Blank (0)
357,28.16,69.86,0,2026/8/25 6:20,Batch 1 · Blank (0)
357,28.17,70.25,0,2026/8/25 6:21,Batch 1 · Blank (0)
355,28.14,69.89,0,2026/8/25 6:22,Batch 1 · Blank (0)
356,28.2,70.1,0,2026/8/25 6:23,Batch 1 · Blank (0)
355,28.18,70.07,0,2026/8/25 6:24,Batch 1 · Blank (0)
357,28.18,70.02,0,2026/8/25 6:25,Batch 1 · Blank (0)
356,28.17,70.06,0,2026/8/25 6:26,Batch 1 · Blank (0)
356,28.21,69.86,0,2026/8/25 6:27,Batch 1 · Blank (0)
355,28.21,69.86,0,2026/8/25 6:28,Batch 1 · Blank (0)
356,28.2,70,0,2026/8/25 6:29,Batch 1 · Blank (0)
357,28.2,70.19,0,2026/8/25 6:30,Batch 1 · Blank (0)
355,28.18,70.08,0,2026/8/25 6:31,Batch 1 · Blank (0)
356,28.21,69.98,0,2026/8/25 6:32,Batch 1 · Blank (0)
354,28.21,70.13,0,2026/8/25 6:33,Batch 1 · Blank (0)
356,28.2,70.13,0,2026/8/25 6:34,Batch 1 · Blank (0)
357,28.21,69.81,0,2026/8/25 6:35,Batch 1 · Blank (0)
356,28.18,70,0,2026/8/25 6:36,Batch 1 · Blank (0)
355,28.23,70.13,0,2026/8/25 6:37,Batch 1 · Blank (0)
356,28.21,70.1,0,2026/8/25 6:38,Batch 1 · Blank (0)
355,28.23,69.98,0,2026/8/25 6:39,Batch 1 · Blank (0)
354,28.24,70.03,0,2026/8/25 6:40,Batch 1 · Blank (0)
355,28.2,70.05,0,2026/8/25 6:41,Batch 1 · Blank (0)
354,28.23,69.97,0,2026/8/25 6:42,Batch 1 · Blank (0)
357,28.26,70.14,0,2026/8/25 6:43,Batch 1 · Blank (0)
355,28.23,70.17,0,2026/8/25 6:44,Batch 1 · Blank (0)
355,28.24,70.16,0,2026/8/25 6:45,Batch 1 · Blank (0)
354,28.23,69.97,0,2026/8/25 6:46,Batch 1 · Blank (0)
354,28.24,70.03,0,2026/8/25 6:47,Batch 1 · Blank (0)
355,28.24,70.08,0,2026/8/25 6:48,Batch 1 · Blank (0)
355,28.24,70.08,0,2026/8/25 6:49,Batch 1 · Blank (0)
356,28.26,70.19,0,2026/8/25 6:50,Batch 1 · Blank (0)
357,28.27,70.04,0,2026/8/25 6:51,Batch 1 · Blank (0)
355,28.27,70.14,0,2026/8/25 6:52,Batch 1 · Blank (0)
355,28.27,70.1,0,2026/8/25 6:53,Batch 1 · Blank (0)
357,28.29,69.98,0,2026/8/25 6:55,Batch 1 · Blank (0)
355,28.26,69.98,0,2026/8/25 6:56,Batch 1 · Blank (0)
356,28.3,70.08,0,2026/8/25 6:57,Batch 1 · Blank (0)
356,28.29,70.31,0,2026/8/25 6:58,Batch 1 · Blank (0)
358,28.3,70.27,0,2026/8/25 6:59,Batch 1 · Blank (0)
358,28.27,70.3,0,2026/8/25 7:00,Batch 1 · Blank (0)
356,28.27,70.18,0,2026/8/25 7:01,Batch 1 · Blank (0)
357,28.3,70.24,0,2026/8/25 7:02,Batch 1 · Blank (0)
355,28.3,70.12,0,2026/8/25 7:03,Batch 1 · Blank (0)
355,28.3,70.17,0,2026/8/25 7:04,Batch 1 · Blank (0)
356,28.31,70.21,0,2026/8/25 7:05,Batch 1 · Blank (0)
357,28.31,70.16,0,2026/8/25 7:06,Batch 1 · Blank (0)
356,28.3,70.18,0,2026/8/25 7:07,Batch 1 · Blank (0)
357,28.31,70.21,0,2026/8/25 7:08,Batch 1 · Blank (0)
356,28.31,70.17,0,2026/8/25 7:09,Batch 1 · Blank (0)
356,28.33,70.24,0,2026/8/25 7:10,Batch 1 · Blank (0)
357,28.33,70.27,0,2026/8/25 7:11,Batch 1 · Blank (0)
356,28.33,70.27,0,2026/8/25 7:12,Batch 1 · Blank (0)
355,28.34,70.21,0,2026/8/25 7:13,Batch 1 · Blank (0)
354,28.34,70.15,0,2026/8/25 7:14,Batch 1 · Blank (0)
355,28.34,70.09,0,2026/8/25 7:15,Batch 1 · Blank (0)
357,28.33,70.11,0,2026/8/25 7:16,Batch 1 · Blank (0)
356,28.34,70.21,0,2026/8/25 7:17,Batch 1 · Blank (0)
356,28.38,70.38,0,2026/8/25 7:18,Batch 1 · Blank (0)
357,28.36,70.29,0,2026/8/25 7:19,Batch 1 · Blank (0)
356,28.36,70.4,0,2026/8/25 7:20,Batch 1 · Blank (0)
355,28.33,70.29,0,2026/8/25 7:21,Batch 1 · Blank (0)
356,28.37,70.33,0,2026/8/25 7:22,Batch 1 · Blank (0)
356,28.37,70.38,0,2026/8/25 7:23,Batch 1 · Blank (0)
359,28.34,70.18,0,2026/8/25 7:24,Batch 1 · Blank (0)
357,28.38,70.28,0,2026/8/25 7:25,Batch 1 · Blank (0)
355,28.37,70.31,0,2026/8/25 7:26,Batch 1 · Blank (0)
357,28.4,70.22,0,2026/8/25 7:27,Batch 1 · Blank (0)
356,28.38,70.27,0,2026/8/25 7:28,Batch 1 · Blank (0)
353,28.37,70.22,0,2026/8/25 7:29,Batch 1 · Blank (0)
355,28.38,70.18,0,2026/8/25 7:30,Batch 1 · Blank (0)
356,28.37,70.17,0,2026/8/25 7:31,Batch 1 · Blank (0)
356,28.4,70.13,0,2026/8/25 7:32,Batch 1 · Blank (0)
354,28.44,70.15,0,2026/8/25 7:33,Batch 1 · Blank (0)
356,28.42,70.14,0,2026/8/25 7:34,Batch 1 · Blank (0)
357,28.41,70.02,0,2026/8/25 7:35,Batch 1 · Blank (0)
355,28.47,70.09,0,2026/8/25 7:36,Batch 1 · Blank (0)
355,28.45,70,0,2026/8/25 7:37,Batch 1 · Blank (0)
356,28.42,70,0,2026/8/25 7:38,Batch 1 · Blank (0)
355,28.48,70.03,0,2026/8/25 7:39,Batch 1 · Blank (0)
353,28.48,70.07,0,2026/8/25 7:40,Batch 1 · Blank (0)
355,28.47,70,0,2026/8/25 7:41,Batch 1 · Blank (0)
356,28.49,70.09,0,2026/8/25 7:42,Batch 1 · Blank (0)
356,28.48,70.01,0,2026/8/25 7:43,Batch 1 · Blank (0)
355,28.48,69.94,0,2026/8/25 7:45,Batch 1 · Blank (0)
356,28.49,70.07,0,2026/8/25 7:46,Batch 1 · Blank (0)
353,28.49,70.09,0,2026/8/25 7:47,Batch 1 · Blank (0)
355,28.48,69.97,0,2026/8/25 7:48,Batch 1 · Blank (0)
355,28.51,70.06,0,2026/8/25 7:49,Batch 1 · Blank (0)
356,28.55,69.92,0,2026/8/25 7:50,Batch 1 · Blank (0)
355,28.55,69.96,0,2026/8/25 7:51,Batch 1 · Blank (0)
356,28.58,69.83,0,2026/8/25 7:52,Batch 1 · Blank (0)
356,28.58,69.87,0,2026/8/25 7:53,Batch 1 · Blank (0)
355,28.55,69.99,0,2026/8/25 7:54,Batch 1 · Blank (0)
355,28.59,69.99,0,2026/8/25 7:55,Batch 1 · Blank (0)
354,28.59,69.94,0,2026/8/25 7:56,Batch 1 · Blank (0)
355,28.62,69.93,0,2026/8/25 7:57,Batch 1 · Blank (0)
358,28.62,69.83,0,2026/8/25 7:58,Batch 1 · Blank (0)
357,28.64,69.96,0,2026/8/25 7:59,Batch 1 · Blank (0)
357,28.66,69.84,0,2026/8/25 8:00,Batch 1 · Blank (0)
356,28.66,69.83,0,2026/8/25 8:01,Batch 1 · Blank (0)
354,28.64,69.88,0,2026/8/25 8:02,Batch 1 · Blank (0)
353,28.66,69.83,0,2026/8/25 8:03,Batch 1 · Blank (0)
353,28.69,69.87,0,2026/8/25 8:04,Batch 1 · Blank (0)
354,28.68,69.76,0,2026/8/25 8:05,Batch 1 · Blank (0)
356,28.66,69.7,0,2026/8/25 8:06,Batch 1 · Blank (0)
356,28.68,69.86,0,2026/8/25 8:07,Batch 1 · Blank (0)
355,28.68,69.76,0,2026/8/25 8:08,Batch 1 · Blank (0)
354,28.71,69.73,0,2026/8/25 8:09,Batch 1 · Blank (0)
355,28.71,69.69,0,2026/8/25 8:10,Batch 1 · Blank (0)
355,28.71,69.75,0,2026/8/25 8:11,Batch 1 · Blank (0)
354,28.68,69.78,0,2026/8/25 8:12,Batch 1 · Blank (0)
354,28.68,69.71,0,2026/8/25 8:13,Batch 1 · Blank (0)
354,28.69,69.79,0,2026/8/25 8:14,Batch 1 · Blank (0)
353,28.71,69.77,0,2026/8/25 8:15,Batch 1 · Blank (0)
352,28.69,69.8,0,2026/8/25 8:16,Batch 1 · Blank (0)
354,28.69,69.78,0,2026/8/25 8:17,Batch 1 · Blank (0)
353,28.72,69.77,0,2026/8/25 8:18,Batch 1 · Blank (0)
355,28.71,69.8,0,2026/8/25 8:19,Batch 1 · Blank (0)
356,28.71,69.8,0,2026/8/25 8:20,Batch 1 · Blank (0)
355,28.69,69.79,0,2026/8/25 8:21,Batch 1 · Blank (0)
354,28.71,69.77,0,2026/8/25 8:22,Batch 1 · Blank (0)
355,28.71,69.76,0,2026/8/25 8:23,Batch 1 · Blank (0)
355,28.69,69.72,0,2026/8/25 8:24,Batch 1 · Blank (0)
354,28.73,69.73,0,2026/8/25 8:25,Batch 1 · Blank (0)
353,28.73,69.72,0,2026/8/25 8:26,Batch 1 · Blank (0)
352,28.73,69.73,0,2026/8/25 8:27,Batch 1 · Blank (0)
353,28.72,69.7,0,2026/8/25 8:28,Batch 1 · Blank (0)
353,28.72,69.68,0,2026/8/25 8:29,Batch 1 · Blank (0)
352,28.75,69.72,0,2026/8/25 8:30,Batch 1 · Blank (0)
357,28.77,70.73,0,2026/8/25 8:31,Batch 1 · Blank (0)
377,28.42,67.63,0,2026/8/25 8:33,Batch 1 · Blank (0)
370,27.85,68.14,0,2026/8/25 8:34,Batch 1 · Blank (0)
372,27.42,69.84,0,2026/8/25 8:35,Batch 1 · Blank (0)
372,27.18,68.96,0,2026/8/25 8:36,Batch 1 · Blank (0)
373,27.02,68.55,0,2026/8/25 8:37,Batch 1 · Blank (0)
374,26.94,66.72,0,2026/8/25 8:38,Batch 1 · Blank (0)
375,26.88,65.99,0,2026/8/25 8:39,Batch 1 · Blank (0)
379,26.85,64.85,0,2026/8/25 8:40,Batch 1 · Blank (0)
385,26.74,63.02,0,2026/8/25 8:41,Batch 1 · Blank (0)
388,26.6,61.81,0,2026/8/25 8:42,Batch 1 · Blank (0)
390,26.48,59.93,0,2026/8/25 8:43,Batch 1 · Blank (0)
393,26.28,58.29,0,2026/8/25 8:44,Batch 1 · Blank (0)
393,26.09,57.04,0,2026/8/25 8:45,Batch 1 · Blank (0)
394,25.89,55.02,0,2026/8/25 8:46,Batch 1 · Blank (0)
397,25.57,53.9,0,2026/8/25 8:47,Batch 1 · Blank (0)
402,25.17,53.33,0,2026/8/25 8:48,Batch 1 · Blank (0)
406,24.63,52.28,0,2026/8/25 8:49,Batch 1 · Blank (0)
409,24.19,52.35,0,2026/8/25 8:50,Batch 1 · Blank (0)
406,23.71,53.07,0,2026/8/25 8:51,Batch 1 · Blank (0)
405,23.38,52.92,0,2026/8/25 8:52,Batch 1 · Blank (0)
405,22.95,53.45,0,2026/8/25 8:53,Batch 1 · Blank (0)
402,22.75,54.02,0,2026/8/25 8:54,Batch 1 · Blank (0)
405,22.62,54.39,0,2026/8/25 8:55,Batch 1 · Blank (0)
406,22.55,54.03,0,2026/8/25 8:56,Batch 1 · Blank (0)
403,22.66,54.87,0,2026/8/25 8:57,Batch 1 · Blank (0)
403,22.7,54.45,0,2026/8/25 8:58,Batch 1 · Blank (0)
402,22.64,53.03,0,2026/8/25 8:59,Batch 1 · Blank (0)
402,22.6,53.86,0,2026/8/25 9:00,Batch 1 · Blank (0)
400,22.69,53.87,0,2026/8/25 9:01,Batch 1 · Blank (0)
397,22.82,53.7,0,2026/8/25 9:02,Batch 1 · Blank (0)
398,22.86,52.75,0,2026/8/25 9:03,Batch 1 · Blank (0)
399,22.69,52.33,0,2026/8/25 9:04,Batch 1 · Blank (0)
397,22.55,53.16,0,2026/8/25 9:05,Batch 1 · Blank (0)
396,22.43,53,0,2026/8/25 9:06,Batch 1 · Blank (0)
395,22.33,52.48,0,2026/8/25 9:07,Batch 1 · Blank (0)
394,22.14,53.13,0,2026/8/25 9:08,Batch 1 · Blank (0)
394,21.94,52.62,0,2026/8/25 9:09,Batch 1 · Blank (0)
394,21.75,52.63,0,2026/8/25 9:10,Batch 1 · Blank (0)
395,21.42,54.83,0,2026/8/25 9:11,Batch 1 · Blank (0)
394,21.49,58.42,0,2026/8/25 9:12,Batch 1 · Blank (0)
392,21.7,60.26,0,2026/8/25 9:13,Batch 1 · Blank (0)
389,22.03,61.57,0,2026/8/25 9:14,Batch 1 · Blank (0)
389,22.31,62.73,0,2026/8/25 9:15,Batch 1 · Blank (0)
387,22.58,63.98,0,2026/8/25 9:16,Batch 1 · Blank (0)
390,22.88,64.79,0,2026/8/25 9:17,Batch 1 · Blank (0)
391,23.08,65.61,0,2026/8/25 9:18,Batch 1 · Blank (0)
389,23.28,66.65,0,2026/8/25 9:20,Batch 1 · Blank (0)
389,23.51,67.43,0,2026/8/25 9:21,Batch 1 · Blank (0)
390,23.71,67.85,0,2026/8/25 9:22,Batch 1 · Blank (0)
390,23.9,68.45,0,2026/8/25 9:23,Batch 1 · Blank (0)
391,24.07,68.81,0,2026/8/25 9:24,Batch 1 · Blank (0)
391,24.18,69.08,0,2026/8/25 9:25,Batch 1 · Blank (0)
395,24.33,69.32,0,2026/8/25 9:26,Batch 1 · Blank (0)
396,24.42,69.48,0,2026/8/25 9:27,Batch 1 · Blank (0)
397,24.46,69.92,0,2026/8/25 9:28,Batch 1 · Blank (0)
401,24.53,70.02,0,2026/8/25 9:29,Batch 1 · Blank (0)
399,24.47,66.94,0,2026/8/25 9:30,Batch 1 · Blank (0)
401,24.19,66.91,0,2026/8/25 9:31,Batch 1 · Blank (0)
403,23.93,67.67,0,2026/8/25 9:32,Batch 1 · Blank (0)
406,23.84,70.9,0,2026/8/25 9:33,Batch 1 · Blank (0)
406,23.93,71.41,0,2026/8/25 9:34,Batch 1 · Blank (0)
403,24.01,71.96,0,2026/8/25 9:35,Batch 1 · Blank (0)
405,24.18,72.1,0,2026/8/25 9:36,Batch 1 · Blank (0)
404,24.14,69.2,0,2026/8/25 9:37,Batch 1 · Blank (0)
406,24.04,68.67,0,2026/8/25 9:38,Batch 1 · Blank (0)
407,23.97,68.71,0,2026/8/25 9:39,Batch 1 · Blank (0)
407,23.94,69.23,0,2026/8/25 9:40,Batch 1 · Blank (0)
408,23.91,70.15,0,2026/8/25 9:41,Batch 1 · Blank (0)
406,23.91,69.56,0,2026/8/25 9:42,Batch 1 · Blank (0)
406,23.87,68.94,0,2026/8/25 9:43,Batch 1 · Blank (0)
407,23.83,68.44,0,2026/8/25 9:44,Batch 1 · Blank (0)
410,23.76,68.01,0,2026/8/25 9:45,Batch 1 · Blank (0)
410,23.73,67.31,0,2026/8/25 9:46,Batch 1 · Blank (0)
410,23.63,66.81,0,2026/8/25 9:47,Batch 1 · Blank (0)
411,23.51,66.81,0,2026/8/25 9:48,Batch 1 · Blank (0)
414,23.41,66.51,0,2026/8/25 9:49,Batch 1 · Blank (0)
412,23.24,64.68,0,2026/8/25 9:50,Batch 1 · Blank (0)
415,23.03,64.91,0,2026/8/25 9:51,Batch 1 · Blank (0)
416,22.92,65.35,0,2026/8/25 9:52,Batch 1 · Blank (0)
417,22.88,65.15,0,2026/8/25 9:53,Batch 1 · Blank (0)
416,22.81,64.12,0,2026/8/25 9:54,Batch 1 · Blank (0)
416,22.72,63.43,0,2026/8/25 9:55,Batch 1 · Blank (0)
414,22.76,66.21,0,2026/8/25 9:56,Batch 1 · Blank (0)
411,22.97,66.76,0,2026/8/25 9:57,Batch 1 · Blank (0)
410,23.14,67.2,0,2026/8/25 9:58,Batch 1 · Blank (0)
411,23.32,67.58,0,2026/8/25 9:59,Batch 1 · Blank (0)
409,23.51,68.08,0,2026/8/25 10:00,Batch 1 · Blank (0)
411,23.64,68.57,0,2026/8/25 10:01,Batch 1 · Blank (0)
412,23.77,68.85,0,2026/8/25 10:02,Batch 1 · Blank (0)
410,23.9,69.36,0,2026/8/25 10:03,Batch 1 · Blank (0)
409,23.97,69.82,0,2026/8/25 10:04,Batch 1 · Blank (0)
408,24.05,70.31,0,2026/8/25 10:06,Batch 1 · Blank (0)
408,23.98,67.01,0,2026/8/25 10:07,Batch 1 · Blank (0)
412,23.81,67.77,0,2026/8/25 10:08,Batch 1 · Blank (0)
413,23.69,68.22,0,2026/8/25 10:09,Batch 1 · Blank (0)
412,23.63,68.35,0,2026/8/25 10:10,Batch 1 · Blank (0)
411,23.58,68.33,0,2026/8/25 10:11,Batch 1 · Blank (0)
408,23.58,67.77,0,2026/8/25 10:12,Batch 1 · Blank (0)
408,23.55,67.38,0,2026/8/25 10:13,Batch 1 · Blank (0)
406,23.51,66.99,0,2026/8/25 10:14,Batch 1 · Blank (0)
407,23.45,66.67,0,2026/8/25 10:15,Batch 1 · Blank (0)
405,23.42,66.79,0,2026/8/25 10:16,Batch 1 · Blank (0)
404,23.41,66.31,0,2026/8/25 10:17,Batch 1 · Blank (0)
403,23.35,66.19,0,2026/8/25 10:18,Batch 1 · Blank (0)
401,23.37,65.91,0,2026/8/25 10:19,Batch 1 · Blank (0)
402,23.31,66,0,2026/8/25 10:20,Batch 1 · Blank (0)
403,23.3,66.12,0,2026/8/25 10:21,Batch 1 · Blank (0)
404,23.3,66.52,0,2026/8/25 10:22,Batch 1 · Blank (0)
404,23.3,66.61,0,2026/8/25 10:23,Batch 1 · Blank (0)
403,23.34,66.56,0,2026/8/25 10:24,Batch 1 · Blank (0)
405,23.38,66.4,0,2026/8/25 10:25,Batch 1 · Blank (0)
403,23.45,66.15,0,2026/8/25 10:26,Batch 1 · Blank (0)
405,23.46,66.24,0,2026/8/25 10:27,Batch 1 · Blank (0)
405,23.48,66.45,0,2026/8/25 10:28,Batch 1 · Blank (0)
406,23.53,66.79,0,2026/8/25 10:29,Batch 1 · Blank (0)
405,23.53,66.45,0,2026/8/25 10:30,Batch 1 · Blank (0)
405,23.58,66.38,0,2026/8/25 10:31,Batch 1 · Blank (0)
406,23.56,66.6,0,2026/8/25 10:32,Batch 1 · Blank (0)
406,23.59,66.61,0,2026/8/25 10:33,Batch 1 · Blank (0)
407,23.59,66.87,0,2026/8/25 10:34,Batch 1 · Blank (0)
407,23.6,66.94,0,2026/8/25 10:35,Batch 1 · Blank (0)
408,23.6,66.87,0,2026/8/25 10:36,Batch 1 · Blank (0)
412,23.55,66.95,0,2026/8/25 10:37,Batch 1 · Blank (0)
413,23.52,67.03,0,2026/8/25 10:38,Batch 1 · Blank (0)
414,23.51,67.14,0,2026/8/25 10:39,Batch 1 · Blank (0)
416,23.45,66.81,0,2026/8/25 10:40,Batch 1 · Blank (0)
417,23.42,66.89,0,2026/8/25 10:41,Batch 1 · Blank (0)
422,23.37,67.43,0,2026/8/25 10:42,Batch 1 · Blank (0)
422,23.34,67.24,0,2026/8/25 10:43,Batch 1 · Blank (0)
422,23.31,67.27,0,2026/8/25 10:44,Batch 1 · Blank (0)
423,23.31,67.26,0,2026/8/25 10:45,Batch 1 · Blank (0)
423,23.37,67.18,0,2026/8/25 10:46,Batch 1 · Blank (0)
424,23.39,66.97,0,2026/8/25 10:47,Batch 1 · Blank (0)
426,23.37,66.64,0,2026/8/25 10:48,Batch 1 · Blank (0)
428,23.38,66.45,0,2026/8/25 10:49,Batch 1 · Blank (0)
429,23.42,66.37,0,2026/8/25 10:51,Batch 1 · Blank (0)
427,23.42,65.93,0,2026/8/25 10:52,Batch 1 · Blank (0)
427,23.38,65.37,0,2026/8/25 10:53,Batch 1 · Blank (0)
430,23.31,64.87,0,2026/8/25 10:54,Batch 1 · Blank (0)
433,23.27,64.7,0,2026/8/25 10:55,Batch 1 · Blank (0)
433,23.2,64.53,0,2026/8/25 10:56,Batch 1 · Blank (0)
435,23.08,64.47,0,2026/8/25 10:57,Batch 1 · Blank (0)
434,23.14,64.35,0,2026/8/25 10:58,Batch 1 · Blank (0)
431,23.18,63.98,0,2026/8/25 10:59,Batch 1 · Blank (0)
433,23.1,63.53,0,2026/8/25 11:00,Batch 1 · Blank (0)
435,23.01,63.52,0,2026/8/25 11:01,Batch 1 · Blank (0)
433,22.99,63.89,0,2026/8/25 11:02,Batch 1 · Blank (0)
433,23.06,63.72,0,2026/8/25 11:03,Batch 1 · Blank (0)
431,23.08,63.49,0,2026/8/25 11:04,Batch 1 · Blank (0)
432,23.07,62.58,0,2026/8/25 11:05,Batch 1 · Blank (0)
436,22.85,61.11,0,2026/8/25 11:06,Batch 1 · Blank (0)
440,22.86,64.54,0,2026/8/25 11:07,Batch 1 · Blank (0)
437,23.04,65.16,0,2026/8/25 11:08,Batch 1 · Blank (0)
433,23.27,65.62,0,2026/8/25 11:09,Batch 1 · Blank (0)
429,23.45,66.26,0,2026/8/25 11:10,Batch 1 · Blank (0)
429,23.64,66.43,0,2026/8/25 11:11,Batch 1 · Blank (0)
430,23.77,66.78,0,2026/8/25 11:12,Batch 1 · Blank (0)
431,23.93,67.21,0,2026/8/25 11:13,Batch 1 · Blank (0)
433,24.07,67.59,0,2026/8/25 11:14,Batch 1 · Blank (0)
433,24.14,67.9,0,2026/8/25 11:15,Batch 1 · Blank (0)
434,24.25,68.23,0,2026/8/25 11:16,Batch 1 · Blank (0)
435,24.26,65.75,0,2026/8/25 11:17,Batch 1 · Blank (0)
435,24.15,65.44,0,2026/8/25 11:18,Batch 1 · Blank (0)
441,24.01,66.42,0,2026/8/25 11:19,Batch 1 · Blank (0)
441,23.97,66.38,0,2026/8/25 11:20,Batch 1 · Blank (0)
441,23.86,66.6,0,2026/8/25 11:21,Batch 1 · Blank (0)
442,23.81,66.45,0,2026/8/25 11:22,Batch 1 · Blank (0)
442,23.8,65.9,0,2026/8/25 11:23,Batch 1 · Blank (0)
443,23.8,65.39,0,2026/8/25 11:24,Batch 1 · Blank (0)
443,23.67,65.42,0,2026/8/25 11:25,Batch 1 · Blank (0)
444,23.59,65.64,0,2026/8/25 11:26,Batch 1 · Blank (0)
446,23.49,66.17,0,2026/8/25 11:27,Batch 1 · Blank (0)
442,23.49,66.1,0,2026/8/25 11:28,Batch 1 · Blank (0)
438,23.45,65.82,0,2026/8/25 11:29,Batch 1 · Blank (0)
438,23.38,65.64,0,2026/8/25 11:30,Batch 1 · Blank (0)
437,23.32,66.12,0,2026/8/25 11:31,Batch 1 · Blank (0)
438,23.32,65.95,0,2026/8/25 11:32,Batch 1 · Blank (0)
438,23.34,66.49,0,2026/8/25 11:33,Batch 1 · Blank (0)
438,23.32,66.1,0,2026/8/25 11:35,Batch 1 · Blank (0)
437,23.31,66.33,0,2026/8/25 11:36,Batch 1 · Blank (0)
435,23.31,66.5,0,2026/8/25 11:37,Batch 1 · Blank (0)
435,23.34,66.26,0,2026/8/25 11:38,Batch 1 · Blank (0)
431,23.37,66.35,0,2026/8/25 11:39,Batch 1 · Blank (0)
427,23.42,66,0,2026/8/25 11:40,Batch 1 · Blank (0)
428,23.42,66.35,0,2026/8/25 11:41,Batch 1 · Blank (0)
430,23.41,66.73,0,2026/8/25 11:42,Batch 1 · Blank (0)
427,23.38,66.23,0,2026/8/25 11:43,Batch 1 · Blank (0)
426,23.39,66.08,0,2026/8/25 11:44,Batch 1 · Blank (0)
429,23.34,65.99,0,2026/8/25 11:45,Batch 1 · Blank (0)
428,23.25,65.91,0,2026/8/25 11:46,Batch 1 · Blank (0)
430,23.24,66.6,0,2026/8/25 11:47,Batch 1 · Blank (0)
428,23.17,66.61,0,2026/8/25 11:48,Batch 1 · Blank (0)
429,23.15,67.17,0,2026/8/25 11:49,Batch 1 · Blank (0)
426,23.14,67.27,0,2026/8/25 11:50,Batch 1 · Blank (0)
425,23.17,67.33,0,2026/8/25 11:51,Batch 1 · Blank (0)
425,23.24,67.2,0,2026/8/25 11:52,Batch 1 · Blank (0)
424,23.28,67.34,0,2026/8/25 11:53,Batch 1 · Blank (0)
421,23.34,67.24,0,2026/8/25 11:54,Batch 1 · Blank (0)
420,23.37,67.07,0,2026/8/25 11:55,Batch 1 · Blank (0)
421,23.42,67.36,0,2026/8/25 11:56,Batch 1 · Blank (0)
419,23.44,66.65,0,2026/8/25 11:57,Batch 1 · Blank (0)
420,23.42,66.83,0,2026/8/25 11:58,Batch 1 · Blank (0)
419,23.44,66.2,0,2026/8/25 11:59,Batch 1 · Blank (0)
419,23.41,65.8,0,2026/8/25 12:00,Batch 1 · Blank (0)
417,23.27,65.39,0,2026/8/25 12:01,Batch 1 · Blank (0)
417,23.24,66.1,0,2026/8/25 12:02,Batch 1 · Blank (0)
419,23.31,66.65,0,2026/8/25 12:03,Batch 1 · Blank (0)
417,23.39,66.8,0,2026/8/25 12:04,Batch 1 · Blank (0)
417,23.42,66.86,0,2026/8/25 12:05,Batch 1 · Blank (0)
419,23.44,66.32,0,2026/8/25 12:06,Batch 1 · Blank (0)
421,23.27,64.69,0,2026/8/25 12:07,Batch 1 · Blank (0)
428,23.14,65.15,0,2026/8/25 12:08,Batch 1 · Blank (0)
433,22.99,65.24,0,2026/8/25 12:09,Batch 1 · Blank (0)
434,22.89,64.97,0,2026/8/25 12:10,Batch 1 · Blank (0)
437,22.76,64.26,0,2026/8/25 12:11,Batch 1 · Blank (0)
441,22.76,66.83,0,2026/8/25 12:12,Batch 1 · Blank (0)
441,22.93,67.55,0,2026/8/25 12:13,Batch 1 · Blank (0)
438,23.17,68.33,0,2026/8/25 12:14,Batch 1 · Blank (0)
436,23.41,68.7,0,2026/8/25 12:15,Batch 1 · Blank (0)
438,23.63,69.01,0,2026/8/25 12:16,Batch 1 · Blank (0)
447,23.8,69.37,0,2026/8/25 12:18,Batch 1 · Blank (0)
449,23.94,69.84,0,2026/8/25 12:19,Batch 1 · Blank (0)
457,24.14,70.18,0,2026/8/25 12:20,Batch 1 · Blank (0)
465,24.25,69.34,0,2026/8/25 12:21,Batch 1 · Blank (0)
463,24.15,66.61,0,2026/8/25 12:22,Batch 1 · Blank (0)
460,23.94,66.9,0,2026/8/25 12:23,Batch 1 · Blank (0)
466,23.78,67.99,0,2026/8/25 12:24,Batch 1 · Blank (0)
468,23.7,68.57,0,2026/8/25 12:25,Batch 1 · Blank (0)
469,23.63,68.29,0,2026/8/25 12:26,Batch 1 · Blank (0)
472,23.6,68.16,0,2026/8/25 12:27,Batch 1 · Blank (0)
473,23.58,67.83,0,2026/8/25 12:28,Batch 1 · Blank (0)
476,23.53,67.64,0,2026/8/25 12:29,Batch 1 · Blank (0)
477,23.56,66.97,0,2026/8/25 12:30,Batch 1 · Blank (0)
484,23.51,66.44,0,2026/8/25 12:31,Batch 1 · Blank (0)
490,23.39,66,0,2026/8/25 12:32,Batch 1 · Blank (0)
494,23.32,65.82,0,2026/8/25 12:33,Batch 1 · Blank (0)
496,23.31,65.73,0,2026/8/25 12:34,Batch 1 · Blank (0)
498,23.3,65.75,0,2026/8/25 12:35,Batch 1 · Blank (0)
501,23.27,65.55,0,2026/8/25 12:36,Batch 1 · Blank (0)
502,23.28,65.99,0,2026/8/25 12:37,Batch 1 · Blank (0)
501,23.28,65.83,0,2026/8/25 12:38,Batch 1 · Blank (0)
500,23.35,65.73,0,2026/8/25 12:39,Batch 1 · Blank (0)
502,23.39,65.76,0,2026/8/25 12:40,Batch 1 · Blank (0)
507,23.45,65.32,0,2026/8/25 12:41,Batch 1 · Blank (0)
512,23.46,64.98,0,2026/8/25 12:42,Batch 1 · Blank (0)
510,23.49,65.45,0,2026/8/25 12:43,Batch 1 · Blank (0)
510,23.53,65.82,0,2026/8/25 12:44,Batch 1 · Blank (0)
512,23.62,65.74,0,2026/8/25 12:45,Batch 1 · Blank (0)
516,23.64,65.61,0,2026/8/25 12:46,Batch 1 · Blank (0)
965,24,75.76,0,2026/8/24 12:46,Batch 1 · 310
968,24.07,78.74,0,2026/8/24 12:47,Batch 1 · 310
972,24.14,80.63,0,2026/8/24 12:48,Batch 1 · 310
972,24.17,81.96,0,2026/8/24 12:49,Batch 1 · 310
971,24.22,82.99,0,2026/8/24 12:50,Batch 1 · 310
968,24.24,83.83,0,2026/8/24 12:51,Batch 1 · 310
969,24.27,84.55,0,2026/8/24 12:52,Batch 1 · 310
971,24.28,85.17,0,2026/8/24 12:53,Batch 1 · 310
972,24.34,85.67,0,2026/8/24 12:54,Batch 1 · 310
971,24.38,86.11,0,2026/8/24 12:55,Batch 1 · 310
971,24.41,86.52,0,2026/8/24 12:56,Batch 1 · 310
975,24.41,86.86,0,2026/8/24 12:57,Batch 1 · 310
977,24.46,87.18,0,2026/8/24 12:58,Batch 1 · 310
977,24.46,87.41,0,2026/8/24 12:59,Batch 1 · 310
978,24.52,87.66,0,2026/8/24 13:00,Batch 1 · 310
980,24.53,87.87,0,2026/8/24 13:01,Batch 1 · 310
981,24.55,88.04,0,2026/8/24 13:02,Batch 1 · 310
984,24.58,88.18,0,2026/8/24 13:03,Batch 1 · 310
982,24.59,88.35,0,2026/8/24 13:04,Batch 1 · 310
982,24.62,88.49,0,2026/8/24 13:05,Batch 1 · 310
984,24.65,88.63,0,2026/8/24 13:06,Batch 1 · 310
986,24.66,88.71,0,2026/8/24 13:07,Batch 1 · 310
989,24.69,88.86,0,2026/8/24 13:08,Batch 1 · 310
989,24.69,88.93,0,2026/8/24 13:09,Batch 1 · 310
990,24.74,89.03,0,2026/8/24 13:10,Batch 1 · 310
992,24.73,89.12,0,2026/8/24 13:11,Batch 1 · 310
997,24.77,89.17,0,2026/8/24 13:12,Batch 1 · 310
996,24.77,89.26,0,2026/8/24 13:13,Batch 1 · 310
993,24.8,89.34,0,2026/8/24 13:14,Batch 1 · 310
998,24.83,89.4,0,2026/8/24 13:15,Batch 1 · 310
1000,24.86,89.47,0,2026/8/24 13:16,Batch 1 · 310
1000,24.88,89.61,0,2026/8/24 13:17,Batch 1 · 310
1003,24.9,89.66,0,2026/8/24 13:18,Batch 1 · 310
1003,24.94,89.74,0,2026/8/24 13:19,Batch 1 · 310
1003,24.97,89.81,0,2026/8/24 13:20,Batch 1 · 310
1006,25.01,89.87,0,2026/8/24 13:21,Batch 1 · 310
1006,25.03,89.9,0,2026/8/24 13:22,Batch 1 · 310
1006,25.07,89.96,0,2026/8/24 13:23,Batch 1 · 310
1007,25.08,90.03,0,2026/8/24 13:24,Batch 1 · 310
1009,25.1,90.02,0,2026/8/24 13:25,Batch 1 · 310
1008,25.12,90.05,0,2026/8/24 13:26,Batch 1 · 310
1011,25.15,90.07,0,2026/8/24 13:27,Batch 1 · 310
1014,25.15,90.1,0,2026/8/24 13:28,Batch 1 · 310
1014,25.18,90.15,0,2026/8/24 13:29,Batch 1 · 310
1014,25.19,90.15,0,2026/8/24 13:30,Batch 1 · 310
1016,25.21,90.17,0,2026/8/24 13:31,Batch 1 · 310
1017,25.22,90.13,0,2026/8/24 13:32,Batch 1 · 310
1021,25.24,90.15,0,2026/8/24 13:33,Batch 1 · 310
1025,25.24,90.15,0,2026/8/24 13:34,Batch 1 · 310
1020,25.26,90.15,0,2026/8/24 13:35,Batch 1 · 310
1018,25.24,90.13,0,2026/8/24 13:36,Batch 1 · 310
1018,25.26,90.15,0,2026/8/24 13:37,Batch 1 · 310
1021,25.28,90.16,0,2026/8/24 13:38,Batch 1 · 310
1025,25.25,90.16,0,2026/8/24 13:39,Batch 1 · 310
1026,25.26,90.14,0,2026/8/24 13:40,Batch 1 · 310
1028,25.28,90.13,0,2026/8/24 13:41,Batch 1 · 310
1027,25.31,90.17,0,2026/8/24 13:42,Batch 1 · 310
1026,25.26,90.17,0,2026/8/24 13:43,Batch 1 · 310
1030,25.28,90.17,0,2026/8/24 13:44,Batch 1 · 310
1031,25.31,90.14,0,2026/8/24 13:45,Batch 1 · 310
1033,25.28,90.16,0,2026/8/24 13:46,Batch 1 · 310
1032,25.28,90.13,0,2026/8/24 13:47,Batch 1 · 310
1034,25.28,90.13,0,2026/8/24 13:48,Batch 1 · 310
1036,25.29,90.15,0,2026/8/24 13:49,Batch 1 · 310
1037,25.29,90.16,0,2026/8/24 13:50,Batch 1 · 310
1039,25.29,90.17,0,2026/8/24 13:51,Batch 1 · 310
1040,25.31,90.16,0,2026/8/24 13:52,Batch 1 · 310
1042,25.31,90.17,0,2026/8/24 13:53,Batch 1 · 310
1044,25.29,90.2,0,2026/8/24 13:54,Batch 1 · 310
1042,25.31,90.2,0,2026/8/24 13:55,Batch 1 · 310
1044,25.32,90.24,0,2026/8/24 13:56,Batch 1 · 310
1047,25.29,90.2,6,2026/8/24 13:57,Batch 1 · 310
1048,25.29,90.22,6,2026/8/24 13:58,Batch 1 · 310
1051,25.29,90.22,6,2026/8/24 13:59,Batch 1 · 310
1051,25.29,90.22,6,2026/8/24 14:00,Batch 1 · 310
1052,25.34,90.26,6,2026/8/24 14:01,Batch 1 · 310
1054,25.32,90.26,6,2026/8/24 14:02,Batch 1 · 310
1057,25.32,90.25,6,2026/8/24 14:03,Batch 1 · 310
1057,25.31,90.25,6,2026/8/24 14:04,Batch 1 · 310
1057,25.31,90.29,6,2026/8/24 14:05,Batch 1 · 310
1057,25.28,90.23,6,2026/8/24 14:06,Batch 1 · 310
1061,25.29,90.25,6,2026/8/24 14:07,Batch 1 · 310
1062,25.28,90.27,7,2026/8/24 14:08,Batch 1 · 310
1063,25.28,90.24,7,2026/8/24 14:09,Batch 1 · 310
1068,25.29,90.29,7,2026/8/24 14:10,Batch 1 · 310
1068,25.28,90.3,7,2026/8/24 14:11,Batch 1 · 310
1067,25.29,90.37,7,2026/8/24 14:12,Batch 1 · 310
1069,25.34,90.39,7,2026/8/24 14:13,Batch 1 · 310
1070,25.34,90.45,7,2026/8/24 14:14,Batch 1 · 310
1072,25.38,90.49,7,2026/8/24 14:15,Batch 1 · 310
1075,25.38,90.52,7,2026/8/24 14:16,Batch 1 · 310
1075,25.39,90.57,8,2026/8/24 14:17,Batch 1 · 310
1075,25.42,90.59,8,2026/8/24 14:18,Batch 1 · 310
1077,25.42,90.68,8,2026/8/24 14:19,Batch 1 · 310
1077,25.45,90.72,8,2026/8/24 14:20,Batch 1 · 310
1078,25.46,90.75,8,2026/8/24 14:21,Batch 1 · 310
1080,25.5,90.79,8,2026/8/24 14:22,Batch 1 · 310
1083,25.52,90.78,8,2026/8/24 14:23,Batch 1 · 310
1084,25.52,90.85,8,2026/8/24 14:24,Batch 1 · 310
1084,25.55,90.85,9,2026/8/24 14:25,Batch 1 · 310
1087,25.58,90.87,9,2026/8/24 14:26,Batch 1 · 310
1089,25.56,90.86,9,2026/8/24 14:27,Batch 1 · 310
1089,25.6,90.85,9,2026/8/24 14:28,Batch 1 · 310
1089,25.6,90.87,9,2026/8/24 14:29,Batch 1 · 310
1091,25.6,90.83,9,2026/8/24 14:30,Batch 1 · 310
1093,25.6,90.85,9,2026/8/24 14:31,Batch 1 · 310
1096,25.6,90.8,10,2026/8/24 14:32,Batch 1 · 310
1097,25.63,90.8,10,2026/8/24 14:33,Batch 1 · 310
1097,25.62,90.81,10,2026/8/24 14:34,Batch 1 · 310
1098,25.62,90.78,10,2026/8/24 14:35,Batch 1 · 310
1101,25.63,90.79,10,2026/8/24 14:36,Batch 1 · 310
1103,25.62,90.79,10,2026/8/24 14:37,Batch 1 · 310
1104,25.63,90.78,10,2026/8/24 14:38,Batch 1 · 310
1105,25.63,90.76,10,2026/8/24 14:39,Batch 1 · 310
1106,25.64,90.76,10,2026/8/24 14:40,Batch 1 · 310
1107,25.66,90.75,11,2026/8/24 14:41,Batch 1 · 310
1109,25.63,90.76,11,2026/8/24 14:42,Batch 1 · 310
1111,25.64,90.72,11,2026/8/24 14:43,Batch 1 · 310
1111,25.67,90.78,11,2026/8/24 14:44,Batch 1 · 310
1112,25.67,90.71,11,2026/8/24 14:45,Batch 1 · 310
1114,25.66,90.75,11,2026/8/24 14:47,Batch 1 · 310
1115,25.67,90.74,11,2026/8/24 14:48,Batch 1 · 310
1115,25.67,90.73,11,2026/8/24 14:49,Batch 1 · 310
1116,25.67,90.7,11,2026/8/24 14:50,Batch 1 · 310
1119,25.71,90.76,12,2026/8/24 14:51,Batch 1 · 310
1122,25.69,90.73,12,2026/8/24 14:52,Batch 1 · 310
1122,25.69,90.73,12,2026/8/24 14:53,Batch 1 · 310
1121,25.69,90.69,12,2026/8/24 14:54,Batch 1 · 310
1124,25.67,90.66,12,2026/8/24 14:55,Batch 1 · 310
1127,25.7,90.7,12,2026/8/24 14:56,Batch 1 · 310
1129,25.67,90.67,12,2026/8/24 14:57,Batch 1 · 310
1130,25.7,90.66,12,2026/8/24 14:58,Batch 1 · 310
1129,25.7,90.67,12,2026/8/24 14:59,Batch 1 · 310
1131,25.69,90.66,13,2026/8/24 15:00,Batch 1 · 310
1132,25.69,90.61,13,2026/8/24 15:01,Batch 1 · 310
1135,25.67,90.66,13,2026/8/24 15:02,Batch 1 · 310
1138,25.66,90.59,13,2026/8/24 15:03,Batch 1 · 310
1138,25.64,90.57,13,2026/8/24 15:04,Batch 1 · 310
1139,25.66,90.59,13,2026/8/24 15:05,Batch 1 · 310
1139,25.66,90.57,13,2026/8/24 15:06,Batch 1 · 310
1143,25.63,90.57,13,2026/8/24 15:07,Batch 1 · 310
1144,25.64,90.55,13,2026/8/24 15:08,Batch 1 · 310
1144,25.64,90.54,13,2026/8/24 15:09,Batch 1 · 310
1147,25.63,90.54,13,2026/8/24 15:10,Batch 1 · 310
1148,25.62,90.5,13,2026/8/24 15:11,Batch 1 · 310
1147,25.62,90.5,13,2026/8/24 15:12,Batch 1 · 310
1151,25.63,90.5,13,2026/8/24 15:13,Batch 1 · 310
1153,25.59,90.53,13,2026/8/24 15:14,Batch 1 · 310
1153,25.59,90.48,13,2026/8/24 15:15,Batch 1 · 310
1154,25.6,90.51,13,2026/8/24 15:16,Batch 1 · 310
1155,25.6,90.49,14,2026/8/24 15:17,Batch 1 · 310
1156,25.6,90.53,14,2026/8/24 15:18,Batch 1 · 310
1157,25.6,90.5,14,2026/8/24 15:19,Batch 1 · 310
1158,25.6,90.51,14,2026/8/24 15:20,Batch 1 · 310
1161,25.59,90.55,14,2026/8/24 15:21,Batch 1 · 310
1162,25.58,90.53,14,2026/8/24 15:22,Batch 1 · 310
1161,25.59,90.53,14,2026/8/24 15:23,Batch 1 · 310
1162,25.59,90.55,14,2026/8/24 15:24,Batch 1 · 310
1163,25.6,90.6,14,2026/8/24 15:25,Batch 1 · 310
1163,25.62,90.59,14,2026/8/24 15:26,Batch 1 · 310
1166,25.59,90.59,14,2026/8/24 15:27,Batch 1 · 310
1168,25.62,90.6,14,2026/8/24 15:28,Batch 1 · 310
1169,25.62,90.63,14,2026/8/24 15:29,Batch 1 · 310
1172,25.64,90.63,14,2026/8/24 15:30,Batch 1 · 310
1172,25.63,90.69,14,2026/8/24 15:31,Batch 1 · 310
1172,25.64,90.69,14,2026/8/24 15:32,Batch 1 · 310
1173,25.64,90.71,14,2026/8/24 15:33,Batch 1 · 310
1175,25.66,90.75,14,2026/8/24 15:34,Batch 1 · 310
1177,25.64,90.71,15,2026/8/24 15:35,Batch 1 · 310
1179,25.66,90.72,15,2026/8/24 15:36,Batch 1 · 310
1179,25.66,90.75,15,2026/8/24 15:37,Batch 1 · 310
1180,25.66,90.75,15,2026/8/24 15:38,Batch 1 · 310
1181,25.69,90.75,15,2026/8/24 15:39,Batch 1 · 310
1184,25.69,90.76,15,2026/8/24 15:40,Batch 1 · 310
1184,25.69,90.75,15,2026/8/24 15:41,Batch 1 · 310
1184,25.7,90.77,15,2026/8/24 15:42,Batch 1 · 310
1186,25.69,90.78,15,2026/8/24 15:43,Batch 1 · 310
1188,25.71,90.77,15,2026/8/24 15:44,Batch 1 · 310
1190,25.67,90.74,15,2026/8/24 15:45,Batch 1 · 310
1193,25.69,90.79,16,2026/8/24 15:46,Batch 1 · 310
1194,25.71,90.84,16,2026/8/24 15:47,Batch 1 · 310
1191,25.71,90.79,16,2026/8/24 15:48,Batch 1 · 310
1191,25.71,90.81,16,2026/8/24 15:49,Batch 1 · 310
1194,25.7,90.75,16,2026/8/24 15:50,Batch 1 · 310
1196,25.7,90.79,16,2026/8/24 15:51,Batch 1 · 310
1198,25.71,90.8,16,2026/8/24 15:52,Batch 1 · 310
1199,25.73,90.77,16,2026/8/24 15:53,Batch 1 · 310
1202,25.74,90.8,16,2026/8/24 15:54,Batch 1 · 310
1203,25.71,90.79,16,2026/8/24 15:55,Batch 1 · 310
1203,25.74,90.82,16,2026/8/24 15:56,Batch 1 · 310
1205,25.73,90.81,16,2026/8/24 15:57,Batch 1 · 310
1205,25.76,90.83,16,2026/8/24 15:58,Batch 1 · 310
1207,25.74,90.87,16,2026/8/24 15:59,Batch 1 · 310
1208,25.77,90.89,16,2026/8/24 16:00,Batch 1 · 310
1208,25.77,90.89,16,2026/8/24 16:01,Batch 1 · 310
1208,25.8,90.89,16,2026/8/24 16:02,Batch 1 · 310
1213,25.78,90.88,17,2026/8/24 16:03,Batch 1 · 310
1215,25.81,90.9,17,2026/8/24 16:04,Batch 1 · 310
1214,25.84,90.91,17,2026/8/24 16:05,Batch 1 · 310
1213,25.83,90.93,17,2026/8/24 16:06,Batch 1 · 310
1216,25.83,90.93,17,2026/8/24 16:07,Batch 1 · 310
1217,25.85,90.91,17,2026/8/24 16:08,Batch 1 · 310
1217,25.85,90.91,17,2026/8/24 16:09,Batch 1 · 310
1220,25.87,90.9,17,2026/8/24 16:10,Batch 1 · 310
1222,25.87,90.92,17,2026/8/24 16:11,Batch 1 · 310
1222,25.85,90.89,17,2026/8/24 16:12,Batch 1 · 310
1226,25.9,90.93,18,2026/8/24 16:13,Batch 1 · 310
1224,25.87,90.89,18,2026/8/24 16:14,Batch 1 · 310
1227,25.88,90.87,18,2026/8/24 16:15,Batch 1 · 310
1229,25.85,90.85,18,2026/8/24 16:16,Batch 1 · 310
1228,25.85,90.84,18,2026/8/24 16:17,Batch 1 · 310
1229,25.85,90.81,18,2026/8/24 16:18,Batch 1 · 310
1230,25.85,90.77,18,2026/8/24 16:19,Batch 1 · 310
1234,25.88,90.74,18,2026/8/24 16:20,Batch 1 · 310
1236,25.88,90.76,18,2026/8/24 16:21,Batch 1 · 310
1233,25.87,90.75,18,2026/8/24 16:22,Batch 1 · 310
1234,25.87,90.72,18,2026/8/24 16:23,Batch 1 · 310
1237,25.87,90.75,18,2026/8/24 16:24,Batch 1 · 310
1237,25.88,90.73,18,2026/8/24 16:25,Batch 1 · 310
1241,25.87,90.72,18,2026/8/24 16:26,Batch 1 · 310
1242,25.87,90.72,18,2026/8/24 16:27,Batch 1 · 310
1240,25.88,90.73,19,2026/8/24 16:28,Batch 1 · 310
1242,25.9,90.74,19,2026/8/24 16:29,Batch 1 · 310
1242,25.9,90.78,19,2026/8/24 16:30,Batch 1 · 310
1246,25.91,90.81,19,2026/8/24 16:31,Batch 1 · 310
1247,25.92,90.82,19,2026/8/24 16:32,Batch 1 · 310
1246,25.92,90.84,19,2026/8/24 16:33,Batch 1 · 310
1249,25.95,90.85,19,2026/8/24 16:34,Batch 1 · 310
1248,25.95,90.87,19,2026/8/24 16:35,Batch 1 · 310
1248,25.98,90.88,19,2026/8/24 16:36,Batch 1 · 310
1253,25.97,90.9,19,2026/8/24 16:37,Batch 1 · 310
1254,25.98,90.91,19,2026/8/24 16:38,Batch 1 · 310
1254,25.98,90.87,19,2026/8/24 16:39,Batch 1 · 310
1255,26.01,90.91,19,2026/8/24 16:40,Batch 1 · 310
1254,26.02,90.92,19,2026/8/24 16:41,Batch 1 · 310
1258,26.03,90.93,19,2026/8/24 16:42,Batch 1 · 310
1259,26.03,90.93,19,2026/8/24 16:43,Batch 1 · 310
1259,26.05,90.9,20,2026/8/24 16:44,Batch 1 · 310
1260,26.05,90.94,20,2026/8/24 16:45,Batch 1 · 310
1263,26.07,90.93,20,2026/8/24 16:46,Batch 1 · 310
1264,26.07,90.9,20,2026/8/24 16:47,Batch 1 · 310
1266,26.07,90.93,20,2026/8/24 16:48,Batch 1 · 310
1267,26.08,90.86,20,2026/8/24 16:49,Batch 1 · 310
1266,26.07,90.87,20,2026/8/24 16:50,Batch 1 · 310
1268,26.07,90.87,20,2026/8/24 16:51,Batch 1 · 310
1269,26.07,90.85,20,2026/8/24 16:53,Batch 1 · 310
1268,26.07,90.82,20,2026/8/24 16:54,Batch 1 · 310
1270,26.05,90.75,20,2026/8/24 16:55,Batch 1 · 310
1273,26.07,90.71,20,2026/8/24 16:56,Batch 1 · 310
1274,26.05,90.73,20,2026/8/24 16:57,Batch 1 · 310
1272,26.07,90.73,20,2026/8/24 16:58,Batch 1 · 310
1272,26.03,90.69,20,2026/8/24 16:59,Batch 1 · 310
1276,26.05,90.7,20,2026/8/24 17:00,Batch 1 · 310
1274,26.07,90.7,20,2026/8/24 17:01,Batch 1 · 310
1277,26.05,90.67,20,2026/8/24 17:02,Batch 1 · 310
1277,26.07,90.67,20,2026/8/24 17:03,Batch 1 · 310
1278,26.02,90.64,20,2026/8/24 17:04,Batch 1 · 310
1282,26.07,90.69,20,2026/8/24 17:05,Batch 1 · 310
1284,26.09,90.69,20,2026/8/24 17:06,Batch 1 · 310
1288,26.08,90.66,20,2026/8/24 17:07,Batch 1 · 310
1286,26.07,90.67,21,2026/8/24 17:08,Batch 1 · 310
1286,26.07,90.62,21,2026/8/24 17:09,Batch 1 · 310
1290,26.03,90.66,21,2026/8/24 17:10,Batch 1 · 310
1289,26.08,90.65,21,2026/8/24 17:11,Batch 1 · 310
1288,26.05,90.64,21,2026/8/24 17:12,Batch 1 · 310
1292,26.08,90.66,21,2026/8/24 17:13,Batch 1 · 310
1292,26.07,90.67,21,2026/8/24 17:14,Batch 1 · 310
1294,26.05,90.66,21,2026/8/24 17:15,Batch 1 · 310
1295,26.02,90.6,21,2026/8/24 17:16,Batch 1 · 310
1294,26.03,90.56,21,2026/8/24 17:17,Batch 1 · 310
1299,26.05,90.56,21,2026/8/24 17:18,Batch 1 · 310
1297,26.02,90.54,21,2026/8/24 17:19,Batch 1 · 310
1299,26.02,90.54,21,2026/8/24 17:20,Batch 1 · 310
1301,26.02,90.5,21,2026/8/24 17:21,Batch 1 · 310
1300,25.99,90.5,21,2026/8/24 17:22,Batch 1 · 310
1301,25.99,90.51,21,2026/8/24 17:23,Batch 1 · 310
1302,25.98,90.47,21,2026/8/24 17:24,Batch 1 · 310
1302,25.98,90.43,21,2026/8/24 17:25,Batch 1 · 310
1306,25.98,90.48,21,2026/8/24 17:26,Batch 1 · 310
1308,25.97,90.44,21,2026/8/24 17:27,Batch 1 · 310
1307,25.97,90.49,21,2026/8/24 17:28,Batch 1 · 310
1309,25.97,90.46,21,2026/8/24 17:29,Batch 1 · 310
1312,25.95,90.49,21,2026/8/24 17:30,Batch 1 · 310
1313,25.95,90.48,21,2026/8/24 17:31,Batch 1 · 310
1313,25.95,90.48,21,2026/8/24 17:32,Batch 1 · 310
1313,25.97,90.51,21,2026/8/24 17:33,Batch 1 · 310
1316,25.95,90.5,21,2026/8/24 17:34,Batch 1 · 310
1318,25.98,90.53,21,2026/8/24 17:35,Batch 1 · 310
1317,25.97,90.53,21,2026/8/24 17:36,Batch 1 · 310
1320,25.98,90.55,21,2026/8/24 17:37,Batch 1 · 310
1318,25.97,90.59,21,2026/8/24 17:38,Batch 1 · 310
1322,25.98,90.6,21,2026/8/24 17:39,Batch 1 · 310
1321,25.98,90.61,21,2026/8/24 17:40,Batch 1 · 310
1321,25.99,90.63,21,2026/8/24 17:41,Batch 1 · 310
1323,25.99,90.7,21,2026/8/24 17:42,Batch 1 · 310
1325,26.01,90.69,21,2026/8/24 17:43,Batch 1 · 310
1324,26.01,90.69,21,2026/8/24 17:44,Batch 1 · 310
1326,26.01,90.75,21,2026/8/24 17:45,Batch 1 · 310
1331,26.05,90.75,21,2026/8/24 17:46,Batch 1 · 310
1331,26.05,90.8,21,2026/8/24 17:47,Batch 1 · 310
1329,26.07,90.81,21,2026/8/24 17:48,Batch 1 · 310
1331,26.11,90.82,21,2026/8/24 17:49,Batch 1 · 310
1333,26.12,90.86,21,2026/8/24 17:50,Batch 1 · 310
1335,26.11,90.86,21,2026/8/24 17:51,Batch 1 · 310
1332,26.12,90.88,21,2026/8/24 17:52,Batch 1 · 310
1333,26.15,90.9,21,2026/8/24 17:53,Batch 1 · 310
1336,26.15,90.88,22,2026/8/24 17:54,Batch 1 · 310
1337,26.16,90.91,22,2026/8/24 17:55,Batch 1 · 310
1337,26.21,90.92,22,2026/8/24 17:56,Batch 1 · 310
1340,26.19,90.92,22,2026/8/24 17:57,Batch 1 · 310
1343,26.22,90.89,22,2026/8/24 17:58,Batch 1 · 310
1344,26.22,90.94,22,2026/8/24 17:59,Batch 1 · 310
1343,26.25,90.93,22,2026/8/24 18:00,Batch 1 · 310
1343,26.26,90.96,22,2026/8/24 18:01,Batch 1 · 310
1345,26.25,90.94,22,2026/8/24 18:02,Batch 1 · 310
1350,26.28,90.94,22,2026/8/24 18:03,Batch 1 · 310
1347,26.29,90.91,22,2026/8/24 18:04,Batch 1 · 310
1346,26.3,90.91,23,2026/8/24 18:05,Batch 1 · 310
1349,26.29,90.89,23,2026/8/24 18:06,Batch 1 · 310
1350,26.32,90.89,23,2026/8/24 18:07,Batch 1 · 310
1348,26.32,90.89,23,2026/8/24 18:08,Batch 1 · 310
1351,26.3,90.85,23,2026/8/24 18:09,Batch 1 · 310
1352,26.32,90.77,23,2026/8/24 18:10,Batch 1 · 310
1352,26.3,90.78,23,2026/8/24 18:11,Batch 1 · 310
1356,26.34,90.75,23,2026/8/24 18:12,Batch 1 · 310
1358,26.32,90.7,23,2026/8/24 18:13,Batch 1 · 310
1359,26.32,90.64,23,2026/8/24 18:14,Batch 1 · 310
1358,26.32,90.65,23,2026/8/24 18:15,Batch 1 · 310
1360,26.28,90.58,23,2026/8/24 18:16,Batch 1 · 310
1360,26.28,90.54,23,2026/8/24 18:17,Batch 1 · 310
1360,26.25,90.48,23,2026/8/24 18:18,Batch 1 · 310
1360,26.25,90.48,23,2026/8/24 18:19,Batch 1 · 310
1363,26.24,90.43,23,2026/8/24 18:20,Batch 1 · 310
1363,26.25,90.43,23,2026/8/24 18:21,Batch 1 · 310
1363,26.25,90.39,23,2026/8/24 18:22,Batch 1 · 310
1369,26.24,90.41,23,2026/8/24 18:23,Batch 1 · 310
1371,26.22,90.38,23,2026/8/24 18:24,Batch 1 · 310
1371,26.19,90.41,23,2026/8/24 18:25,Batch 1 · 310
1370,26.25,90.44,23,2026/8/24 18:26,Batch 1 · 310
1370,26.22,90.41,23,2026/8/24 18:27,Batch 1 · 310
1374,26.24,90.45,23,2026/8/24 18:28,Batch 1 · 310
1374,26.24,90.43,23,2026/8/24 18:29,Batch 1 · 310
1375,26.22,90.43,23,2026/8/24 18:30,Batch 1 · 310
1377,26.25,90.48,23,2026/8/24 18:31,Batch 1 · 310
1380,26.24,90.48,23,2026/8/24 18:32,Batch 1 · 310
1380,26.24,90.51,23,2026/8/24 18:33,Batch 1 · 310
1378,26.24,90.51,23,2026/8/24 18:34,Batch 1 · 310
1380,26.26,90.52,23,2026/8/24 18:35,Batch 1 · 310
1382,26.26,90.52,23,2026/8/24 18:36,Batch 1 · 310
1384,26.26,90.56,23,2026/8/24 18:37,Batch 1 · 310
1385,26.26,90.58,23,2026/8/24 18:38,Batch 1 · 310
1383,26.28,90.58,23,2026/8/24 18:39,Batch 1 · 310
1385,26.3,90.56,23,2026/8/24 18:40,Batch 1 · 310
1387,26.28,90.55,23,2026/8/24 18:42,Batch 1 · 310
1388,26.29,90.57,23,2026/8/24 18:43,Batch 1 · 310
1392,26.3,90.58,23,2026/8/24 18:44,Batch 1 · 310
1393,26.29,90.56,23,2026/8/24 18:45,Batch 1 · 310
1393,26.29,90.56,23,2026/8/24 18:46,Batch 1 · 310
1393,26.29,90.55,23,2026/8/24 18:47,Batch 1 · 310
1395,26.29,90.52,23,2026/8/24 18:48,Batch 1 · 310
1395,26.3,90.51,23,2026/8/24 18:49,Batch 1 · 310
1396,26.29,90.48,23,2026/8/24 18:50,Batch 1 · 310
1399,26.26,90.43,23,2026/8/24 18:51,Batch 1 · 310
1399,26.26,90.37,23,2026/8/24 18:52,Batch 1 · 310
1400,26.25,90.36,23,2026/8/24 18:53,Batch 1 · 310
1402,26.22,90.34,23,2026/8/24 18:54,Batch 1 · 310
1402,26.22,90.36,23,2026/8/24 18:55,Batch 1 · 310
1403,26.21,90.37,23,2026/8/24 18:56,Batch 1 · 310
1406,26.22,90.4,23,2026/8/24 18:57,Batch 1 · 310
1405,26.21,90.4,23,2026/8/24 18:58,Batch 1 · 310
1405,26.19,90.42,23,2026/8/24 18:59,Batch 1 · 310
1406,26.18,90.43,22,2026/8/24 19:00,Batch 1 · 310
1408,26.21,90.45,22,2026/8/24 19:01,Batch 1 · 310
1410,26.21,90.49,22,2026/8/24 19:02,Batch 1 · 310
1413,26.18,90.54,22,2026/8/24 19:03,Batch 1 · 310
1410,26.18,90.51,22,2026/8/24 19:04,Batch 1 · 310
1411,26.21,90.58,22,2026/8/24 19:05,Batch 1 · 310
1413,26.21,90.6,22,2026/8/24 19:06,Batch 1 · 310
1416,26.22,90.6,22,2026/8/24 19:07,Batch 1 · 310
1417,26.21,90.64,22,2026/8/24 19:08,Batch 1 · 310
1416,26.21,90.67,22,2026/8/24 19:09,Batch 1 · 310
1420,26.24,90.73,22,2026/8/24 19:10,Batch 1 · 310
1419,26.22,90.7,22,2026/8/24 19:11,Batch 1 · 310
1421,26.24,90.75,22,2026/8/24 19:12,Batch 1 · 310
1420,26.24,90.68,22,2026/8/24 19:13,Batch 1 · 310
1420,26.24,90.73,22,2026/8/24 19:14,Batch 1 · 310
1426,26.25,90.75,22,2026/8/24 19:15,Batch 1 · 310
1428,26.26,90.79,22,2026/8/24 19:16,Batch 1 · 310
1426,26.25,90.77,22,2026/8/24 19:17,Batch 1 · 310
1425,26.26,90.74,22,2026/8/24 19:18,Batch 1 · 310
1428,26.25,90.72,22,2026/8/24 19:19,Batch 1 · 310
1429,26.26,90.69,22,2026/8/24 19:20,Batch 1 · 310
1433,26.25,90.7,22,2026/8/24 19:21,Batch 1 · 310
1430,26.24,90.63,22,2026/8/24 19:22,Batch 1 · 310
1431,26.24,90.6,22,2026/8/24 19:23,Batch 1 · 310
1433,26.26,90.63,22,2026/8/24 19:24,Batch 1 · 310
1436,26.25,90.6,22,2026/8/24 19:25,Batch 1 · 310
1435,26.25,90.55,22,2026/8/24 19:26,Batch 1 · 310
1435,26.21,90.52,22,2026/8/24 19:27,Batch 1 · 310
1437,26.22,90.49,22,2026/8/24 19:28,Batch 1 · 310
1439,26.21,90.5,22,2026/8/24 19:29,Batch 1 · 310
1442,26.24,90.53,22,2026/8/24 19:30,Batch 1 · 310
1442,26.21,90.5,22,2026/8/24 19:31,Batch 1 · 310
1442,26.21,90.45,22,2026/8/24 19:32,Batch 1 · 310
1443,26.21,90.45,22,2026/8/24 19:33,Batch 1 · 310
1443,26.18,90.46,22,2026/8/24 19:34,Batch 1 · 310
1445,26.19,90.41,22,2026/8/24 19:35,Batch 1 · 310
1447,26.21,90.43,22,2026/8/24 19:36,Batch 1 · 310
1448,26.21,90.43,22,2026/8/24 19:37,Batch 1 · 310
1448,26.16,90.39,22,2026/8/24 19:38,Batch 1 · 310
1448,26.19,90.41,22,2026/8/24 19:39,Batch 1 · 310
1450,26.18,90.43,22,2026/8/24 19:40,Batch 1 · 310
1451,26.18,90.39,22,2026/8/24 19:41,Batch 1 · 310
1451,26.16,90.42,22,2026/8/24 19:42,Batch 1 · 310
1455,26.19,90.4,21,2026/8/24 19:43,Batch 1 · 310
1457,26.18,90.41,21,2026/8/24 19:44,Batch 1 · 310
1457,26.15,90.42,21,2026/8/24 19:45,Batch 1 · 310
1456,26.16,90.36,21,2026/8/24 19:46,Batch 1 · 310
1455,26.19,90.37,21,2026/8/24 19:47,Batch 1 · 310
1457,26.16,90.37,21,2026/8/24 19:48,Batch 1 · 310
1458,26.14,90.38,21,2026/8/24 19:49,Batch 1 · 310
1461,26.15,90.39,21,2026/8/24 19:50,Batch 1 · 310
1461,26.16,90.38,21,2026/8/24 19:51,Batch 1 · 310
1463,26.15,90.34,21,2026/8/24 19:52,Batch 1 · 310
1462,26.15,90.38,21,2026/8/24 19:53,Batch 1 · 310
1464,26.18,90.36,21,2026/8/24 19:54,Batch 1 · 310
1466,26.15,90.37,21,2026/8/24 19:55,Batch 1 · 310
1468,26.16,90.34,21,2026/8/24 19:56,Batch 1 · 310
1469,26.18,90.4,21,2026/8/24 19:57,Batch 1 · 310
1471,26.16,90.38,21,2026/8/24 19:58,Batch 1 · 310
1470,26.16,90.39,21,2026/8/24 19:59,Batch 1 · 310
1473,26.15,90.39,21,2026/8/24 20:00,Batch 1 · 310
1473,26.16,90.4,21,2026/8/24 20:01,Batch 1 · 310
1475,26.18,90.39,21,2026/8/24 20:02,Batch 1 · 310
1476,26.19,90.39,21,2026/8/24 20:03,Batch 1 · 310
1476,26.16,90.37,21,2026/8/24 20:04,Batch 1 · 310
1479,26.15,90.37,21,2026/8/24 20:05,Batch 1 · 310
1477,26.16,90.37,21,2026/8/24 20:06,Batch 1 · 310
1477,26.16,90.35,21,2026/8/24 20:07,Batch 1 · 310
1479,26.18,90.33,21,2026/8/24 20:08,Batch 1 · 310
1479,26.19,90.34,21,2026/8/24 20:09,Batch 1 · 310
1484,26.16,90.34,21,2026/8/24 20:10,Batch 1 · 310
1482,26.16,90.31,21,2026/8/24 20:11,Batch 1 · 310
1480,26.16,90.31,21,2026/8/24 20:12,Batch 1 · 310
1483,26.14,90.3,20,2026/8/24 20:14,Batch 1 · 310
1484,26.11,90.3,20,2026/8/24 20:15,Batch 1 · 310
1485,26.12,90.23,20,2026/8/24 20:16,Batch 1 · 310
1489,26.12,90.22,20,2026/8/24 20:17,Batch 1 · 310
1489,26.11,90.23,20,2026/8/24 20:18,Batch 1 · 310
1488,26.11,90.19,20,2026/8/24 20:19,Batch 1 · 310
1493,26.09,90.17,20,2026/8/24 20:20,Batch 1 · 310
1494,26.05,90.13,20,2026/8/24 20:21,Batch 1 · 310
1494,26.05,90.11,20,2026/8/24 20:22,Batch 1 · 310
1493,26.03,90.05,20,2026/8/24 20:23,Batch 1 · 310
1497,26.02,90.05,20,2026/8/24 20:24,Batch 1 · 310
1497,26.01,90,20,2026/8/24 20:25,Batch 1 · 310
1497,26.01,89.99,20,2026/8/24 20:26,Batch 1 · 310
1498,25.98,90.03,20,2026/8/24 20:27,Batch 1 · 310
1500,25.99,90.03,20,2026/8/24 20:28,Batch 1 · 310
1504,25.97,90.05,20,2026/8/24 20:29,Batch 1 · 310
1503,25.97,89.99,19,2026/8/24 20:30,Batch 1 · 310
1502,25.97,90.05,19,2026/8/24 20:31,Batch 1 · 310
1506,25.97,90.06,19,2026/8/24 20:32,Batch 1 · 310
1506,25.94,90.05,19,2026/8/24 20:33,Batch 1 · 310
1508,25.95,90.08,19,2026/8/24 20:34,Batch 1 · 310
1510,25.94,90.05,19,2026/8/24 20:35,Batch 1 · 310
1507,25.94,90.08,19,2026/8/24 20:36,Batch 1 · 310
1510,25.94,90.08,19,2026/8/24 20:37,Batch 1 · 310
1510,25.95,90.05,19,2026/8/24 20:38,Batch 1 · 310
1512,25.97,90.12,19,2026/8/24 20:39,Batch 1 · 310
1511,25.97,90.11,19,2026/8/24 20:40,Batch 1 · 310
1512,25.97,90.11,19,2026/8/24 20:41,Batch 1 · 310
1516,25.95,90.12,19,2026/8/24 20:42,Batch 1 · 310
1515,25.94,90.1,19,2026/8/24 20:43,Batch 1 · 310
1514,25.95,90.1,19,2026/8/24 20:44,Batch 1 · 310
1517,25.95,90.13,19,2026/8/24 20:45,Batch 1 · 310
1518,25.94,90.14,19,2026/8/24 20:46,Batch 1 · 310
1519,25.98,90.08,19,2026/8/24 20:47,Batch 1 · 310
1517,25.98,90.16,19,2026/8/24 20:48,Batch 1 · 310
1520,25.98,90.12,19,2026/8/24 20:49,Batch 1 · 310
1522,25.98,90.16,19,2026/8/24 20:50,Batch 1 · 310
1522,25.95,90.16,19,2026/8/24 20:51,Batch 1 · 310
1524,26.01,90.15,19,2026/8/24 20:52,Batch 1 · 310
1525,25.98,90.12,19,2026/8/24 20:53,Batch 1 · 310
1526,25.98,90.13,19,2026/8/24 20:54,Batch 1 · 310
1527,25.99,90.1,19,2026/8/24 20:55,Batch 1 · 310
1528,25.98,90.14,19,2026/8/24 20:56,Batch 1 · 310
1531,25.98,90.09,19,2026/8/24 20:57,Batch 1 · 310
1531,25.99,90.1,19,2026/8/24 20:58,Batch 1 · 310
1531,25.99,90.06,19,2026/8/24 20:59,Batch 1 · 310
1534,26.01,90.08,19,2026/8/24 21:00,Batch 1 · 310
1533,25.99,90.08,19,2026/8/24 21:01,Batch 1 · 310
1534,26.01,90.07,19,2026/8/24 21:02,Batch 1 · 310
1535,26.01,90.11,19,2026/8/24 21:03,Batch 1 · 310
1540,26.01,90.14,19,2026/8/24 21:04,Batch 1 · 310
1539,26.02,90.13,19,2026/8/24 21:05,Batch 1 · 310
1540,26.03,90.13,19,2026/8/24 21:06,Batch 1 · 310
1540,26.02,90.13,19,2026/8/24 21:07,Batch 1 · 310
1540,26.05,90.14,19,2026/8/24 21:08,Batch 1 · 310
1543,26.02,90.12,19,2026/8/24 21:09,Batch 1 · 310
1541,26.07,90.17,19,2026/8/24 21:10,Batch 1 · 310
1544,26.05,90.21,19,2026/8/24 21:11,Batch 1 · 310
1545,26.05,90.19,19,2026/8/24 21:12,Batch 1 · 310
1546,26.07,90.17,19,2026/8/24 21:13,Batch 1 · 310
1547,26.07,90.17,19,2026/8/24 21:14,Batch 1 · 310
1548,26.08,90.19,19,2026/8/24 21:15,Batch 1 · 310
1549,26.08,90.19,19,2026/8/24 21:16,Batch 1 · 310
1548,26.08,90.18,19,2026/8/24 21:17,Batch 1 · 310
1549,26.08,90.19,19,2026/8/24 21:18,Batch 1 · 310
1551,26.08,90.14,19,2026/8/24 21:19,Batch 1 · 310
1553,26.07,90.11,19,2026/8/24 21:20,Batch 1 · 310
1553,26.11,90.14,19,2026/8/24 21:21,Batch 1 · 310
1551,26.08,90.05,19,2026/8/24 21:22,Batch 1 · 310
1553,26.09,90.05,19,2026/8/24 21:23,Batch 1 · 310
1554,26.07,90.04,19,2026/8/24 21:24,Batch 1 · 310
1556,26.08,90.05,18,2026/8/24 21:25,Batch 1 · 310
1559,26.05,90.03,18,2026/8/24 21:26,Batch 1 · 310
1560,26.05,89.99,18,2026/8/24 21:27,Batch 1 · 310
1562,26.05,89.96,18,2026/8/24 21:28,Batch 1 · 310
1562,26.05,89.97,18,2026/8/24 21:29,Batch 1 · 310
1561,26.05,89.99,18,2026/8/24 21:30,Batch 1 · 310
1563,26.02,89.98,18,2026/8/24 21:31,Batch 1 · 310
1564,26.02,89.95,18,2026/8/24 21:32,Batch 1 · 310
1565,26.01,89.95,18,2026/8/24 21:33,Batch 1 · 310
1566,26.02,89.94,18,2026/8/24 21:34,Batch 1 · 310
1569,25.99,89.93,18,2026/8/24 21:35,Batch 1 · 310
1567,25.99,89.93,18,2026/8/24 21:36,Batch 1 · 310
1567,25.99,89.94,18,2026/8/24 21:38,Batch 1 · 310
1570,26.02,89.93,18,2026/8/24 21:39,Batch 1 · 310
1567,26.01,89.93,18,2026/8/24 21:40,Batch 1 · 310
1568,25.99,89.87,18,2026/8/24 21:41,Batch 1 · 310
1571,25.97,89.9,18,2026/8/24 21:42,Batch 1 · 310
1573,25.98,89.9,18,2026/8/24 21:43,Batch 1 · 310
1574,25.98,89.85,18,2026/8/24 21:44,Batch 1 · 310
1576,25.95,89.9,18,2026/8/24 21:45,Batch 1 · 310
1579,25.94,89.87,18,2026/8/24 21:46,Batch 1 · 310
1579,25.95,89.88,17,2026/8/24 21:47,Batch 1 · 310
1580,25.95,89.87,17,2026/8/24 21:48,Batch 1 · 310
1579,25.91,89.87,17,2026/8/24 21:49,Batch 1 · 310
1580,25.91,89.84,17,2026/8/24 21:50,Batch 1 · 310
1581,25.9,89.87,17,2026/8/24 21:51,Batch 1 · 310
1583,25.9,89.84,17,2026/8/24 21:52,Batch 1 · 310
1584,25.91,89.82,17,2026/8/24 21:53,Batch 1 · 310
1584,25.87,89.82,17,2026/8/24 21:54,Batch 1 · 310
1589,25.87,89.81,17,2026/8/24 21:55,Batch 1 · 310
1587,25.87,89.8,17,2026/8/24 21:56,Batch 1 · 310
1590,25.87,89.81,17,2026/8/24 21:57,Batch 1 · 310
1589,25.84,89.81,17,2026/8/24 21:58,Batch 1 · 310
1591,25.85,89.82,17,2026/8/24 21:59,Batch 1 · 310
1592,25.84,89.81,17,2026/8/24 22:00,Batch 1 · 310
1594,25.84,89.83,17,2026/8/24 22:01,Batch 1 · 310
1596,25.81,89.8,17,2026/8/24 22:02,Batch 1 · 310
1596,25.81,89.78,17,2026/8/24 22:03,Batch 1 · 310
1595,25.8,89.77,17,2026/8/24 22:04,Batch 1 · 310
1596,25.83,89.79,17,2026/8/24 22:05,Batch 1 · 310
1599,25.78,89.8,17,2026/8/24 22:06,Batch 1 · 310
1599,25.78,89.78,17,2026/8/24 22:07,Batch 1 · 310
1601,25.78,89.79,16,2026/8/24 22:08,Batch 1 · 310
1602,25.77,89.76,16,2026/8/24 22:09,Batch 1 · 310
1603,25.77,89.74,16,2026/8/24 22:10,Batch 1 · 310
1604,25.74,89.73,16,2026/8/24 22:11,Batch 1 · 310
1604,25.76,89.79,16,2026/8/24 22:12,Batch 1 · 310
1605,25.76,89.81,16,2026/8/24 22:13,Batch 1 · 310
1606,25.74,89.79,16,2026/8/24 22:14,Batch 1 · 310
1607,25.74,89.8,16,2026/8/24 22:15,Batch 1 · 310
1609,25.71,89.78,16,2026/8/24 22:16,Batch 1 · 310
1609,25.71,89.78,16,2026/8/24 22:17,Batch 1 · 310
1611,25.71,89.8,16,2026/8/24 22:18,Batch 1 · 310
1614,25.71,89.78,16,2026/8/24 22:19,Batch 1 · 310
1612,25.74,89.77,16,2026/8/24 22:20,Batch 1 · 310
1613,25.71,89.81,16,2026/8/24 22:21,Batch 1 · 310
1613,25.69,89.81,16,2026/8/24 22:22,Batch 1 · 310
1613,25.7,89.77,16,2026/8/24 22:23,Batch 1 · 310
1612,25.69,89.77,16,2026/8/24 22:24,Batch 1 · 310
1617,25.69,89.75,16,2026/8/24 22:25,Batch 1 · 310
1618,25.67,89.78,16,2026/8/24 22:26,Batch 1 · 310
1616,25.64,89.75,16,2026/8/24 22:27,Batch 1 · 310
1620,25.66,89.77,16,2026/8/24 22:28,Batch 1 · 310
1621,25.67,89.76,16,2026/8/24 22:29,Batch 1 · 310
1620,25.64,89.75,16,2026/8/24 22:30,Batch 1 · 310
1620,25.64,89.8,16,2026/8/24 22:31,Batch 1 · 310
1623,25.64,89.82,15,2026/8/24 22:32,Batch 1 · 310
1623,25.64,89.76,15,2026/8/24 22:33,Batch 1 · 310
1624,25.66,89.8,15,2026/8/24 22:34,Batch 1 · 310
1626,25.64,89.8,15,2026/8/24 22:35,Batch 1 · 310
1629,25.66,89.8,15,2026/8/24 22:36,Batch 1 · 310
1629,25.63,89.81,15,2026/8/24 22:37,Batch 1 · 310
1629,25.64,89.81,15,2026/8/24 22:38,Batch 1 · 310
1630,25.66,89.85,15,2026/8/24 22:39,Batch 1 · 310
1632,25.64,89.82,15,2026/8/24 22:40,Batch 1 · 310
1634,25.63,89.82,15,2026/8/24 22:41,Batch 1 · 310
1635,25.63,89.8,15,2026/8/24 22:42,Batch 1 · 310
1633,25.63,89.8,15,2026/8/24 22:43,Batch 1 · 310
1635,25.64,89.78,15,2026/8/24 22:44,Batch 1 · 310
1636,25.63,89.83,15,2026/8/24 22:45,Batch 1 · 310
1635,25.64,89.81,15,2026/8/24 22:46,Batch 1 · 310
1640,25.63,89.83,15,2026/8/24 22:47,Batch 1 · 310
1640,25.64,89.81,15,2026/8/24 22:48,Batch 1 · 310
1639,25.66,89.87,15,2026/8/24 22:49,Batch 1 · 310
1641,25.66,89.87,15,2026/8/24 22:50,Batch 1 · 310
1645,25.67,89.88,15,2026/8/24 22:51,Batch 1 · 310
1643,25.67,89.89,15,2026/8/24 22:52,Batch 1 · 310
1645,25.67,89.9,15,2026/8/24 22:53,Batch 1 · 310
1647,25.7,89.91,15,2026/8/24 22:55,Batch 1 · 310
1649,25.71,89.91,15,2026/8/24 22:56,Batch 1 · 310
1646,25.73,89.97,15,2026/8/24 22:57,Batch 1 · 310
1650,25.73,89.96,15,2026/8/24 22:58,Batch 1 · 310
1650,25.76,90.02,15,2026/8/24 22:59,Batch 1 · 310
1651,25.76,89.99,15,2026/8/24 23:00,Batch 1 · 310
1649,25.77,90.01,15,2026/8/24 23:01,Batch 1 · 310
1651,25.78,90,15,2026/8/24 23:02,Batch 1 · 310
1654,25.8,90.03,15,2026/8/24 23:03,Batch 1 · 310
1654,25.83,90.05,15,2026/8/24 23:04,Batch 1 · 310
1655,25.85,90.08,15,2026/8/24 23:05,Batch 1 · 310
1656,25.87,90.11,15,2026/8/24 23:06,Batch 1 · 310
1658,25.88,90.09,16,2026/8/24 23:07,Batch 1 · 310
1658,25.9,90.1,16,2026/8/24 23:08,Batch 1 · 310
1659,25.91,90.13,16,2026/8/24 23:09,Batch 1 · 310
1660,25.94,90.16,16,2026/8/24 23:10,Batch 1 · 310
1662,25.97,90.13,16,2026/8/24 23:11,Batch 1 · 310
1663,25.97,90.17,16,2026/8/24 23:12,Batch 1 · 310
1663,26.01,90.17,16,2026/8/24 23:13,Batch 1 · 310
1663,26.02,90.18,16,2026/8/24 23:14,Batch 1 · 310
1665,26.03,90.19,16,2026/8/24 23:15,Batch 1 · 310
1666,26.05,90.17,16,2026/8/24 23:16,Batch 1 · 310
1668,26.12,90.2,16,2026/8/24 23:17,Batch 1 · 310
1668,26.12,90.19,16,2026/8/24 23:18,Batch 1 · 310
1669,26.15,90.23,16,2026/8/24 23:19,Batch 1 · 310
1672,26.16,90.21,16,2026/8/24 23:20,Batch 1 · 310
1676,26.16,90.21,16,2026/8/24 23:21,Batch 1 · 310
1674,26.19,90.2,17,2026/8/24 23:22,Batch 1 · 310
1674,26.22,90.24,17,2026/8/24 23:23,Batch 1 · 310
1676,26.25,90.23,17,2026/8/24 23:24,Batch 1 · 310
1678,26.29,90.26,17,2026/8/24 23:25,Batch 1 · 310
1677,26.29,90.21,17,2026/8/24 23:26,Batch 1 · 310
1677,26.3,90.23,17,2026/8/24 23:27,Batch 1 · 310
1678,26.33,90.23,17,2026/8/24 23:28,Batch 1 · 310
1682,26.34,90.24,17,2026/8/24 23:29,Batch 1 · 310
1678,26.36,90.27,17,2026/8/24 23:30,Batch 1 · 310
1681,26.42,90.25,18,2026/8/24 23:31,Batch 1 · 310
1683,26.42,90.24,18,2026/8/24 23:32,Batch 1 · 310
1686,26.46,90.25,18,2026/8/24 23:33,Batch 1 · 310
1685,26.47,90.29,18,2026/8/24 23:34,Batch 1 · 310
1688,26.49,90.23,18,2026/8/24 23:35,Batch 1 · 310
1687,26.53,90.24,18,2026/8/24 23:36,Batch 1 · 310
1688,26.54,90.25,18,2026/8/24 23:37,Batch 1 · 310
1687,26.57,90.29,18,2026/8/24 23:38,Batch 1 · 310
1690,26.6,90.28,19,2026/8/24 23:39,Batch 1 · 310
1692,26.63,90.26,19,2026/8/24 23:40,Batch 1 · 310
1691,26.66,90.27,19,2026/8/24 23:41,Batch 1 · 310
1691,26.67,90.28,19,2026/8/24 23:42,Batch 1 · 310
1694,26.68,90.22,19,2026/8/24 23:43,Batch 1 · 310
1697,26.7,90.26,19,2026/8/24 23:44,Batch 1 · 310
1698,26.73,90.24,19,2026/8/24 23:45,Batch 1 · 310
1697,26.77,90.26,19,2026/8/24 23:46,Batch 1 · 310
1696,26.8,90.26,20,2026/8/24 23:47,Batch 1 · 310
1694,26.8,90.24,20,2026/8/24 23:48,Batch 1 · 310
1698,26.8,90.24,20,2026/8/24 23:49,Batch 1 · 310
1700,26.87,90.28,20,2026/8/24 23:50,Batch 1 · 310
1701,26.87,90.28,20,2026/8/24 23:51,Batch 1 · 310
1701,26.88,90.24,20,2026/8/24 23:52,Batch 1 · 310
1704,26.91,90.22,20,2026/8/24 23:53,Batch 1 · 310
1706,26.93,90.22,21,2026/8/24 23:54,Batch 1 · 310
1705,26.96,90.21,21,2026/8/24 23:55,Batch 1 · 310
1707,26.98,90.18,21,2026/8/24 23:56,Batch 1 · 310
1711,26.99,90.22,21,2026/8/24 23:57,Batch 1 · 310
1709,27.03,90.2,21,2026/8/24 23:58,Batch 1 · 310
1714,27.06,90.19,21,2026/8/24 23:59,Batch 1 · 310
1713,27.05,90.21,22,2026/8/25 0:00,Batch 1 · 310
1712,27.08,90.16,22,2026/8/25 0:01,Batch 1 · 310
1716,27.1,90.2,22,2026/8/25 0:02,Batch 1 · 310
1716,27.1,90.18,22,2026/8/25 0:03,Batch 1 · 310
1715,27.15,90.14,22,2026/8/25 0:05,Batch 1 · 310
1716,27.16,90.13,23,2026/8/25 0:06,Batch 1 · 310
1720,27.19,90.17,23,2026/8/25 0:07,Batch 1 · 310
1722,27.19,90.14,23,2026/8/25 0:08,Batch 1 · 310
1721,27.24,90.14,23,2026/8/25 0:09,Batch 1 · 310
1722,27.23,90.14,23,2026/8/25 0:10,Batch 1 · 310
1722,27.26,90.1,23,2026/8/25 0:11,Batch 1 · 310
1724,27.27,90.11,23,2026/8/25 0:12,Batch 1 · 310
1732,27.27,90.11,24,2026/8/25 0:13,Batch 1 · 310
1728,27.32,90.1,24,2026/8/25 0:14,Batch 1 · 310
1729,27.33,90.08,24,2026/8/25 0:15,Batch 1 · 310
1732,27.37,90.1,24,2026/8/25 0:16,Batch 1 · 310
1734,27.37,90.1,24,2026/8/25 0:17,Batch 1 · 310
1735,27.4,90.07,24,2026/8/25 0:18,Batch 1 · 310
1735,27.41,90.06,25,2026/8/25 0:19,Batch 1 · 310
1736,27.43,90.06,25,2026/8/25 0:20,Batch 1 · 310
1736,27.46,90.02,25,2026/8/25 0:21,Batch 1 · 310
1738,27.47,90.03,25,2026/8/25 0:22,Batch 1 · 310
1737,27.47,90.05,25,2026/8/25 0:23,Batch 1 · 310
1739,27.52,90.05,25,2026/8/25 0:24,Batch 1 · 310
1743,27.5,90.03,26,2026/8/25 0:25,Batch 1 · 310
1743,27.51,90,26,2026/8/25 0:26,Batch 1 · 310
1745,27.54,89.99,26,2026/8/25 0:27,Batch 1 · 310
1747,27.54,90.01,26,2026/8/25 0:28,Batch 1 · 310
1748,27.58,90.01,26,2026/8/25 0:29,Batch 1 · 310
1745,27.59,89.99,27,2026/8/25 0:30,Batch 1 · 310
1747,27.62,90.01,27,2026/8/25 0:31,Batch 1 · 310
1748,27.64,89.96,27,2026/8/25 0:32,Batch 1 · 310
1751,27.64,89.98,27,2026/8/25 0:33,Batch 1 · 310
1753,27.66,89.97,27,2026/8/25 0:34,Batch 1 · 310
1755,27.68,89.97,27,2026/8/25 0:35,Batch 1 · 310
1755,27.68,89.95,27,2026/8/25 0:36,Batch 1 · 310
1756,27.69,89.96,28,2026/8/25 0:37,Batch 1 · 310
1757,27.74,89.93,28,2026/8/25 0:38,Batch 1 · 310
1757,27.74,89.92,28,2026/8/25 0:39,Batch 1 · 310
1759,27.74,89.9,29,2026/8/25 0:40,Batch 1 · 310
1758,27.79,89.91,29,2026/8/25 0:41,Batch 1 · 310
1763,27.81,89.93,29,2026/8/25 0:42,Batch 1 · 310
1763,27.82,89.9,29,2026/8/25 0:43,Batch 1 · 310
1762,27.82,89.93,29,2026/8/25 0:44,Batch 1 · 310
1766,27.86,89.9,30,2026/8/25 0:45,Batch 1 · 310
1768,27.85,89.85,30,2026/8/25 0:46,Batch 1 · 310
1771,27.88,89.89,30,2026/8/25 0:47,Batch 1 · 310
1770,27.88,89.88,30,2026/8/25 0:48,Batch 1 · 310
1771,27.9,89.85,30,2026/8/25 0:49,Batch 1 · 310
1776,27.92,89.84,31,2026/8/25 0:50,Batch 1 · 310
1775,27.93,89.88,31,2026/8/25 0:51,Batch 1 · 310
1774,27.93,89.85,31,2026/8/25 0:52,Batch 1 · 310
1775,27.95,89.85,31,2026/8/25 0:53,Batch 1 · 310
1775,27.98,89.82,31,2026/8/25 0:54,Batch 1 · 310
1780,27.99,89.85,31,2026/8/25 0:55,Batch 1 · 310
1781,27.96,89.8,32,2026/8/25 0:56,Batch 1 · 310
1781,28,89.82,32,2026/8/25 0:57,Batch 1 · 310
1784,28.05,89.82,32,2026/8/25 0:58,Batch 1 · 310
1783,28.05,89.79,32,2026/8/25 0:59,Batch 1 · 310
1785,28.06,89.8,33,2026/8/25 1:00,Batch 1 · 310
1789,28.06,89.79,33,2026/8/25 1:01,Batch 1 · 310
1789,28.07,89.76,33,2026/8/25 1:02,Batch 1 · 310
1790,28.09,89.77,33,2026/8/25 1:03,Batch 1 · 310
1789,28.11,89.77,33,2026/8/25 1:04,Batch 1 · 310
1790,28.11,89.76,33,2026/8/25 1:05,Batch 1 · 310
1794,28.13,89.76,34,2026/8/25 1:06,Batch 1 · 310
1796,28.14,89.73,34,2026/8/25 1:07,Batch 1 · 310
1795,28.17,89.79,34,2026/8/25 1:08,Batch 1 · 310
1795,28.18,89.74,34,2026/8/25 1:09,Batch 1 · 310
1797,28.23,89.75,34,2026/8/25 1:10,Batch 1 · 310
1797,28.2,89.73,35,2026/8/25 1:11,Batch 1 · 310
1795,28.23,89.75,35,2026/8/25 1:13,Batch 1 · 310
1802,28.23,89.75,35,2026/8/25 1:14,Batch 1 · 310
1800,28.24,89.76,35,2026/8/25 1:15,Batch 1 · 310
1802,28.26,89.73,35,2026/8/25 1:16,Batch 1 · 310
1805,28.26,89.74,36,2026/8/25 1:17,Batch 1 · 310
1804,28.27,89.73,36,2026/8/25 1:18,Batch 1 · 310
1805,28.3,89.7,36,2026/8/25 1:19,Batch 1 · 310
1804,28.27,89.69,36,2026/8/25 1:20,Batch 1 · 310
1806,28.31,89.68,37,2026/8/25 1:21,Batch 1 · 310
1808,28.33,89.69,37,2026/8/25 1:22,Batch 1 · 310
1809,28.33,89.69,37,2026/8/25 1:23,Batch 1 · 310
1808,28.31,89.68,37,2026/8/25 1:24,Batch 1 · 310
1811,28.36,89.67,37,2026/8/25 1:25,Batch 1 · 310
1813,28.37,89.68,38,2026/8/25 1:26,Batch 1 · 310
1815,28.38,89.69,38,2026/8/25 1:27,Batch 1 · 310
1814,28.4,89.65,38,2026/8/25 1:28,Batch 1 · 310
1818,28.4,89.63,38,2026/8/25 1:29,Batch 1 · 310
1821,28.41,89.67,38,2026/8/25 1:30,Batch 1 · 310
1822,28.41,89.63,39,2026/8/25 1:31,Batch 1 · 310
1823,28.42,89.64,39,2026/8/25 1:32,Batch 1 · 310
1826,28.42,89.63,39,2026/8/25 1:33,Batch 1 · 310
1826,28.44,89.62,39,2026/8/25 1:34,Batch 1 · 310
1825,28.45,89.64,39,2026/8/25 1:35,Batch 1 · 310
1826,28.45,89.61,39,2026/8/25 1:36,Batch 1 · 310
1829,28.47,89.62,40,2026/8/25 1:37,Batch 1 · 310
1833,28.48,89.57,40,2026/8/25 1:38,Batch 1 · 310
1832,28.49,89.59,40,2026/8/25 1:39,Batch 1 · 310
1834,28.51,89.61,40,2026/8/25 1:40,Batch 1 · 310
1833,28.49,89.55,40,2026/8/25 1:41,Batch 1 · 310
1835,28.54,89.58,41,2026/8/25 1:42,Batch 1 · 310
1839,28.54,89.61,41,2026/8/25 1:43,Batch 1 · 310
1839,28.54,89.55,41,2026/8/25 1:44,Batch 1 · 310
1841,28.55,89.58,41,2026/8/25 1:45,Batch 1 · 310
1842,28.56,89.58,41,2026/8/25 1:46,Batch 1 · 310
1844,28.54,89.57,41,2026/8/25 1:47,Batch 1 · 310
1843,28.56,89.61,41,2026/8/25 1:48,Batch 1 · 310
1843,28.59,89.56,42,2026/8/25 1:49,Batch 1 · 310
1844,28.58,89.54,42,2026/8/25 1:50,Batch 1 · 310
1847,28.61,89.55,42,2026/8/25 1:51,Batch 1 · 310
1848,28.61,89.55,42,2026/8/25 1:52,Batch 1 · 310
1848,28.61,89.56,42,2026/8/25 1:53,Batch 1 · 310
1851,28.61,89.52,42,2026/8/25 1:54,Batch 1 · 310
1853,28.62,89.52,43,2026/8/25 1:55,Batch 1 · 310
1855,28.64,89.55,43,2026/8/25 1:56,Batch 1 · 310
1854,28.65,89.51,43,2026/8/25 1:57,Batch 1 · 310
1856,28.65,89.51,43,2026/8/25 1:58,Batch 1 · 310
1857,28.66,89.49,43,2026/8/25 1:59,Batch 1 · 310
1857,28.66,89.52,43,2026/8/25 2:00,Batch 1 · 310
1858,28.66,89.51,44,2026/8/25 2:01,Batch 1 · 310
1858,28.69,89.49,44,2026/8/25 2:02,Batch 1 · 310
1860,28.69,89.49,44,2026/8/25 2:03,Batch 1 · 310
1860,28.68,89.47,44,2026/8/25 2:04,Batch 1 · 310
1863,28.68,89.47,45,2026/8/25 2:05,Batch 1 · 310
1863,28.71,89.48,45,2026/8/25 2:06,Batch 1 · 310
1868,28.73,89.48,45,2026/8/25 2:07,Batch 1 · 310
1869,28.75,89.5,45,2026/8/25 2:08,Batch 1 · 310
1867,28.75,89.47,45,2026/8/25 2:09,Batch 1 · 310
1868,28.73,89.45,46,2026/8/25 2:10,Batch 1 · 310
1871,28.76,89.45,46,2026/8/25 2:11,Batch 1 · 310
1873,28.77,89.48,46,2026/8/25 2:12,Batch 1 · 310
1878,28.77,89.46,46,2026/8/25 2:13,Batch 1 · 310
1876,28.79,89.49,46,2026/8/25 2:14,Batch 1 · 310
1878,28.79,89.47,46,2026/8/25 2:15,Batch 1 · 310
1879,28.79,89.46,46,2026/8/25 2:17,Batch 1 · 310
1881,28.82,89.45,46,2026/8/25 2:18,Batch 1 · 310
1884,28.83,89.44,46,2026/8/25 2:19,Batch 1 · 310
1884,28.82,89.43,47,2026/8/25 2:20,Batch 1 · 310
1883,28.82,89.43,47,2026/8/25 2:21,Batch 1 · 310
1887,28.82,89.43,47,2026/8/25 2:22,Batch 1 · 310
1889,28.83,89.42,48,2026/8/25 2:23,Batch 1 · 310
1892,28.85,89.44,48,2026/8/25 2:24,Batch 1 · 310
1895,28.87,89.45,48,2026/8/25 2:25,Batch 1 · 310
1895,28.87,89.44,48,2026/8/25 2:26,Batch 1 · 310
1896,28.87,89.45,48,2026/8/25 2:27,Batch 1 · 310
1901,28.86,89.44,48,2026/8/25 2:28,Batch 1 · 310
1899,28.87,89.44,48,2026/8/25 2:29,Batch 1 · 310
1901,28.89,89.4,48,2026/8/25 2:30,Batch 1 · 310
1903,28.9,89.42,49,2026/8/25 2:31,Batch 1 · 310
1906,28.9,89.41,49,2026/8/25 2:32,Batch 1 · 310
1909,28.93,89.4,49,2026/8/25 2:33,Batch 1 · 310
1910,28.93,89.41,49,2026/8/25 2:34,Batch 1 · 310
1912,28.95,89.44,49,2026/8/25 2:35,Batch 1 · 310
1910,28.92,89.4,50,2026/8/25 2:36,Batch 1 · 310
1912,28.93,89.37,50,2026/8/25 2:37,Batch 1 · 310
1917,28.95,89.38,50,2026/8/25 2:38,Batch 1 · 310
1917,28.96,89.4,50,2026/8/25 2:39,Batch 1 · 310
1915,28.95,89.41,50,2026/8/25 2:40,Batch 1 · 310
1920,28.95,89.39,50,2026/8/25 2:41,Batch 1 · 310
1924,28.97,89.37,50,2026/8/25 2:42,Batch 1 · 310
1923,28.97,89.36,51,2026/8/25 2:43,Batch 1 · 310
1925,28.96,89.4,51,2026/8/25 2:44,Batch 1 · 310
1931,28.97,89.38,51,2026/8/25 2:45,Batch 1 · 310
1935,28.97,89.37,52,2026/8/25 2:46,Batch 1 · 310
1932,29,89.41,52,2026/8/25 2:47,Batch 1 · 310
1934,29,89.33,52,2026/8/25 2:48,Batch 1 · 310
1936,29.03,89.38,52,2026/8/25 2:49,Batch 1 · 310
1938,29,89.38,52,2026/8/25 2:50,Batch 1 · 310
1943,29,89.38,52,2026/8/25 2:51,Batch 1 · 310
1942,29.03,89.4,52,2026/8/25 2:52,Batch 1 · 310
1947,29.01,89.36,52,2026/8/25 2:53,Batch 1 · 310
1949,29.03,89.36,53,2026/8/25 2:54,Batch 1 · 310
1949,29.03,89.34,53,2026/8/25 2:55,Batch 1 · 310
1949,29.04,89.34,53,2026/8/25 2:56,Batch 1 · 310
1957,29.03,89.34,53,2026/8/25 2:57,Batch 1 · 310
1958,29.04,89.3,54,2026/8/25 2:58,Batch 1 · 310
1953,29.07,89.34,54,2026/8/25 2:59,Batch 1 · 310
1957,29.06,89.33,54,2026/8/25 3:00,Batch 1 · 310
1962,29.07,89.36,54,2026/8/25 3:01,Batch 1 · 310
1962,29.07,89.35,54,2026/8/25 3:02,Batch 1 · 310
1964,29.07,89.36,54,2026/8/25 3:03,Batch 1 · 310
1965,29.1,89.35,55,2026/8/25 3:04,Batch 1 · 310
1965,29.08,89.36,55,2026/8/25 3:05,Batch 1 · 310
1968,29.11,89.33,55,2026/8/25 3:06,Batch 1 · 310
1969,29.11,89.34,55,2026/8/25 3:07,Batch 1 · 310
1973,29.11,89.32,55,2026/8/25 3:08,Batch 1 · 310
1973,29.11,89.36,55,2026/8/25 3:09,Batch 1 · 310
1975,29.13,89.32,55,2026/8/25 3:10,Batch 1 · 310
1979,29.11,89.3,55,2026/8/25 3:11,Batch 1 · 310
1979,29.14,89.29,56,2026/8/25 3:12,Batch 1 · 310
1982,29.13,89.31,56,2026/8/25 3:13,Batch 1 · 310
1986,29.14,89.31,56,2026/8/25 3:14,Batch 1 · 310
1985,29.13,89.33,57,2026/8/25 3:15,Batch 1 · 310
1988,29.14,89.31,57,2026/8/25 3:17,Batch 1 · 310
1987,29.15,89.34,57,2026/8/25 3:18,Batch 1 · 310
1991,29.13,89.28,57,2026/8/25 3:19,Batch 1 · 310
1991,29.15,89.31,57,2026/8/25 3:20,Batch 1 · 310
1996,29.15,89.31,57,2026/8/25 3:21,Batch 1 · 310
1999,29.15,89.3,57,2026/8/25 3:22,Batch 1 · 310
1998,29.17,89.31,57,2026/8/25 3:23,Batch 1 · 310
2000,29.15,89.31,58,2026/8/25 3:24,Batch 1 · 310
2005,29.21,89.29,58,2026/8/25 3:25,Batch 1 · 310
2002,29.17,89.3,58,2026/8/25 3:26,Batch 1 · 310
2006,29.18,89.32,58,2026/8/25 3:27,Batch 1 · 310
2008,29.18,89.28,58,2026/8/25 3:28,Batch 1 · 310
2010,29.22,89.31,58,2026/8/25 3:29,Batch 1 · 310
2014,29.2,89.28,59,2026/8/25 3:30,Batch 1 · 310
2013,29.18,89.3,59,2026/8/25 3:31,Batch 1 · 310
2014,29.21,89.28,59,2026/8/25 3:32,Batch 1 · 310
2021,29.21,89.29,59,2026/8/25 3:33,Batch 1 · 310
2018,29.21,89.3,59,2026/8/25 3:34,Batch 1 · 310
2019,29.24,89.26,59,2026/8/25 3:35,Batch 1 · 310
2018,29.24,89.28,59,2026/8/25 3:36,Batch 1 · 310
2023,29.22,89.29,59,2026/8/25 3:37,Batch 1 · 310
2024,29.22,89.26,60,2026/8/25 3:38,Batch 1 · 310
2026,29.22,89.25,60,2026/8/25 3:39,Batch 1 · 310
2030,29.22,89.28,60,2026/8/25 3:40,Batch 1 · 310
2032,29.22,89.25,60,2026/8/25 3:41,Batch 1 · 310
2034,29.25,89.29,60,2026/8/25 3:42,Batch 1 · 310
2036,29.24,89.26,60,2026/8/25 3:43,Batch 1 · 310
2035,29.28,89.26,61,2026/8/25 3:44,Batch 1 · 310
2041,29.27,89.26,61,2026/8/25 3:45,Batch 1 · 310
2041,29.29,89.27,61,2026/8/25 3:46,Batch 1 · 310
2041,29.28,89.28,61,2026/8/25 3:47,Batch 1 · 310
2042,29.28,89.23,61,2026/8/25 3:48,Batch 1 · 310
2044,29.28,89.26,61,2026/8/25 3:49,Batch 1 · 310
2047,29.28,89.26,62,2026/8/25 3:50,Batch 1 · 310
2051,29.29,89.29,62,2026/8/25 3:51,Batch 1 · 310
2054,29.29,89.28,62,2026/8/25 3:52,Batch 1 · 310
2053,29.29,89.3,62,2026/8/25 3:53,Batch 1 · 310
2055,29.31,89.25,62,2026/8/25 3:54,Batch 1 · 310
2058,29.31,89.27,62,2026/8/25 3:55,Batch 1 · 310
2062,29.31,89.25,62,2026/8/25 3:56,Batch 1 · 310
2063,29.32,89.24,63,2026/8/25 3:57,Batch 1 · 310
2062,29.32,89.26,63,2026/8/25 3:58,Batch 1 · 310
2065,29.32,89.24,63,2026/8/25 3:59,Batch 1 · 310
2067,29.32,89.24,63,2026/8/25 4:00,Batch 1 · 310
2069,29.34,89.25,63,2026/8/25 4:01,Batch 1 · 310
2071,29.34,89.24,63,2026/8/25 4:02,Batch 1 · 310
2072,29.34,89.24,64,2026/8/25 4:03,Batch 1 · 310
2071,29.34,89.27,64,2026/8/25 4:04,Batch 1 · 310
2076,29.35,89.25,64,2026/8/25 4:05,Batch 1 · 310
2077,29.35,89.24,64,2026/8/25 4:06,Batch 1 · 310
2080,29.38,89.25,64,2026/8/25 4:07,Batch 1 · 310
2079,29.38,89.25,64,2026/8/25 4:08,Batch 1 · 310
2082,29.37,89.24,64,2026/8/25 4:09,Batch 1 · 310
2085,29.39,89.27,64,2026/8/25 4:10,Batch 1 · 310
2085,29.38,89.24,64,2026/8/25 4:11,Batch 1 · 310
2087,29.39,89.21,64,2026/8/25 4:12,Batch 1 · 310
2089,29.42,89.26,65,2026/8/25 4:13,Batch 1 · 310
2094,29.39,89.25,65,2026/8/25 4:15,Batch 1 · 310
2090,29.39,89.26,65,2026/8/25 4:16,Batch 1 · 310
2091,29.42,89.24,65,2026/8/25 4:17,Batch 1 · 310
2096,29.41,89.23,65,2026/8/25 4:18,Batch 1 · 310
2099,29.42,89.25,66,2026/8/25 4:19,Batch 1 · 310
2100,29.44,89.24,66,2026/8/25 4:20,Batch 1 · 310
2099,29.41,89.24,66,2026/8/25 4:21,Batch 1 · 310
2103,29.42,89.23,66,2026/8/25 4:22,Batch 1 · 310
2108,29.44,89.24,66,2026/8/25 4:23,Batch 1 · 310
2109,29.42,89.2,66,2026/8/25 4:24,Batch 1 · 310
2105,29.45,89.25,66,2026/8/25 4:25,Batch 1 · 310
2109,29.44,89.22,67,2026/8/25 4:26,Batch 1 · 310
2110,29.44,89.24,67,2026/8/25 4:27,Batch 1 · 310
2111,29.45,89.2,67,2026/8/25 4:28,Batch 1 · 310
2115,29.45,89.24,67,2026/8/25 4:29,Batch 1 · 310
2113,29.44,89.18,67,2026/8/25 4:30,Batch 1 · 310
2119,29.45,89.24,68,2026/8/25 4:31,Batch 1 · 310
2121,29.46,89.19,68,2026/8/25 4:32,Batch 1 · 310
2124,29.44,89.18,68,2026/8/25 4:33,Batch 1 · 310
2125,29.46,89.24,68,2026/8/25 4:34,Batch 1 · 310
2128,29.48,89.22,68,2026/8/25 4:35,Batch 1 · 310
2127,29.46,89.23,68,2026/8/25 4:36,Batch 1 · 310
2130,29.49,89.22,68,2026/8/25 4:37,Batch 1 · 310
2132,29.49,89.23,68,2026/8/25 4:38,Batch 1 · 310
2133,29.49,89.23,69,2026/8/25 4:39,Batch 1 · 310
2133,29.49,89.19,69,2026/8/25 4:40,Batch 1 · 310
2136,29.51,89.2,69,2026/8/25 4:41,Batch 1 · 310
2137,29.49,89.2,69,2026/8/25 4:42,Batch 1 · 310
2140,29.48,89.19,69,2026/8/25 4:43,Batch 1 · 310
2143,29.49,89.22,70,2026/8/25 4:44,Batch 1 · 310
2144,29.48,89.22,70,2026/8/25 4:45,Batch 1 · 310
2145,29.51,89.2,70,2026/8/25 4:46,Batch 1 · 310
2150,29.52,89.2,70,2026/8/25 4:47,Batch 1 · 310
2150,29.53,89.19,70,2026/8/25 4:48,Batch 1 · 310
2151,29.52,89.21,70,2026/8/25 4:49,Batch 1 · 310
2152,29.53,89.2,70,2026/8/25 4:50,Batch 1 · 310
2152,29.53,89.25,71,2026/8/25 4:51,Batch 1 · 310
2159,29.55,89.2,71,2026/8/25 4:52,Batch 1 · 310
2159,29.53,89.19,71,2026/8/25 4:53,Batch 1 · 310
2158,29.52,89.18,71,2026/8/25 4:54,Batch 1 · 310
2163,29.55,89.2,71,2026/8/25 4:55,Batch 1 · 310
2165,29.53,89.2,71,2026/8/25 4:56,Batch 1 · 310
2168,29.53,89.18,71,2026/8/25 4:57,Batch 1 · 310
2170,29.53,89.18,72,2026/8/25 4:58,Batch 1 · 310
2172,29.55,89.19,72,2026/8/25 4:59,Batch 1 · 310
2172,29.56,89.19,72,2026/8/25 5:00,Batch 1 · 310
2172,29.58,89.18,72,2026/8/25 5:01,Batch 1 · 310
2174,29.56,89.18,72,2026/8/25 5:02,Batch 1 · 310
2177,29.55,89.18,72,2026/8/25 5:03,Batch 1 · 310
2181,29.56,89.17,73,2026/8/25 5:04,Batch 1 · 310
2182,29.56,89.18,73,2026/8/25 5:05,Batch 1 · 310
2182,29.58,89.17,73,2026/8/25 5:06,Batch 1 · 310
2182,29.59,89.16,73,2026/8/25 5:07,Batch 1 · 310
2187,29.6,89.2,73,2026/8/25 5:08,Batch 1 · 310
2191,29.58,89.22,73,2026/8/25 5:10,Batch 1 · 310
2196,29.58,89.21,73,2026/8/25 5:11,Batch 1 · 310
2197,29.59,89.19,73,2026/8/25 5:12,Batch 1 · 310
2193,29.58,89.19,73,2026/8/25 5:13,Batch 1 · 310
2194,29.6,89.15,74,2026/8/25 5:14,Batch 1 · 310
2198,29.59,89.18,74,2026/8/25 5:15,Batch 1 · 310
2201,29.6,89.21,74,2026/8/25 5:16,Batch 1 · 310
2204,29.6,89.18,75,2026/8/25 5:17,Batch 1 · 310
2205,29.65,89.22,75,2026/8/25 5:18,Batch 1 · 310
2206,29.6,89.19,75,2026/8/25 5:19,Batch 1 · 310
2210,29.62,89.17,75,2026/8/25 5:20,Batch 1 · 310
2208,29.59,89.17,75,2026/8/25 5:21,Batch 1 · 310
2210,29.63,89.17,75,2026/8/25 5:22,Batch 1 · 310
2218,29.63,89.18,75,2026/8/25 5:23,Batch 1 · 310
2215,29.62,89.16,75,2026/8/25 5:24,Batch 1 · 310
2219,29.62,89.17,76,2026/8/25 5:25,Batch 1 · 310
2218,29.63,89.19,76,2026/8/25 5:26,Batch 1 · 310
2224,29.66,89.15,76,2026/8/25 5:27,Batch 1 · 310
2224,29.66,89.18,76,2026/8/25 5:28,Batch 1 · 310
2224,29.65,89.2,76,2026/8/25 5:29,Batch 1 · 310
2226,29.66,89.15,76,2026/8/25 5:30,Batch 1 · 310
2230,29.66,89.2,76,2026/8/25 5:31,Batch 1 · 310
2233,29.66,89.18,76,2026/8/25 5:32,Batch 1 · 310
2230,29.69,89.17,76,2026/8/25 5:33,Batch 1 · 310
2230,29.67,89.17,77,2026/8/25 5:34,Batch 1 · 310
2236,29.67,89.17,77,2026/8/25 5:35,Batch 1 · 310
2238,29.67,89.17,77,2026/8/25 5:36,Batch 1 · 310
2239,29.67,89.15,77,2026/8/25 5:37,Batch 1 · 310
2240,29.67,89.15,77,2026/8/25 5:38,Batch 1 · 310
2244,29.69,89.18,77,2026/8/25 5:39,Batch 1 · 310
2243,29.66,89.14,77,2026/8/25 5:40,Batch 1 · 310
2240,29.67,89.13,78,2026/8/25 5:41,Batch 1 · 310
2244,29.69,89.14,78,2026/8/25 5:42,Batch 1 · 310
2248,29.72,89.17,78,2026/8/25 5:43,Batch 1 · 310
2252,29.69,89.13,78,2026/8/25 5:44,Batch 1 · 310
2257,29.69,89.14,78,2026/8/25 5:45,Batch 1 · 310
2260,29.7,89.14,78,2026/8/25 5:46,Batch 1 · 310
2257,29.72,89.17,78,2026/8/25 5:47,Batch 1 · 310
2257,29.69,89.13,78,2026/8/25 5:48,Batch 1 · 310
2258,29.72,89.17,78,2026/8/25 5:49,Batch 1 · 310
2261,29.69,89.13,78,2026/8/25 5:50,Batch 1 · 310
2262,29.72,89.15,78,2026/8/25 5:51,Batch 1 · 310
2261,29.72,89.14,79,2026/8/25 5:52,Batch 1 · 310
2266,29.73,89.14,79,2026/8/25 5:53,Batch 1 · 310
2266,29.73,89.16,79,2026/8/25 5:54,Batch 1 · 310
2268,29.74,89.16,79,2026/8/25 5:55,Batch 1 · 310
2271,29.73,89.18,79,2026/8/25 5:56,Batch 1 · 310
2273,29.73,89.14,80,2026/8/25 5:57,Batch 1 · 310
2276,29.73,89.14,80,2026/8/25 5:58,Batch 1 · 310
2277,29.74,89.14,80,2026/8/25 5:59,Batch 1 · 310
2279,29.74,89.14,80,2026/8/25 6:00,Batch 1 · 310
2280,29.74,89.11,80,2026/8/25 6:01,Batch 1 · 310
2280,29.74,89.13,80,2026/8/25 6:02,Batch 1 · 310
2283,29.73,89.14,80,2026/8/25 6:04,Batch 1 · 310
2285,29.73,89.14,80,2026/8/25 6:05,Batch 1 · 310
2287,29.74,89.16,80,2026/8/25 6:06,Batch 1 · 310
2287,29.74,89.11,80,2026/8/25 6:07,Batch 1 · 310
2294,29.76,89.1,81,2026/8/25 6:08,Batch 1 · 310
2293,29.76,89.13,81,2026/8/25 6:09,Batch 1 · 310
2294,29.77,89.14,82,2026/8/25 6:10,Batch 1 · 310
2294,29.74,89.11,82,2026/8/25 6:11,Batch 1 · 310
2294,29.77,89.14,82,2026/8/25 6:12,Batch 1 · 310
2298,29.74,89.12,82,2026/8/25 6:13,Batch 1 · 310
2300,29.77,89.13,82,2026/8/25 6:14,Batch 1 · 310
2303,29.79,89.13,82,2026/8/25 6:15,Batch 1 · 310
2303,29.77,89.13,82,2026/8/25 6:16,Batch 1 · 310
2304,29.76,89.12,82,2026/8/25 6:17,Batch 1 · 310
2309,29.77,89.1,82,2026/8/25 6:18,Batch 1 · 310
2313,29.8,89.13,83,2026/8/25 6:19,Batch 1 · 310
2312,29.79,89.11,83,2026/8/25 6:20,Batch 1 · 310
2313,29.8,89.12,83,2026/8/25 6:21,Batch 1 · 310
2313,29.81,89.14,83,2026/8/25 6:22,Batch 1 · 310
2315,29.8,89.12,83,2026/8/25 6:23,Batch 1 · 310
2317,29.8,89.14,83,2026/8/25 6:24,Batch 1 · 310
2318,29.83,89.14,84,2026/8/25 6:25,Batch 1 · 310
2324,29.8,89.12,84,2026/8/25 6:26,Batch 1 · 310
2326,29.81,89.1,84,2026/8/25 6:27,Batch 1 · 310
2323,29.8,89.11,84,2026/8/25 6:28,Batch 1 · 310
2325,29.83,89.14,84,2026/8/25 6:29,Batch 1 · 310
2327,29.84,89.13,84,2026/8/25 6:30,Batch 1 · 310
2330,29.81,89.14,84,2026/8/25 6:31,Batch 1 · 310
2331,29.81,89.13,84,2026/8/25 6:32,Batch 1 · 310
2335,29.84,89.11,85,2026/8/25 6:33,Batch 1 · 310
2334,29.83,89.13,85,2026/8/25 6:34,Batch 1 · 310
2335,29.83,89.12,85,2026/8/25 6:35,Batch 1 · 310
2338,29.83,89.14,86,2026/8/25 6:36,Batch 1 · 310
2341,29.83,89.09,86,2026/8/25 6:37,Batch 1 · 310
2342,29.84,89.12,86,2026/8/25 6:38,Batch 1 · 310
2343,29.83,89.11,86,2026/8/25 6:39,Batch 1 · 310
2347,29.84,89.12,86,2026/8/25 6:40,Batch 1 · 310
2345,29.83,89.1,86,2026/8/25 6:41,Batch 1 · 310
2349,29.86,89.09,86,2026/8/25 6:42,Batch 1 · 310
2353,29.87,89.13,86,2026/8/25 6:43,Batch 1 · 310
2352,29.84,89.15,87,2026/8/25 6:44,Batch 1 · 310
2353,29.87,89.11,87,2026/8/25 6:45,Batch 1 · 310
2353,29.87,89.11,87,2026/8/25 6:46,Batch 1 · 310
2357,29.87,89.13,87,2026/8/25 6:47,Batch 1 · 310
2358,29.86,89.09,87,2026/8/25 6:48,Batch 1 · 310
2361,29.87,89.09,87,2026/8/25 6:49,Batch 1 · 310
2361,29.89,89.13,88,2026/8/25 6:50,Batch 1 · 310
2365,29.89,89.11,88,2026/8/25 6:51,Batch 1 · 310
2371,29.91,89.1,88,2026/8/25 6:52,Batch 1 · 310
2370,29.89,89.1,88,2026/8/25 6:53,Batch 1 · 310
2371,29.87,89.09,88,2026/8/25 6:55,Batch 1 · 310
2372,29.87,89.11,89,2026/8/25 6:56,Batch 1 · 310
2373,29.89,89.12,89,2026/8/25 6:57,Batch 1 · 310
2373,29.89,89.09,89,2026/8/25 6:58,Batch 1 · 310
2375,29.9,89.12,89,2026/8/25 6:59,Batch 1 · 310
2379,29.9,89.11,89,2026/8/25 7:00,Batch 1 · 310
2383,29.89,89.1,89,2026/8/25 7:01,Batch 1 · 310
2387,29.9,89.12,89,2026/8/25 7:02,Batch 1 · 310
2384,29.89,89.07,89,2026/8/25 7:03,Batch 1 · 310
2387,29.91,89.1,89,2026/8/25 7:04,Batch 1 · 310
2390,29.91,89.1,89,2026/8/25 7:05,Batch 1 · 310
2390,29.91,89.1,90,2026/8/25 7:06,Batch 1 · 310
2392,29.93,89.11,90,2026/8/25 7:07,Batch 1 · 310
2389,29.93,89.12,90,2026/8/25 7:08,Batch 1 · 310
2395,29.93,89.09,90,2026/8/25 7:09,Batch 1 · 310
2398,29.94,89.07,90,2026/8/25 7:10,Batch 1 · 310
2401,29.94,89.08,90,2026/8/25 7:11,Batch 1 · 310
2402,29.94,89.09,90,2026/8/25 7:12,Batch 1 · 310
2403,29.93,89.09,91,2026/8/25 7:13,Batch 1 · 310
2409,29.94,89.09,91,2026/8/25 7:14,Batch 1 · 310
2411,29.95,89.09,91,2026/8/25 7:15,Batch 1 · 310
2409,29.95,89.11,91,2026/8/25 7:16,Batch 1 · 310
2409,29.94,89.11,91,2026/8/25 7:17,Batch 1 · 310
2411,29.95,89.11,92,2026/8/25 7:18,Batch 1 · 310
2416,29.94,89.11,92,2026/8/25 7:19,Batch 1 · 310
2420,29.97,89.12,92,2026/8/25 7:20,Batch 1 · 310
2420,29.95,89.09,92,2026/8/25 7:21,Batch 1 · 310
2421,29.95,89.09,92,2026/8/25 7:22,Batch 1 · 310
2424,29.97,89.09,92,2026/8/25 7:23,Batch 1 · 310
2426,29.94,89.1,93,2026/8/25 7:24,Batch 1 · 310
2427,29.98,89.1,93,2026/8/25 7:25,Batch 1 · 310
2427,29.97,89.09,93,2026/8/25 7:26,Batch 1 · 310
2423,29.98,89.1,93,2026/8/25 7:27,Batch 1 · 310
2428,29.98,89.1,93,2026/8/25 7:28,Batch 1 · 310
2433,30,89.12,93,2026/8/25 7:29,Batch 1 · 310
2433,30,89.11,93,2026/8/25 7:30,Batch 1 · 310
2434,29.95,89.09,93,2026/8/25 7:31,Batch 1 · 310
2434,30,89.09,93,2026/8/25 7:32,Batch 1 · 310
2437,30,89.1,94,2026/8/25 7:33,Batch 1 · 310
2442,30,89.11,94,2026/8/25 7:34,Batch 1 · 310
2442,30.01,89.08,94,2026/8/25 7:35,Batch 1 · 310
2444,30,89.08,95,2026/8/25 7:36,Batch 1 · 310
2446,30,89.09,95,2026/8/25 7:37,Batch 1 · 310
2445,30.01,89.06,95,2026/8/25 7:38,Batch 1 · 310
2450,30.01,89.09,95,2026/8/25 7:39,Batch 1 · 310
2453,30.01,89.09,95,2026/8/25 7:40,Batch 1 · 310
2453,30.03,89.06,95,2026/8/25 7:41,Batch 1 · 310
2453,30.03,89.09,95,2026/8/25 7:42,Batch 1 · 310
2455,30.03,89.09,95,2026/8/25 7:43,Batch 1 · 310
2452,30.04,89.07,96,2026/8/25 7:45,Batch 1 · 310
2458,30.04,89.08,96,2026/8/25 7:46,Batch 1 · 310
2460,30.05,89.06,96,2026/8/25 7:47,Batch 1 · 310
2459,30.04,89.07,96,2026/8/25 7:48,Batch 1 · 310
2460,30.04,89.11,96,2026/8/25 7:49,Batch 1 · 310
2462,30.04,89.08,96,2026/8/25 7:50,Batch 1 · 310
2466,30.05,89.08,96,2026/8/25 7:51,Batch 1 · 310
2466,30.04,89.08,96,2026/8/25 7:52,Batch 1 · 310
2473,30.07,89.08,96,2026/8/25 7:53,Batch 1 · 310
2475,30.04,89.1,96,2026/8/25 7:54,Batch 1 · 310
2470,30.05,89.08,96,2026/8/25 7:55,Batch 1 · 310
2474,30.05,89.09,97,2026/8/25 7:56,Batch 1 · 310
2473,30.05,89.1,97,2026/8/25 7:57,Batch 1 · 310
2475,30.08,89.1,97,2026/8/25 7:58,Batch 1 · 310
2480,30.08,89.09,98,2026/8/25 7:59,Batch 1 · 310
2476,30.05,89.06,98,2026/8/25 8:00,Batch 1 · 310
2478,30.1,89.07,98,2026/8/25 8:01,Batch 1 · 310
2480,30.07,89.07,98,2026/8/25 8:02,Batch 1 · 310
2484,30.08,89.04,98,2026/8/25 8:03,Batch 1 · 310
2488,30.08,89.07,98,2026/8/25 8:04,Batch 1 · 310
2488,30.07,89.06,98,2026/8/25 8:05,Batch 1 · 310
2493,30.1,89.05,98,2026/8/25 8:06,Batch 1 · 310
2496,30.1,89.08,98,2026/8/25 8:07,Batch 1 · 310
2494,30.1,89.08,98,2026/8/25 8:08,Batch 1 · 310
2496,30.12,89.1,98,2026/8/25 8:09,Batch 1 · 310
2500,30.11,89.07,99,2026/8/25 8:10,Batch 1 · 310
2498,30.11,89.09,99,2026/8/25 8:11,Batch 1 · 310
2500,30.11,89.05,99,2026/8/25 8:12,Batch 1 · 310
2506,30.12,89.09,100,2026/8/25 8:13,Batch 1 · 310
2504,30.14,89.07,100,2026/8/25 8:14,Batch 1 · 310
2507,30.12,89.06,100,2026/8/25 8:15,Batch 1 · 310
2509,30.11,89.06,100,2026/8/25 8:16,Batch 1 · 310
2511,30.14,89.08,100,2026/8/25 8:17,Batch 1 · 310
2514,30.12,89.08,100,2026/8/25 8:18,Batch 1 · 310
2516,30.15,89.07,100,2026/8/25 8:19,Batch 1 · 310
2518,30.15,89.06,100,2026/8/25 8:20,Batch 1 · 310
2516,30.14,89.05,100,2026/8/25 8:21,Batch 1 · 310
2520,30.14,89.09,100,2026/8/25 8:22,Batch 1 · 310
2526,30.15,89.07,101,2026/8/25 8:23,Batch 1 · 310
2526,30.15,89.07,101,2026/8/25 8:24,Batch 1 · 310
2520,30.15,89.07,102,2026/8/25 8:25,Batch 1 · 310
2529,30.14,89.07,102,2026/8/25 8:26,Batch 1 · 310
2530,30.15,89.06,102,2026/8/25 8:27,Batch 1 · 310
2531,30.17,89.07,102,2026/8/25 8:28,Batch 1 · 310
2531,30.18,89.07,102,2026/8/25 8:29,Batch 1 · 310
2531,30.18,89.08,102,2026/8/25 8:30,Batch 1 · 310
2531,30.19,89.04,103,2026/8/25 8:31,Batch 1 · 310
2534,30.17,89.06,103,2026/8/25 8:33,Batch 1 · 310
2536,30.17,89.05,103,2026/8/25 8:34,Batch 1 · 310
2543,30.18,89.09,103,2026/8/25 8:35,Batch 1 · 310
2542,30.18,89.08,103,2026/8/25 8:36,Batch 1 · 310
2541,30.18,89.08,104,2026/8/25 8:37,Batch 1 · 310
2545,30.18,89.07,104,2026/8/25 8:38,Batch 1 · 310
2545,30.18,89.05,104,2026/8/25 8:39,Batch 1 · 310
2545,30.15,88.98,104,2026/8/25 8:40,Batch 1 · 310
2549,30.11,88.95,104,2026/8/25 8:41,Batch 1 · 310
2549,30.12,88.88,104,2026/8/25 8:42,Batch 1 · 310
2549,30.07,88.81,104,2026/8/25 8:43,Batch 1 · 310
2550,30.01,88.71,104,2026/8/25 8:44,Batch 1 · 310
2555,30,88.66,104,2026/8/25 8:45,Batch 1 · 310
2556,29.95,88.53,104,2026/8/25 8:46,Batch 1 · 310
2558,29.89,88.45,103,2026/8/25 8:47,Batch 1 · 310
2560,29.83,88.31,103,2026/8/25 8:48,Batch 1 · 310
2560,29.77,88.24,102,2026/8/25 8:49,Batch 1 · 310
2561,29.73,88.12,101,2026/8/25 8:50,Batch 1 · 310
2564,29.65,88.03,100,2026/8/25 8:51,Batch 1 · 310
2568,29.58,87.97,100,2026/8/25 8:52,Batch 1 · 310
2570,29.51,87.87,98,2026/8/25 8:53,Batch 1 · 310
2571,29.44,87.82,98,2026/8/25 8:54,Batch 1 · 310
2573,29.35,87.74,96,2026/8/25 8:55,Batch 1 · 310
2570,29.28,87.69,96,2026/8/25 8:56,Batch 1 · 310
2572,29.21,87.63,95,2026/8/25 8:57,Batch 1 · 310
2575,29.11,87.58,93,2026/8/25 8:58,Batch 1 · 310
2576,29.03,87.5,92,2026/8/25 8:59,Batch 1 · 310
2578,28.97,87.4,91,2026/8/25 9:00,Batch 1 · 310
2575,28.89,87.38,90,2026/8/25 9:01,Batch 1 · 310
2575,28.82,87.33,89,2026/8/25 9:02,Batch 1 · 310
2578,28.71,87.3,87,2026/8/25 9:03,Batch 1 · 310
2582,28.65,87.27,86,2026/8/25 9:04,Batch 1 · 310
2586,28.58,87.25,85,2026/8/25 9:05,Batch 1 · 310
2582,28.49,87.25,84,2026/8/25 9:06,Batch 1 · 310
2582,28.44,87.23,82,2026/8/25 9:07,Batch 1 · 310
2584,28.36,87.22,82,2026/8/25 9:08,Batch 1 · 310
2586,28.29,87.22,80,2026/8/25 9:09,Batch 1 · 310
2583,28.18,87.24,79,2026/8/25 9:10,Batch 1 · 310
2584,28.13,87.27,78,2026/8/25 9:11,Batch 1 · 310
2584,28.09,87.28,77,2026/8/25 9:12,Batch 1 · 310
2586,28.02,87.28,76,2026/8/25 9:13,Batch 1 · 310
2589,27.96,87.37,75,2026/8/25 9:14,Batch 1 · 310
2588,27.89,87.37,73,2026/8/25 9:15,Batch 1 · 310
2589,27.85,87.43,73,2026/8/25 9:16,Batch 1 · 310
2592,27.81,87.51,72,2026/8/25 9:17,Batch 1 · 310
2593,27.78,87.62,71,2026/8/25 9:18,Batch 1 · 310
2593,27.74,87.68,71,2026/8/25 9:20,Batch 1 · 310
2595,27.72,87.78,70,2026/8/25 9:21,Batch 1 · 310
2595,27.66,87.87,69,2026/8/25 9:22,Batch 1 · 310
2600,27.65,87.97,68,2026/8/25 9:23,Batch 1 · 310
2605,27.65,88.09,68,2026/8/25 9:24,Batch 1 · 310
2601,27.62,88.19,68,2026/8/25 9:25,Batch 1 · 310
2603,27.61,88.3,67,2026/8/25 9:26,Batch 1 · 310
2609,27.62,88.39,67,2026/8/25 9:27,Batch 1 · 310
2607,27.64,88.49,66,2026/8/25 9:28,Batch 1 · 310
2611,27.62,88.59,66,2026/8/25 9:29,Batch 1 · 310
2615,27.64,88.66,66,2026/8/25 9:30,Batch 1 · 310
2612,27.65,88.75,66,2026/8/25 9:31,Batch 1 · 310
2613,27.68,88.82,66,2026/8/25 9:32,Batch 1 · 310
2612,27.68,88.9,65,2026/8/25 9:33,Batch 1 · 310
2613,27.69,88.93,65,2026/8/25 9:34,Batch 1 · 310
2618,27.71,88.97,65,2026/8/25 9:35,Batch 1 · 310
2616,27.71,89.02,65,2026/8/25 9:36,Batch 1 · 310
2615,27.74,89.07,65,2026/8/25 9:37,Batch 1 · 310
2620,27.77,89.11,65,2026/8/25 9:38,Batch 1 · 310
2622,27.79,89.18,65,2026/8/25 9:39,Batch 1 · 310
2623,27.81,89.17,65,2026/8/25 9:40,Batch 1 · 310
2623,27.82,89.18,65,2026/8/25 9:41,Batch 1 · 310
2627,27.82,89.2,65,2026/8/25 9:42,Batch 1 · 310
2629,27.85,89.23,65,2026/8/25 9:43,Batch 1 · 310
2627,27.86,89.24,65,2026/8/25 9:44,Batch 1 · 310
2630,27.89,89.26,65,2026/8/25 9:45,Batch 1 · 310
2628,27.89,89.25,66,2026/8/25 9:46,Batch 1 · 310
2630,27.92,89.27,66,2026/8/25 9:47,Batch 1 · 310
2634,27.9,89.23,66,2026/8/25 9:48,Batch 1 · 310
2637,27.93,89.24,66,2026/8/25 9:49,Batch 1 · 310
2636,27.95,89.19,66,2026/8/25 9:50,Batch 1 · 310
2640,27.93,89.2,66,2026/8/25 9:51,Batch 1 · 310
2639,27.95,89.15,66,2026/8/25 9:52,Batch 1 · 310
2636,27.93,89.16,66,2026/8/25 9:53,Batch 1 · 310
2642,27.93,89.12,66,2026/8/25 9:54,Batch 1 · 310
2645,27.96,89.11,66,2026/8/25 9:55,Batch 1 · 310
2643,27.93,89.08,66,2026/8/25 9:56,Batch 1 · 310
2646,27.93,89.06,66,2026/8/25 9:57,Batch 1 · 310
2654,27.93,89.02,66,2026/8/25 9:58,Batch 1 · 310
2649,27.93,88.97,65,2026/8/25 9:59,Batch 1 · 310
2651,27.9,88.93,65,2026/8/25 10:00,Batch 1 · 310
2653,27.92,88.98,65,2026/8/25 10:01,Batch 1 · 310
2649,27.93,88.98,65,2026/8/25 10:02,Batch 1 · 310
2655,27.93,88.96,65,2026/8/25 10:03,Batch 1 · 310
2655,27.9,88.97,65,2026/8/25 10:04,Batch 1 · 310
2660,27.93,89.03,65,2026/8/25 10:06,Batch 1 · 310
2665,27.95,89.03,65,2026/8/25 10:07,Batch 1 · 310
2666,27.95,89.03,65,2026/8/25 10:08,Batch 1 · 310
2663,27.93,89.04,65,2026/8/25 10:09,Batch 1 · 310
2663,27.93,89.04,65,2026/8/25 10:10,Batch 1 · 310
2664,27.96,89.07,65,2026/8/25 10:11,Batch 1 · 310
2666,27.96,89.07,65,2026/8/25 10:12,Batch 1 · 310
2666,27.96,89.08,65,2026/8/25 10:13,Batch 1 · 310
2670,27.96,89.07,65,2026/8/25 10:14,Batch 1 · 310
2674,27.98,89.09,65,2026/8/25 10:15,Batch 1 · 310
2673,27.98,89.09,65,2026/8/25 10:16,Batch 1 · 310
2672,27.99,89.05,65,2026/8/25 10:17,Batch 1 · 310
2668,27.98,89.07,65,2026/8/25 10:18,Batch 1 · 310
2677,27.98,89.04,65,2026/8/25 10:19,Batch 1 · 310
2678,27.99,89.01,65,2026/8/25 10:20,Batch 1 · 310
2680,27.98,89.02,65,2026/8/25 10:21,Batch 1 · 310
2681,27.99,89.02,65,2026/8/25 10:22,Batch 1 · 310
2683,27.99,88.99,65,2026/8/25 10:23,Batch 1 · 310
2683,27.96,88.98,65,2026/8/25 10:24,Batch 1 · 310
2683,27.99,88.96,65,2026/8/25 10:25,Batch 1 · 310
2683,27.99,88.93,65,2026/8/25 10:26,Batch 1 · 310
2686,27.99,88.94,65,2026/8/25 10:27,Batch 1 · 310
2691,27.98,88.93,65,2026/8/25 10:28,Batch 1 · 310
2689,27.99,88.91,65,2026/8/25 10:29,Batch 1 · 310
2691,27.98,88.94,65,2026/8/25 10:30,Batch 1 · 310
2693,27.98,88.91,65,2026/8/25 10:31,Batch 1 · 310
2694,27.96,88.88,64,2026/8/25 10:32,Batch 1 · 310
2694,27.96,88.92,65,2026/8/25 10:33,Batch 1 · 310
2696,27.95,88.91,64,2026/8/25 10:34,Batch 1 · 310
2699,27.96,88.95,64,2026/8/25 10:35,Batch 1 · 310
2702,27.96,88.96,64,2026/8/25 10:36,Batch 1 · 310
2699,27.96,88.94,64,2026/8/25 10:37,Batch 1 · 310
2701,27.96,88.92,64,2026/8/25 10:38,Batch 1 · 310
2701,27.98,88.95,64,2026/8/25 10:39,Batch 1 · 310
2700,27.98,88.92,64,2026/8/25 10:40,Batch 1 · 310
2702,27.96,88.95,64,2026/8/25 10:41,Batch 1 · 310
2707,27.98,88.97,64,2026/8/25 10:42,Batch 1 · 310
2712,27.99,89.01,64,2026/8/25 10:43,Batch 1 · 310
2714,27.98,89,64,2026/8/25 10:44,Batch 1 · 310
2713,27.98,88.96,64,2026/8/25 10:45,Batch 1 · 310
2715,27.98,88.97,64,2026/8/25 10:46,Batch 1 · 310
2718,27.99,88.98,64,2026/8/25 10:47,Batch 1 · 310
2720,28,89,64,2026/8/25 10:48,Batch 1 · 310
2723,28,89,64,2026/8/25 10:49,Batch 1 · 310
2721,28,88.97,64,2026/8/25 10:51,Batch 1 · 310
2722,27.99,88.95,64,2026/8/25 10:52,Batch 1 · 310
2727,27.99,88.97,64,2026/8/25 10:53,Batch 1 · 310
2727,28,88.94,64,2026/8/25 10:54,Batch 1 · 310
2727,28,88.96,64,2026/8/25 10:55,Batch 1 · 310
2726,27.99,88.95,64,2026/8/25 10:56,Batch 1 · 310
2729,27.99,88.95,64,2026/8/25 10:57,Batch 1 · 310
2729,28,88.92,64,2026/8/25 10:58,Batch 1 · 310
2731,27.99,88.9,64,2026/8/25 10:59,Batch 1 · 310
2734,27.96,88.88,64,2026/8/25 11:00,Batch 1 · 310
2739,27.98,88.9,64,2026/8/25 11:01,Batch 1 · 310
2735,27.99,88.86,64,2026/8/25 11:02,Batch 1 · 310
2737,27.95,88.84,64,2026/8/25 11:03,Batch 1 · 310
2738,27.95,88.83,64,2026/8/25 11:04,Batch 1 · 310
2740,27.95,88.81,64,2026/8/25 11:05,Batch 1 · 310
2741,27.92,88.79,64,2026/8/25 11:06,Batch 1 · 310
2740,27.9,88.77,64,2026/8/25 11:07,Batch 1 · 310
2744,27.9,88.74,64,2026/8/25 11:08,Batch 1 · 310
2749,27.9,88.77,64,2026/8/25 11:09,Batch 1 · 310
2750,27.89,88.77,64,2026/8/25 11:10,Batch 1 · 310
2750,27.88,88.76,63,2026/8/25 11:11,Batch 1 · 310
2750,27.86,88.78,63,2026/8/25 11:12,Batch 1 · 310
2753,27.85,88.77,63,2026/8/25 11:13,Batch 1 · 310
2754,27.86,88.8,63,2026/8/25 11:14,Batch 1 · 310
2751,27.83,88.78,63,2026/8/25 11:15,Batch 1 · 310
2754,27.86,88.83,63,2026/8/25 11:16,Batch 1 · 310
2757,27.82,88.81,63,2026/8/25 11:17,Batch 1 · 310
2755,27.86,88.89,63,2026/8/25 11:18,Batch 1 · 310
2760,27.88,88.9,62,2026/8/25 11:19,Batch 1 · 310
2761,27.83,88.91,62,2026/8/25 11:20,Batch 1 · 310
2763,27.88,88.96,62,2026/8/25 11:21,Batch 1 · 310
2765,27.88,88.98,62,2026/8/25 11:22,Batch 1 · 310
2763,27.88,88.97,62,2026/8/25 11:23,Batch 1 · 310
2764,27.89,88.98,63,2026/8/25 11:24,Batch 1 · 310
2766,27.89,88.96,62,2026/8/25 11:25,Batch 1 · 310
2766,27.89,88.99,62,2026/8/25 11:26,Batch 1 · 310
2770,27.89,88.96,63,2026/8/25 11:27,Batch 1 · 310
2774,27.9,88.96,62,2026/8/25 11:28,Batch 1 · 310
2776,27.89,88.95,63,2026/8/25 11:29,Batch 1 · 310
2775,27.89,88.98,62,2026/8/25 11:30,Batch 1 · 310
2775,27.9,88.96,63,2026/8/25 11:31,Batch 1 · 310
2777,27.9,88.96,62,2026/8/25 11:32,Batch 1 · 310
2778,27.89,88.96,62,2026/8/25 11:33,Batch 1 · 310
2778,27.92,88.96,62,2026/8/25 11:35,Batch 1 · 310
2781,27.9,88.89,62,2026/8/25 11:36,Batch 1 · 310
2784,27.92,88.92,62,2026/8/25 11:37,Batch 1 · 310
2784,27.9,88.91,62,2026/8/25 11:38,Batch 1 · 310
2784,27.92,88.93,62,2026/8/25 11:39,Batch 1 · 310
2788,27.9,88.89,62,2026/8/25 11:40,Batch 1 · 310
2790,27.9,88.89,62,2026/8/25 11:41,Batch 1 · 310
2794,27.9,88.86,62,2026/8/25 11:42,Batch 1 · 310
2794,27.93,88.9,62,2026/8/25 11:43,Batch 1 · 310
2797,27.92,88.88,62,2026/8/25 11:44,Batch 1 · 310
2793,27.92,88.89,62,2026/8/25 11:45,Batch 1 · 310
2797,27.92,88.87,62,2026/8/25 11:46,Batch 1 · 310
2796,27.9,88.89,62,2026/8/25 11:47,Batch 1 · 310
2799,27.93,88.9,62,2026/8/25 11:48,Batch 1 · 310
2801,27.92,88.9,62,2026/8/25 11:49,Batch 1 · 310
2804,27.9,88.87,62,2026/8/25 11:50,Batch 1 · 310
2803,27.92,88.91,62,2026/8/25 11:51,Batch 1 · 310
2805,27.93,88.87,62,2026/8/25 11:52,Batch 1 · 310
2806,27.96,88.89,62,2026/8/25 11:53,Batch 1 · 310
2804,27.93,88.9,62,2026/8/25 11:54,Batch 1 · 310
2809,27.92,88.91,62,2026/8/25 11:55,Batch 1 · 310
2807,27.93,88.89,62,2026/8/25 11:56,Batch 1 · 310
2810,27.95,88.89,62,2026/8/25 11:57,Batch 1 · 310
2812,27.93,88.89,62,2026/8/25 11:58,Batch 1 · 310
2812,27.95,88.92,62,2026/8/25 11:59,Batch 1 · 310
2813,27.93,88.88,62,2026/8/25 12:00,Batch 1 · 310
2817,27.95,88.89,62,2026/8/25 12:01,Batch 1 · 310
2818,27.96,88.88,62,2026/8/25 12:02,Batch 1 · 310
2820,27.93,88.86,62,2026/8/25 12:03,Batch 1 · 310
2818,27.93,88.87,62,2026/8/25 12:04,Batch 1 · 310
2823,27.93,88.84,62,2026/8/25 12:05,Batch 1 · 310
2821,27.92,88.86,62,2026/8/25 12:06,Batch 1 · 310
2821,27.92,88.85,62,2026/8/25 12:07,Batch 1 · 310
2824,27.92,88.85,62,2026/8/25 12:08,Batch 1 · 310
2829,27.92,88.87,62,2026/8/25 12:09,Batch 1 · 310
2826,27.92,88.84,62,2026/8/25 12:10,Batch 1 · 310
2829,27.92,88.86,62,2026/8/25 12:11,Batch 1 · 310
2831,27.93,88.85,62,2026/8/25 12:12,Batch 1 · 310
2835,27.9,88.8,62,2026/8/25 12:13,Batch 1 · 310
2833,27.89,88.8,62,2026/8/25 12:14,Batch 1 · 310
2834,27.89,88.78,62,2026/8/25 12:15,Batch 1 · 310
2838,27.89,88.77,62,2026/8/25 12:16,Batch 1 · 310
2836,27.86,88.79,62,2026/8/25 12:18,Batch 1 · 310
2838,27.88,88.8,62,2026/8/25 12:19,Batch 1 · 310
2839,27.86,88.82,62,2026/8/25 12:20,Batch 1 · 310
2841,27.88,88.87,62,2026/8/25 12:21,Batch 1 · 310
2843,27.9,88.88,62,2026/8/25 12:22,Batch 1 · 310
2845,27.9,88.92,62,2026/8/25 12:23,Batch 1 · 310
2846,27.92,88.96,62,2026/8/25 12:24,Batch 1 · 310
2851,27.9,88.9,62,2026/8/25 12:25,Batch 1 · 310
2852,27.93,88.94,62,2026/8/25 12:26,Batch 1 · 310
2850,27.93,88.94,62,2026/8/25 12:27,Batch 1 · 310
2850,27.92,88.92,62,2026/8/25 12:28,Batch 1 · 310
2852,27.9,88.88,62,2026/8/25 12:29,Batch 1 · 310
2855,27.93,88.86,62,2026/8/25 12:30,Batch 1 · 310
2857,27.9,88.87,62,2026/8/25 12:31,Batch 1 · 310
2859,27.92,88.86,62,2026/8/25 12:32,Batch 1 · 310
2864,27.9,88.82,62,2026/8/25 12:33,Batch 1 · 310
2863,27.88,88.79,62,2026/8/25 12:34,Batch 1 · 310
2862,27.88,88.75,62,2026/8/25 12:35,Batch 1 · 310
2861,27.88,88.71,62,2026/8/25 12:36,Batch 1 · 310
2865,27.88,88.76,62,2026/8/25 12:37,Batch 1 · 310
2865,27.82,88.72,62,2026/8/25 12:38,Batch 1 · 310
2866,27.81,88.68,61,2026/8/25 12:39,Batch 1 · 310
2866,27.78,88.73,61,2026/8/25 12:40,Batch 1 · 310
2868,27.77,88.66,61,2026/8/25 12:41,Batch 1 · 310
2870,27.75,88.66,61,2026/8/25 12:42,Batch 1 · 310
2878,27.74,88.64,61,2026/8/25 12:43,Batch 1 · 310
2874,27.72,88.53,60,2026/8/25 12:44,Batch 1 · 310
2871,27.68,88.51,60,2026/8/25 12:45,Batch 1 · 310
2875,27.64,88.54,60,2026/8/25 12:46,Batch 1 · 310
413,25.26,67.75,0,2026/8/28 15:18,Batch 2 · Blank (0)
415,25.27,67.47,0,2026/8/28 15:19,Batch 2 · Blank (0)
420,25.23,66.09,0,2026/8/28 15:20,Batch 2 · Blank (0)
432,25.23,66.52,0,2026/8/28 15:21,Batch 2 · Blank (0)
438,25.21,67.71,0,2026/8/28 15:22,Batch 2 · Blank (0)
690,25.3,69.56,0,2026/8/28 15:23,Batch 2 · Blank (0)
735,25.38,69.14,0,2026/8/28 15:24,Batch 2 · Blank (0)
625,25.47,69.07,0,2026/8/28 15:25,Batch 2 · Blank (0)
554,25.58,69.24,0,2026/8/28 15:26,Batch 2 · Blank (0)
513,25.71,69.75,0,2026/8/28 15:27,Batch 2 · Blank (0)
462,25.81,69.9,0,2026/8/28 15:28,Batch 2 · Blank (0)
445,25.9,70.04,0,2026/8/28 15:29,Batch 2 · Blank (0)
431,26,70.06,0,2026/8/28 15:30,Batch 2 · Blank (0)
423,26.06,69.59,0,2026/8/28 15:31,Batch 2 · Blank (0)
418,26.11,69.26,0,2026/8/28 15:32,Batch 2 · Blank (0)
414,26.2,69.14,0,2026/8/28 15:33,Batch 2 · Blank (0)
412,26.24,68.47,0,2026/8/28 15:34,Batch 2 · Blank (0)
409,26.27,67.34,0,2026/8/28 15:35,Batch 2 · Blank (0)
406,26.29,66.5,0,2026/8/28 15:36,Batch 2 · Blank (0)
406,26.32,65.93,0,2026/8/28 15:37,Batch 2 · Blank (0)
406,26.35,64.85,0,2026/8/28 15:38,Batch 2 · Blank (0)
407,26.34,65.06,0,2026/8/28 15:39,Batch 2 · Blank (0)
408,26.36,65.47,0,2026/8/28 15:40,Batch 2 · Blank (0)
409,26.41,66.47,0,2026/8/28 15:41,Batch 2 · Blank (0)
411,26.46,66.26,0,2026/8/28 15:42,Batch 2 · Blank (0)
412,26.49,66.69,0,2026/8/28 15:43,Batch 2 · Blank (0)
414,26.52,67.1,0,2026/8/28 15:44,Batch 2 · Blank (0)
410,26.56,67.32,0,2026/8/28 15:45,Batch 2 · Blank (0)
407,26.54,67.45,0,2026/8/28 15:46,Batch 2 · Blank (0)
407,26.57,67.48,0,2026/8/28 15:47,Batch 2 · Blank (0)
405,26.62,68.4,0,2026/8/28 15:48,Batch 2 · Blank (0)
404,26.65,68.41,0,2026/8/28 15:49,Batch 2 · Blank (0)
400,26.67,68.26,0,2026/8/28 15:50,Batch 2 · Blank (0)
398,26.69,68.02,0,2026/8/28 15:51,Batch 2 · Blank (0)
400,26.73,67.36,0,2026/8/28 15:52,Batch 2 · Blank (0)
400,26.73,66.64,0,2026/8/28 15:53,Batch 2 · Blank (0)
401,26.72,65.63,0,2026/8/28 15:54,Batch 2 · Blank (0)
402,26.72,64.8,0,2026/8/28 15:55,Batch 2 · Blank (0)
401,26.7,64.4,0,2026/8/28 15:56,Batch 2 · Blank (0)
398,26.7,63.82,0,2026/8/28 15:57,Batch 2 · Blank (0)
401,26.69,63.35,0,2026/8/28 15:58,Batch 2 · Blank (0)
403,26.69,63.34,0,2026/8/28 15:59,Batch 2 · Blank (0)
402,26.7,63.82,0,2026/8/28 16:00,Batch 2 · Blank (0)
400,26.67,64.19,0,2026/8/28 16:01,Batch 2 · Blank (0)
399,26.65,64.49,0,2026/8/28 16:02,Batch 2 · Blank (0)
398,26.69,64.78,0,2026/8/28 16:03,Batch 2 · Blank (0)
398,26.72,65.62,0,2026/8/28 16:04,Batch 2 · Blank (0)
397,26.74,65.91,0,2026/8/28 16:05,Batch 2 · Blank (0)
398,26.81,66.3,0,2026/8/28 16:06,Batch 2 · Blank (0)
396,26.77,66.31,0,2026/8/28 16:07,Batch 2 · Blank (0)
394,26.79,66.42,0,2026/8/28 16:08,Batch 2 · Blank (0)
396,26.83,66.44,0,2026/8/28 16:09,Batch 2 · Blank (0)
396,26.83,66.49,0,2026/8/28 16:11,Batch 2 · Blank (0)
395,26.84,66.58,0,2026/8/28 16:12,Batch 2 · Blank (0)
397,26.84,66.47,0,2026/8/28 16:13,Batch 2 · Blank (0)
397,26.87,66.34,0,2026/8/28 16:14,Batch 2 · Blank (0)
397,26.87,65.95,0,2026/8/28 16:15,Batch 2 · Blank (0)
399,26.87,65.24,0,2026/8/28 16:16,Batch 2 · Blank (0)
402,26.88,64.36,0,2026/8/28 16:17,Batch 2 · Blank (0)
404,26.84,63.12,0,2026/8/28 16:18,Batch 2 · Blank (0)
405,26.81,62.26,0,2026/8/28 16:19,Batch 2 · Blank (0)
408,26.81,61.91,0,2026/8/28 16:20,Batch 2 · Blank (0)
408,26.76,61.54,0,2026/8/28 16:21,Batch 2 · Blank (0)
408,26.74,60.3,0,2026/8/28 16:22,Batch 2 · Blank (0)
409,26.7,60.36,0,2026/8/28 16:23,Batch 2 · Blank (0)
410,26.7,60.18,0,2026/8/28 16:24,Batch 2 · Blank (0)
409,26.65,60.31,0,2026/8/28 16:25,Batch 2 · Blank (0)
410,26.6,60.51,0,2026/8/28 16:26,Batch 2 · Blank (0)
412,26.62,60.43,0,2026/8/28 16:27,Batch 2 · Blank (0)
413,26.59,60.31,0,2026/8/28 16:28,Batch 2 · Blank (0)
410,26.56,60.4,0,2026/8/28 16:29,Batch 2 · Blank (0)
408,26.57,60.24,0,2026/8/28 16:30,Batch 2 · Blank (0)
409,26.54,60.28,0,2026/8/28 16:31,Batch 2 · Blank (0)
411,26.53,60.17,0,2026/8/28 16:32,Batch 2 · Blank (0)
413,26.54,59.92,0,2026/8/28 16:33,Batch 2 · Blank (0)
412,26.53,60.08,0,2026/8/28 16:34,Batch 2 · Blank (0)
410,26.5,60.26,0,2026/8/28 16:35,Batch 2 · Blank (0)
411,26.52,60.21,0,2026/8/28 16:36,Batch 2 · Blank (0)
412,26.5,60.09,0,2026/8/28 16:37,Batch 2 · Blank (0)
410,26.5,59.91,0,2026/8/28 16:38,Batch 2 · Blank (0)
409,26.49,59.95,0,2026/8/28 16:39,Batch 2 · Blank (0)
408,26.45,59.59,0,2026/8/28 16:40,Batch 2 · Blank (0)
408,26.49,59.71,0,2026/8/28 16:41,Batch 2 · Blank (0)
407,26.48,59.74,0,2026/8/28 16:42,Batch 2 · Blank (0)
407,26.48,59.86,0,2026/8/28 16:43,Batch 2 · Blank (0)
406,26.49,59.98,0,2026/8/28 16:44,Batch 2 · Blank (0)
404,26.49,60.17,0,2026/8/28 16:45,Batch 2 · Blank (0)
402,26.48,60.47,0,2026/8/28 16:46,Batch 2 · Blank (0)
402,26.48,60.5,0,2026/8/28 16:47,Batch 2 · Blank (0)
403,26.5,60.26,0,2026/8/28 16:48,Batch 2 · Blank (0)
401,26.5,60.26,0,2026/8/28 16:49,Batch 2 · Blank (0)
401,26.53,60.33,0,2026/8/28 16:50,Batch 2 · Blank (0)
401,26.53,60.34,0,2026/8/28 16:51,Batch 2 · Blank (0)
404,26.53,60.4,0,2026/8/28 16:52,Batch 2 · Blank (0)
404,26.54,60.48,0,2026/8/28 16:53,Batch 2 · Blank (0)
404,26.52,60.57,0,2026/8/28 16:54,Batch 2 · Blank (0)
406,26.52,60.6,0,2026/8/28 16:55,Batch 2 · Blank (0)
406,26.57,60.52,0,2026/8/28 16:56,Batch 2 · Blank (0)
408,26.59,60.5,0,2026/8/28 16:57,Batch 2 · Blank (0)
408,26.6,60.6,0,2026/8/28 16:58,Batch 2 · Blank (0)
408,26.57,60.42,0,2026/8/28 16:59,Batch 2 · Blank (0)
407,26.62,60.53,0,2026/8/28 17:00,Batch 2 · Blank (0)
407,26.62,60.63,0,2026/8/28 17:01,Batch 2 · Blank (0)
407,26.62,60.66,0,2026/8/28 17:02,Batch 2 · Blank (0)
407,26.63,60.65,0,2026/8/28 17:03,Batch 2 · Blank (0)
407,26.63,60.76,0,2026/8/28 17:04,Batch 2 · Blank (0)
407,26.6,60.66,0,2026/8/28 17:05,Batch 2 · Blank (0)
407,26.63,60.42,0,2026/8/28 17:06,Batch 2 · Blank (0)
408,26.65,60.12,0,2026/8/28 17:07,Batch 2 · Blank (0)
408,26.62,59.74,0,2026/8/28 17:08,Batch 2 · Blank (0)
405,26.62,59.51,0,2026/8/28 17:09,Batch 2 · Blank (0)
405,26.62,59.12,0,2026/8/28 17:10,Batch 2 · Blank (0)
407,26.59,58.71,0,2026/8/28 17:11,Batch 2 · Blank (0)
406,26.62,58.59,0,2026/8/28 17:12,Batch 2 · Blank (0)
406,26.56,57.75,0,2026/8/28 17:13,Batch 2 · Blank (0)
407,26.54,57.47,0,2026/8/28 17:14,Batch 2 · Blank (0)
408,26.49,57.13,0,2026/8/28 17:15,Batch 2 · Blank (0)
407,26.49,56.52,0,2026/8/28 17:16,Batch 2 · Blank (0)
407,26.44,56.2,0,2026/8/28 17:17,Batch 2 · Blank (0)
407,26.44,55.73,0,2026/8/28 17:18,Batch 2 · Blank (0)
407,26.41,55.85,0,2026/8/28 17:19,Batch 2 · Blank (0)
409,26.38,55.56,0,2026/8/28 17:20,Batch 2 · Blank (0)
407,26.35,55.5,0,2026/8/28 17:21,Batch 2 · Blank (0)
407,26.36,55.22,0,2026/8/28 17:22,Batch 2 · Blank (0)
409,26.31,55.42,0,2026/8/28 17:23,Batch 2 · Blank (0)
408,26.25,55.7,0,2026/8/28 17:24,Batch 2 · Blank (0)
408,26.28,56.13,0,2026/8/28 17:25,Batch 2 · Blank (0)
410,26.25,56.61,0,2026/8/28 17:26,Batch 2 · Blank (0)
414,26.25,57.18,0,2026/8/28 17:27,Batch 2 · Blank (0)
414,26.25,57.62,0,2026/8/28 17:28,Batch 2 · Blank (0)
414,26.28,58.37,0,2026/8/28 17:29,Batch 2 · Blank (0)
413,26.27,58.78,0,2026/8/28 17:30,Batch 2 · Blank (0)
413,26.29,59.28,0,2026/8/28 17:31,Batch 2 · Blank (0)
413,26.35,59.96,0,2026/8/28 17:32,Batch 2 · Blank (0)
410,26.38,60.46,0,2026/8/28 17:33,Batch 2 · Blank (0)
409,26.39,60.82,0,2026/8/28 17:34,Batch 2 · Blank (0)
409,26.42,61.44,0,2026/8/28 17:35,Batch 2 · Blank (0)
410,26.45,61.83,0,2026/8/28 17:36,Batch 2 · Blank (0)
412,26.49,62.2,0,2026/8/28 17:37,Batch 2 · Blank (0)
412,26.52,62.88,0,2026/8/28 17:38,Batch 2 · Blank (0)
410,26.54,63.05,0,2026/8/28 17:39,Batch 2 · Blank (0)
409,26.57,63.36,0,2026/8/28 17:40,Batch 2 · Blank (0)
410,26.63,63.21,0,2026/8/28 17:41,Batch 2 · Blank (0)
411,26.67,63.35,0,2026/8/28 17:42,Batch 2 · Blank (0)
412,26.69,63.58,0,2026/8/28 17:43,Batch 2 · Blank (0)
411,26.72,63.46,0,2026/8/28 17:44,Batch 2 · Blank (0)
412,26.76,63.78,0,2026/8/28 17:45,Batch 2 · Blank (0)
412,26.77,63.16,0,2026/8/28 17:46,Batch 2 · Blank (0)
412,26.8,61.9,0,2026/8/28 17:47,Batch 2 · Blank (0)
413,26.77,61.16,0,2026/8/28 17:48,Batch 2 · Blank (0)
413,26.74,60.3,0,2026/8/28 17:49,Batch 2 · Blank (0)
413,26.72,60.04,0,2026/8/28 17:50,Batch 2 · Blank (0)
413,26.72,60.23,0,2026/8/28 17:51,Batch 2 · Blank (0)
413,26.7,60.33,0,2026/8/28 17:52,Batch 2 · Blank (0)
412,26.73,60.59,0,2026/8/28 17:53,Batch 2 · Blank (0)
412,26.7,60.75,0,2026/8/28 17:54,Batch 2 · Blank (0)
411,26.69,61.03,0,2026/8/28 17:55,Batch 2 · Blank (0)
411,26.69,61.47,0,2026/8/28 17:56,Batch 2 · Blank (0)
410,26.7,61.52,0,2026/8/28 17:57,Batch 2 · Blank (0)
412,26.7,61.72,0,2026/8/28 17:58,Batch 2 · Blank (0)
412,26.72,61.89,0,2026/8/28 17:59,Batch 2 · Blank (0)
412,26.73,62.36,0,2026/8/28 18:00,Batch 2 · Blank (0)
409,26.76,62.57,0,2026/8/28 18:01,Batch 2 · Blank (0)
409,26.8,62.65,0,2026/8/28 18:02,Batch 2 · Blank (0)
410,26.81,62.65,0,2026/8/28 18:03,Batch 2 · Blank (0)
409,26.81,62.73,0,2026/8/28 18:04,Batch 2 · Blank (0)
410,26.81,62.65,0,2026/8/28 18:05,Batch 2 · Blank (0)
411,26.81,62.63,0,2026/8/28 18:06,Batch 2 · Blank (0)
410,26.83,62.6,0,2026/8/28 18:07,Batch 2 · Blank (0)
410,26.81,62.29,0,2026/8/28 18:08,Batch 2 · Blank (0)
413,26.83,62.13,0,2026/8/28 18:09,Batch 2 · Blank (0)
412,26.84,62.06,0,2026/8/28 18:10,Batch 2 · Blank (0)
412,26.83,61.97,0,2026/8/28 18:11,Batch 2 · Blank (0)
411,26.85,61.76,0,2026/8/28 18:12,Batch 2 · Blank (0)
412,26.84,61.54,0,2026/8/28 18:13,Batch 2 · Blank (0)
411,26.84,61.2,0,2026/8/28 18:14,Batch 2 · Blank (0)
409,26.81,60.96,0,2026/8/28 18:15,Batch 2 · Blank (0)
410,26.83,60.71,0,2026/8/28 18:16,Batch 2 · Blank (0)
409,26.83,60.41,0,2026/8/28 18:17,Batch 2 · Blank (0)
408,26.77,60,0,2026/8/28 18:18,Batch 2 · Blank (0)
410,26.73,59.42,0,2026/8/28 18:19,Batch 2 · Blank (0)
410,26.74,59.31,0,2026/8/28 18:20,Batch 2 · Blank (0)
411,26.72,58.72,0,2026/8/28 18:21,Batch 2 · Blank (0)
409,26.67,57.66,0,2026/8/28 18:22,Batch 2 · Blank (0)
408,26.66,57.26,0,2026/8/28 18:24,Batch 2 · Blank (0)
408,26.59,57.38,0,2026/8/28 18:25,Batch 2 · Blank (0)
407,26.59,57.47,0,2026/8/28 18:26,Batch 2 · Blank (0)
409,26.56,57.45,0,2026/8/28 18:27,Batch 2 · Blank (0)
411,26.56,57.88,0,2026/8/28 18:28,Batch 2 · Blank (0)
411,26.52,58.28,0,2026/8/28 18:29,Batch 2 · Blank (0)
412,26.54,58.69,0,2026/8/28 18:30,Batch 2 · Blank (0)
412,26.54,59.06,0,2026/8/28 18:31,Batch 2 · Blank (0)
414,26.54,59.19,0,2026/8/28 18:32,Batch 2 · Blank (0)
414,26.57,59.67,0,2026/8/28 18:33,Batch 2 · Blank (0)
411,26.52,60.18,0,2026/8/28 18:34,Batch 2 · Blank (0)
412,26.56,60.49,0,2026/8/28 18:35,Batch 2 · Blank (0)
411,26.59,60.78,0,2026/8/28 18:36,Batch 2 · Blank (0)
409,26.62,61.06,0,2026/8/28 18:37,Batch 2 · Blank (0)
413,26.62,61.15,0,2026/8/28 18:38,Batch 2 · Blank (0)
414,26.65,61.27,0,2026/8/28 18:39,Batch 2 · Blank (0)
413,26.67,61.41,0,2026/8/28 18:40,Batch 2 · Blank (0)
414,26.66,61.54,0,2026/8/28 18:41,Batch 2 · Blank (0)
413,26.7,61.64,0,2026/8/28 18:42,Batch 2 · Blank (0)
413,26.74,61.8,0,2026/8/28 18:43,Batch 2 · Blank (0)
414,26.73,62,0,2026/8/28 18:44,Batch 2 · Blank (0)
413,26.77,62.11,0,2026/8/28 18:45,Batch 2 · Blank (0)
414,26.76,62.18,0,2026/8/28 18:46,Batch 2 · Blank (0)
413,26.76,62.23,0,2026/8/28 18:47,Batch 2 · Blank (0)
412,26.79,62.04,0,2026/8/28 18:48,Batch 2 · Blank (0)
413,26.81,61.88,0,2026/8/28 18:49,Batch 2 · Blank (0)
415,26.8,61.66,0,2026/8/28 18:50,Batch 2 · Blank (0)
414,26.8,61.52,0,2026/8/28 18:51,Batch 2 · Blank (0)
415,26.81,61.13,0,2026/8/28 18:52,Batch 2 · Blank (0)
415,26.83,61.03,0,2026/8/28 18:53,Batch 2 · Blank (0)
415,26.77,60.68,0,2026/8/28 18:54,Batch 2 · Blank (0)
416,26.77,60.58,0,2026/8/28 18:55,Batch 2 · Blank (0)
418,26.77,60.09,0,2026/8/28 18:56,Batch 2 · Blank (0)
418,26.77,59.74,0,2026/8/28 18:57,Batch 2 · Blank (0)
417,26.73,59.34,0,2026/8/28 18:58,Batch 2 · Blank (0)
417,26.72,58.94,0,2026/8/28 18:59,Batch 2 · Blank (0)
416,26.7,58.65,0,2026/8/28 19:00,Batch 2 · Blank (0)
416,26.69,58.36,0,2026/8/28 19:01,Batch 2 · Blank (0)
415,26.63,57.61,0,2026/8/28 19:02,Batch 2 · Blank (0)
414,26.63,57.09,0,2026/8/28 19:03,Batch 2 · Blank (0)
417,26.59,56.7,0,2026/8/28 19:04,Batch 2 · Blank (0)
417,26.56,56.39,0,2026/8/28 19:05,Batch 2 · Blank (0)
416,26.54,55.87,0,2026/8/28 19:06,Batch 2 · Blank (0)
415,26.52,55.78,0,2026/8/28 19:07,Batch 2 · Blank (0)
414,26.46,55.56,0,2026/8/28 19:08,Batch 2 · Blank (0)
416,26.41,55.02,0,2026/8/28 19:09,Batch 2 · Blank (0)
416,26.41,54.92,0,2026/8/28 19:10,Batch 2 · Blank (0)
413,26.32,54.73,0,2026/8/28 19:11,Batch 2 · Blank (0)
412,26.32,54.65,0,2026/8/28 19:12,Batch 2 · Blank (0)
412,26.31,54.52,0,2026/8/28 19:13,Batch 2 · Blank (0)
411,26.25,54.26,0,2026/8/28 19:14,Batch 2 · Blank (0)
410,26.25,54.76,0,2026/8/28 19:15,Batch 2 · Blank (0)
413,26.27,56.8,0,2026/8/28 19:16,Batch 2 · Blank (0)
418,26.27,58.16,0,2026/8/28 19:17,Batch 2 · Blank (0)
417,26.29,59.84,0,2026/8/28 19:18,Batch 2 · Blank (0)
416,26.32,60.86,0,2026/8/28 19:19,Batch 2 · Blank (0)
416,26.39,61.6,0,2026/8/28 19:20,Batch 2 · Blank (0)
414,26.42,61.32,0,2026/8/28 19:21,Batch 2 · Blank (0)
413,26.41,61.05,0,2026/8/28 19:22,Batch 2 · Blank (0)
413,26.45,60.89,0,2026/8/28 19:23,Batch 2 · Blank (0)
411,26.44,60.11,0,2026/8/28 19:24,Batch 2 · Blank (0)
409,26.46,59.84,0,2026/8/28 19:25,Batch 2 · Blank (0)
411,26.46,59.99,0,2026/8/28 19:26,Batch 2 · Blank (0)
411,26.45,60.15,0,2026/8/28 19:27,Batch 2 · Blank (0)
412,26.48,60.4,0,2026/8/28 19:28,Batch 2 · Blank (0)
411,26.5,60.84,0,2026/8/28 19:29,Batch 2 · Blank (0)
409,26.49,61.12,0,2026/8/28 19:30,Batch 2 · Blank (0)
409,26.5,60.95,0,2026/8/28 19:31,Batch 2 · Blank (0)
408,26.54,60.69,0,2026/8/28 19:32,Batch 2 · Blank (0)
409,26.52,60.42,0,2026/8/28 19:33,Batch 2 · Blank (0)
408,26.53,60.22,0,2026/8/28 19:34,Batch 2 · Blank (0)
405,26.52,59.94,0,2026/8/28 19:35,Batch 2 · Blank (0)
405,26.53,59.38,0,2026/8/28 19:36,Batch 2 · Blank (0)
407,26.54,59.39,0,2026/8/28 19:37,Batch 2 · Blank (0)
405,26.54,59.28,0,2026/8/28 19:38,Batch 2 · Blank (0)
402,26.5,58.65,0,2026/8/28 19:39,Batch 2 · Blank (0)
402,26.5,58.42,0,2026/8/28 19:40,Batch 2 · Blank (0)
400,26.48,57.87,0,2026/8/28 19:41,Batch 2 · Blank (0)
398,26.44,57.51,0,2026/8/28 19:42,Batch 2 · Blank (0)
397,26.42,57.68,0,2026/8/28 19:43,Batch 2 · Blank (0)
396,26.44,57.72,0,2026/8/28 19:44,Batch 2 · Blank (0)
397,26.38,57.53,0,2026/8/28 19:45,Batch 2 · Blank (0)
397,26.36,57.62,0,2026/8/28 19:46,Batch 2 · Blank (0)
397,26.34,57.46,0,2026/8/28 19:47,Batch 2 · Blank (0)
397,26.38,57.55,0,2026/8/28 19:48,Batch 2 · Blank (0)
396,26.35,57.95,0,2026/8/28 19:49,Batch 2 · Blank (0)
398,26.34,58.75,0,2026/8/28 19:50,Batch 2 · Blank (0)
398,26.34,59.35,0,2026/8/28 19:51,Batch 2 · Blank (0)
398,26.34,59.78,0,2026/8/28 19:52,Batch 2 · Blank (0)
397,26.36,60.21,0,2026/8/28 19:53,Batch 2 · Blank (0)
399,26.39,60.54,0,2026/8/28 19:54,Batch 2 · Blank (0)
400,26.38,61.1,0,2026/8/28 19:55,Batch 2 · Blank (0)
399,26.45,61.78,0,2026/8/28 19:56,Batch 2 · Blank (0)
401,26.45,62.13,0,2026/8/28 19:57,Batch 2 · Blank (0)
401,26.49,62.24,0,2026/8/28 19:58,Batch 2 · Blank (0)
401,26.5,62.37,0,2026/8/28 19:59,Batch 2 · Blank (0)
401,26.53,62.76,0,2026/8/28 20:00,Batch 2 · Blank (0)
399,26.56,62.84,0,2026/8/28 20:01,Batch 2 · Blank (0)
399,26.57,62.77,0,2026/8/28 20:02,Batch 2 · Blank (0)
402,26.59,62.46,0,2026/8/28 20:03,Batch 2 · Blank (0)
400,26.62,62.3,0,2026/8/28 20:04,Batch 2 · Blank (0)
401,26.63,62,0,2026/8/28 20:05,Batch 2 · Blank (0)
401,26.65,61.69,0,2026/8/28 20:06,Batch 2 · Blank (0)
402,26.62,61.46,0,2026/8/28 20:07,Batch 2 · Blank (0)
404,26.65,61.93,0,2026/8/28 20:08,Batch 2 · Blank (0)
401,26.67,63.42,0,2026/8/28 20:09,Batch 2 · Blank (0)
397,26.72,63.58,0,2026/8/28 20:10,Batch 2 · Blank (0)
394,26.72,63.51,0,2026/8/28 20:11,Batch 2 · Blank (0)
394,26.8,63.69,0,2026/8/28 20:12,Batch 2 · Blank (0)
392,26.84,63.83,0,2026/8/28 20:13,Batch 2 · Blank (0)
391,26.84,63.77,0,2026/8/28 20:14,Batch 2 · Blank (0)
391,26.87,63.76,0,2026/8/28 20:15,Batch 2 · Blank (0)
391,26.9,63.66,0,2026/8/28 20:16,Batch 2 · Blank (0)
390,26.95,64.23,0,2026/8/28 20:17,Batch 2 · Blank (0)
389,26.95,64.1,0,2026/8/28 20:19,Batch 2 · Blank (0)
389,26.99,63.92,0,2026/8/28 20:20,Batch 2 · Blank (0)
390,26.97,63.03,0,2026/8/28 20:21,Batch 2 · Blank (0)
391,26.92,61.54,0,2026/8/28 20:22,Batch 2 · Blank (0)
390,26.85,60.57,0,2026/8/28 20:23,Batch 2 · Blank (0)
391,26.88,60.4,0,2026/8/28 20:24,Batch 2 · Blank (0)
391,26.81,59.68,0,2026/8/28 20:25,Batch 2 · Blank (0)
391,26.76,59.07,0,2026/8/28 20:26,Batch 2 · Blank (0)
390,26.72,59.82,0,2026/8/28 20:27,Batch 2 · Blank (0)
391,26.67,60.13,0,2026/8/28 20:28,Batch 2 · Blank (0)
393,26.7,60.29,0,2026/8/28 20:29,Batch 2 · Blank (0)
395,26.65,60.33,0,2026/8/28 20:30,Batch 2 · Blank (0)
396,26.63,60.45,0,2026/8/28 20:31,Batch 2 · Blank (0)
398,26.65,60.52,0,2026/8/28 20:32,Batch 2 · Blank (0)
400,26.62,60.1,0,2026/8/28 20:33,Batch 2 · Blank (0)
399,26.6,59.93,0,2026/8/28 20:34,Batch 2 · Blank (0)
399,26.6,59.61,0,2026/8/28 20:35,Batch 2 · Blank (0)
401,26.56,59.3,0,2026/8/28 20:36,Batch 2 · Blank (0)
401,26.54,58.76,0,2026/8/28 20:37,Batch 2 · Blank (0)
402,26.52,58.43,0,2026/8/28 20:38,Batch 2 · Blank (0)
405,26.49,58.15,0,2026/8/28 20:39,Batch 2 · Blank (0)
406,26.48,57.61,0,2026/8/28 20:40,Batch 2 · Blank (0)
405,26.45,57.22,0,2026/8/28 20:41,Batch 2 · Blank (0)
405,26.42,56.83,0,2026/8/28 20:42,Batch 2 · Blank (0)
407,26.36,56.76,0,2026/8/28 20:43,Batch 2 · Blank (0)
408,26.36,56.67,0,2026/8/28 20:44,Batch 2 · Blank (0)
407,26.35,56.44,0,2026/8/28 20:45,Batch 2 · Blank (0)
408,26.32,56.64,0,2026/8/28 20:46,Batch 2 · Blank (0)
408,26.29,56.4,0,2026/8/28 20:47,Batch 2 · Blank (0)
409,26.25,55.71,0,2026/8/28 20:48,Batch 2 · Blank (0)
409,26.22,55.49,0,2026/8/28 20:49,Batch 2 · Blank (0)
409,26.21,55.2,0,2026/8/28 20:50,Batch 2 · Blank (0)
410,26.18,56.58,0,2026/8/28 20:51,Batch 2 · Blank (0)
414,26.2,58.16,0,2026/8/28 20:52,Batch 2 · Blank (0)
412,26.21,59.39,0,2026/8/28 20:53,Batch 2 · Blank (0)
414,26.28,60.56,0,2026/8/28 20:54,Batch 2 · Blank (0)
418,26.32,61.82,0,2026/8/28 20:55,Batch 2 · Blank (0)
414,26.35,62.01,0,2026/8/28 20:56,Batch 2 · Blank (0)
412,26.38,62.57,0,2026/8/28 20:57,Batch 2 · Blank (0)
410,26.38,62.89,0,2026/8/28 20:58,Batch 2 · Blank (0)
410,26.44,62.86,0,2026/8/28 20:59,Batch 2 · Blank (0)
410,26.45,63.1,0,2026/8/28 21:00,Batch 2 · Blank (0)
410,26.49,63.32,0,2026/8/28 21:01,Batch 2 · Blank (0)
411,26.54,63.48,0,2026/8/28 21:02,Batch 2 · Blank (0)
413,26.57,63.4,0,2026/8/28 21:03,Batch 2 · Blank (0)
413,26.6,63.03,0,2026/8/28 21:04,Batch 2 · Blank (0)
414,26.62,62.65,0,2026/8/28 21:05,Batch 2 · Blank (0)
413,26.63,62.38,0,2026/8/28 21:06,Batch 2 · Blank (0)
414,26.6,62.18,0,2026/8/28 21:07,Batch 2 · Blank (0)
413,26.62,61.99,0,2026/8/28 21:08,Batch 2 · Blank (0)
415,26.62,61.61,0,2026/8/28 21:09,Batch 2 · Blank (0)
416,26.63,62.06,0,2026/8/28 21:10,Batch 2 · Blank (0)
413,26.62,62.55,0,2026/8/28 21:11,Batch 2 · Blank (0)
410,26.65,62.02,0,2026/8/28 21:12,Batch 2 · Blank (0)
409,26.6,61.61,0,2026/8/28 21:13,Batch 2 · Blank (0)
411,26.6,61.59,0,2026/8/28 21:14,Batch 2 · Blank (0)
410,26.62,61.52,0,2026/8/28 21:15,Batch 2 · Blank (0)
409,26.6,61.78,0,2026/8/28 21:16,Batch 2 · Blank (0)
410,26.63,61.87,0,2026/8/28 21:17,Batch 2 · Blank (0)
405,26.6,61.88,0,2026/8/28 21:18,Batch 2 · Blank (0)
404,26.59,61.9,0,2026/8/28 21:19,Batch 2 · Blank (0)
403,26.6,61.77,0,2026/8/28 21:20,Batch 2 · Blank (0)
402,26.59,61.25,0,2026/8/28 21:21,Batch 2 · Blank (0)
402,26.59,60.61,0,2026/8/28 21:22,Batch 2 · Blank (0)
401,26.59,60.13,0,2026/8/28 21:23,Batch 2 · Blank (0)
399,26.56,60.19,0,2026/8/28 21:24,Batch 2 · Blank (0)
400,26.54,59.6,0,2026/8/28 21:25,Batch 2 · Blank (0)
399,26.5,59.96,0,2026/8/28 21:26,Batch 2 · Blank (0)
399,26.48,60.62,0,2026/8/28 21:27,Batch 2 · Blank (0)
399,26.48,61.15,0,2026/8/28 21:28,Batch 2 · Blank (0)
399,26.49,61.6,0,2026/8/28 21:29,Batch 2 · Blank (0)
400,26.46,62.13,0,2026/8/28 21:30,Batch 2 · Blank (0)
401,26.5,62.7,0,2026/8/28 21:31,Batch 2 · Blank (0)
401,26.5,62.81,0,2026/8/28 21:32,Batch 2 · Blank (0)
401,26.52,62.77,0,2026/8/28 21:33,Batch 2 · Blank (0)
400,26.54,62.61,0,2026/8/28 21:34,Batch 2 · Blank (0)
402,26.54,62.67,0,2026/8/28 21:35,Batch 2 · Blank (0)
400,26.57,62.79,0,2026/8/28 21:36,Batch 2 · Blank (0)
400,26.56,62.8,0,2026/8/28 21:37,Batch 2 · Blank (0)
399,26.56,62.92,0,2026/8/28 21:38,Batch 2 · Blank (0)
399,26.57,62.92,0,2026/8/28 21:39,Batch 2 · Blank (0)
401,26.59,62.65,0,2026/8/28 21:40,Batch 2 · Blank (0)
400,26.59,62.84,0,2026/8/28 21:41,Batch 2 · Blank (0)
400,26.59,63.18,0,2026/8/28 21:42,Batch 2 · Blank (0)
399,26.6,63.34,0,2026/8/28 21:43,Batch 2 · Blank (0)
400,26.63,63.31,0,2026/8/28 21:44,Batch 2 · Blank (0)
399,26.63,63.11,0,2026/8/28 21:45,Batch 2 · Blank (0)
397,26.63,63.12,0,2026/8/28 21:46,Batch 2 · Blank (0)
397,26.63,63.14,0,2026/8/28 21:47,Batch 2 · Blank (0)
398,26.66,63.27,0,2026/8/28 21:48,Batch 2 · Blank (0)
398,26.62,63.16,0,2026/8/28 21:49,Batch 2 · Blank (0)
399,26.63,63.22,0,2026/8/28 21:50,Batch 2 · Blank (0)
400,26.66,63.36,0,2026/8/28 21:51,Batch 2 · Blank (0)
399,26.66,62.89,0,2026/8/28 21:52,Batch 2 · Blank (0)
401,26.65,62.49,0,2026/8/28 21:53,Batch 2 · Blank (0)
401,26.62,62.04,0,2026/8/28 21:54,Batch 2 · Blank (0)
399,26.63,62.13,0,2026/8/28 21:55,Batch 2 · Blank (0)
398,26.65,62.38,0,2026/8/28 21:56,Batch 2 · Blank (0)
398,26.63,62.32,0,2026/8/28 21:58,Batch 2 · Blank (0)
397,26.62,62.71,0,2026/8/28 21:59,Batch 2 · Blank (0)
398,26.65,62.55,0,2026/8/28 22:00,Batch 2 · Blank (0)
397,26.67,62.39,0,2026/8/28 22:01,Batch 2 · Blank (0)
396,26.65,62.27,0,2026/8/28 22:02,Batch 2 · Blank (0)
396,26.63,62.49,0,2026/8/28 22:03,Batch 2 · Blank (0)
397,26.63,62.73,0,2026/8/28 22:04,Batch 2 · Blank (0)
397,26.63,63.16,0,2026/8/28 22:05,Batch 2 · Blank (0)
397,26.65,63.3,0,2026/8/28 22:06,Batch 2 · Blank (0)
396,26.6,62.9,0,2026/8/28 22:07,Batch 2 · Blank (0)
394,26.62,62.72,0,2026/8/28 22:08,Batch 2 · Blank (0)
393,26.65,62.63,0,2026/8/28 22:09,Batch 2 · Blank (0)
392,26.63,62.18,0,2026/8/28 22:10,Batch 2 · Blank (0)
391,26.62,62.29,0,2026/8/28 22:11,Batch 2 · Blank (0)
391,26.62,62.26,0,2026/8/28 22:12,Batch 2 · Blank (0)
390,26.6,61.82,0,2026/8/28 22:13,Batch 2 · Blank (0)
390,26.62,61.85,0,2026/8/28 22:14,Batch 2 · Blank (0)
391,26.56,62.13,0,2026/8/28 22:15,Batch 2 · Blank (0)
392,26.57,62.1,0,2026/8/28 22:16,Batch 2 · Blank (0)
390,26.56,61.87,0,2026/8/28 22:17,Batch 2 · Blank (0)
389,26.56,62.08,0,2026/8/28 22:18,Batch 2 · Blank (0)
388,26.5,61.57,0,2026/8/28 22:19,Batch 2 · Blank (0)
389,26.52,61.31,0,2026/8/28 22:20,Batch 2 · Blank (0)
390,26.52,61.19,0,2026/8/28 22:21,Batch 2 · Blank (0)
390,26.52,61.56,0,2026/8/28 22:22,Batch 2 · Blank (0)
392,26.5,61.24,0,2026/8/28 22:23,Batch 2 · Blank (0)
392,26.48,60.03,0,2026/8/28 22:24,Batch 2 · Blank (0)
391,26.45,59.26,0,2026/8/28 22:25,Batch 2 · Blank (0)
392,26.42,58.5,0,2026/8/28 22:26,Batch 2 · Blank (0)
392,26.36,57.64,0,2026/8/28 22:27,Batch 2 · Blank (0)
390,26.34,57.6,0,2026/8/28 22:28,Batch 2 · Blank (0)
392,26.31,57.51,0,2026/8/28 22:29,Batch 2 · Blank (0)
394,26.25,57.57,0,2026/8/28 22:30,Batch 2 · Blank (0)
395,26.24,57.77,0,2026/8/28 22:31,Batch 2 · Blank (0)
393,26.21,58.07,0,2026/8/28 22:32,Batch 2 · Blank (0)
392,26.21,58.14,0,2026/8/28 22:33,Batch 2 · Blank (0)
393,26.18,58.19,0,2026/8/28 22:34,Batch 2 · Blank (0)
393,26.18,58.32,0,2026/8/28 22:35,Batch 2 · Blank (0)
392,26.17,58.2,0,2026/8/28 22:36,Batch 2 · Blank (0)
391,26.15,58.49,0,2026/8/28 22:37,Batch 2 · Blank (0)
391,26.18,58.44,0,2026/8/28 22:38,Batch 2 · Blank (0)
391,26.15,58.53,0,2026/8/28 22:39,Batch 2 · Blank (0)
392,26.15,58.63,0,2026/8/28 22:40,Batch 2 · Blank (0)
392,26.17,58.65,0,2026/8/28 22:41,Batch 2 · Blank (0)
393,26.15,58.84,0,2026/8/28 22:42,Batch 2 · Blank (0)
395,26.18,59.26,0,2026/8/28 22:43,Batch 2 · Blank (0)
400,26.2,59.42,0,2026/8/28 22:44,Batch 2 · Blank (0)
402,26.2,59.62,0,2026/8/28 22:45,Batch 2 · Blank (0)
401,26.25,59.81,0,2026/8/28 22:46,Batch 2 · Blank (0)
402,26.27,59.85,0,2026/8/28 22:47,Batch 2 · Blank (0)
403,26.35,59.82,0,2026/8/28 22:48,Batch 2 · Blank (0)
405,26.41,59.86,0,2026/8/28 22:49,Batch 2 · Blank (0)
405,26.48,59.85,0,2026/8/28 22:50,Batch 2 · Blank (0)
404,26.5,60.06,0,2026/8/28 22:51,Batch 2 · Blank (0)
402,26.53,60.11,0,2026/8/28 22:52,Batch 2 · Blank (0)
403,26.59,60.23,0,2026/8/28 22:53,Batch 2 · Blank (0)
401,26.6,60.32,0,2026/8/28 22:54,Batch 2 · Blank (0)
401,26.65,60.54,0,2026/8/28 22:55,Batch 2 · Blank (0)
399,26.67,60.63,0,2026/8/28 22:56,Batch 2 · Blank (0)
399,26.72,60.86,0,2026/8/28 22:57,Batch 2 · Blank (0)
397,26.74,60.93,0,2026/8/28 22:58,Batch 2 · Blank (0)
395,26.77,61.07,0,2026/8/28 22:59,Batch 2 · Blank (0)
393,26.81,61.16,0,2026/8/28 23:00,Batch 2 · Blank (0)
391,26.88,61.3,0,2026/8/28 23:01,Batch 2 · Blank (0)
395,26.9,61.42,0,2026/8/28 23:02,Batch 2 · Blank (0)
394,26.94,61.58,0,2026/8/28 23:03,Batch 2 · Blank (0)
394,26.95,61.71,0,2026/8/28 23:04,Batch 2 · Blank (0)
391,26.99,61.94,0,2026/8/28 23:05,Batch 2 · Blank (0)
392,27.02,62.09,0,2026/8/28 23:06,Batch 2 · Blank (0)
391,27.04,62.13,0,2026/8/28 23:07,Batch 2 · Blank (0)
389,27.09,62.28,0,2026/8/28 23:08,Batch 2 · Blank (0)
389,27.08,62.42,0,2026/8/28 23:09,Batch 2 · Blank (0)
388,27.15,62.58,0,2026/8/28 23:10,Batch 2 · Blank (0)
387,27.15,62.56,0,2026/8/28 23:11,Batch 2 · Blank (0)
386,27.18,62.69,0,2026/8/28 23:12,Batch 2 · Blank (0)
386,27.18,62.79,0,2026/8/28 23:13,Batch 2 · Blank (0)
385,27.25,62.97,0,2026/8/28 23:14,Batch 2 · Blank (0)
383,27.28,63.17,0,2026/8/28 23:15,Batch 2 · Blank (0)
384,27.3,63.31,0,2026/8/28 23:16,Batch 2 · Blank (0)
385,27.33,63.45,0,2026/8/28 23:17,Batch 2 · Blank (0)
384,27.36,63.52,0,2026/8/28 23:18,Batch 2 · Blank (0)
383,27.4,63.54,0,2026/8/28 23:19,Batch 2 · Blank (0)
382,27.43,63.59,0,2026/8/28 23:20,Batch 2 · Blank (0)
382,27.44,63.62,0,2026/8/28 23:21,Batch 2 · Blank (0)
381,27.48,63.69,0,2026/8/28 23:22,Batch 2 · Blank (0)
382,27.5,63.77,0,2026/8/28 23:23,Batch 2 · Blank (0)
381,27.53,63.83,0,2026/8/28 23:24,Batch 2 · Blank (0)
380,27.57,63.96,0,2026/8/28 23:26,Batch 2 · Blank (0)
379,27.55,64.08,0,2026/8/28 23:27,Batch 2 · Blank (0)
379,27.6,64.21,0,2026/8/28 23:28,Batch 2 · Blank (0)
378,27.63,64.35,0,2026/8/28 23:29,Batch 2 · Blank (0)
377,27.65,64.29,0,2026/8/28 23:30,Batch 2 · Blank (0)
377,27.68,64.38,0,2026/8/28 23:31,Batch 2 · Blank (0)
378,27.71,64.56,0,2026/8/28 23:32,Batch 2 · Blank (0)
377,27.73,64.78,0,2026/8/28 23:33,Batch 2 · Blank (0)
375,27.74,64.77,0,2026/8/28 23:34,Batch 2 · Blank (0)
374,27.77,64.9,0,2026/8/28 23:35,Batch 2 · Blank (0)
375,27.79,65.11,0,2026/8/28 23:36,Batch 2 · Blank (0)
375,27.81,65.07,0,2026/8/28 23:37,Batch 2 · Blank (0)
374,27.82,65.04,0,2026/8/28 23:38,Batch 2 · Blank (0)
375,27.84,65.02,0,2026/8/28 23:39,Batch 2 · Blank (0)
376,27.85,65.13,0,2026/8/28 23:40,Batch 2 · Blank (0)
374,27.88,65.21,0,2026/8/28 23:41,Batch 2 · Blank (0)
374,27.89,65.17,0,2026/8/28 23:42,Batch 2 · Blank (0)
373,27.91,65.17,0,2026/8/28 23:43,Batch 2 · Blank (0)
374,27.95,65.22,0,2026/8/28 23:44,Batch 2 · Blank (0)
373,27.95,65.2,0,2026/8/28 23:45,Batch 2 · Blank (0)
372,27.96,65.25,0,2026/8/28 23:46,Batch 2 · Blank (0)
371,28.02,65.25,0,2026/8/28 23:47,Batch 2 · Blank (0)
372,28.01,65.22,0,2026/8/28 23:48,Batch 2 · Blank (0)
372,28.05,65.32,0,2026/8/28 23:49,Batch 2 · Blank (0)
369,28.05,65.21,0,2026/8/28 23:50,Batch 2 · Blank (0)
370,28.06,65.34,0,2026/8/28 23:51,Batch 2 · Blank (0)
370,28.1,65.48,0,2026/8/28 23:52,Batch 2 · Blank (0)
371,28.09,65.39,0,2026/8/28 23:53,Batch 2 · Blank (0)
372,28.1,65.3,0,2026/8/28 23:54,Batch 2 · Blank (0)
370,28.14,65.56,0,2026/8/28 23:55,Batch 2 · Blank (0)
370,28.13,65.55,0,2026/8/28 23:56,Batch 2 · Blank (0)
369,28.14,65.63,0,2026/8/28 23:57,Batch 2 · Blank (0)
368,28.17,65.6,0,2026/8/28 23:58,Batch 2 · Blank (0)
368,28.16,65.58,0,2026/8/28 23:59,Batch 2 · Blank (0)
367,28.2,65.73,0,2026/8/29 0:00,Batch 2 · Blank (0)
368,28.2,65.63,0,2026/8/29 0:01,Batch 2 · Blank (0)
368,28.23,65.65,0,2026/8/29 0:02,Batch 2 · Blank (0)
367,28.24,65.76,0,2026/8/29 0:03,Batch 2 · Blank (0)
367,28.27,65.88,0,2026/8/29 0:04,Batch 2 · Blank (0)
368,28.29,65.95,0,2026/8/29 0:05,Batch 2 · Blank (0)
367,28.26,65.91,0,2026/8/29 0:06,Batch 2 · Blank (0)
367,28.3,66,0,2026/8/29 0:07,Batch 2 · Blank (0)
368,28.3,66.04,0,2026/8/29 0:08,Batch 2 · Blank (0)
366,28.3,66.06,0,2026/8/29 0:09,Batch 2 · Blank (0)
367,28.3,66.18,0,2026/8/29 0:10,Batch 2 · Blank (0)
369,28.31,66.27,0,2026/8/29 0:11,Batch 2 · Blank (0)
367,28.31,66.17,0,2026/8/29 0:12,Batch 2 · Blank (0)
367,28.33,66.31,0,2026/8/29 0:13,Batch 2 · Blank (0)
366,28.36,66.3,0,2026/8/29 0:14,Batch 2 · Blank (0)
367,28.34,66.34,0,2026/8/29 0:15,Batch 2 · Blank (0)
367,28.36,66.34,0,2026/8/29 0:16,Batch 2 · Blank (0)
367,28.4,66.25,0,2026/8/29 0:17,Batch 2 · Blank (0)
367,28.41,66.34,0,2026/8/29 0:18,Batch 2 · Blank (0)
364,28.4,66.37,0,2026/8/29 0:19,Batch 2 · Blank (0)
366,28.44,66.39,0,2026/8/29 0:20,Batch 2 · Blank (0)
365,28.45,66.48,0,2026/8/29 0:21,Batch 2 · Blank (0)
366,28.45,66.4,0,2026/8/29 0:22,Batch 2 · Blank (0)
365,28.45,66.44,0,2026/8/29 0:23,Batch 2 · Blank (0)
365,28.48,66.44,0,2026/8/29 0:24,Batch 2 · Blank (0)
366,28.47,66.53,0,2026/8/29 0:25,Batch 2 · Blank (0)
367,28.51,66.59,0,2026/8/29 0:26,Batch 2 · Blank (0)
368,28.49,66.59,0,2026/8/29 0:27,Batch 2 · Blank (0)
369,28.51,66.58,0,2026/8/29 0:28,Batch 2 · Blank (0)
366,28.55,66.64,0,2026/8/29 0:29,Batch 2 · Blank (0)
367,28.55,66.66,0,2026/8/29 0:30,Batch 2 · Blank (0)
367,28.55,66.75,0,2026/8/29 0:31,Batch 2 · Blank (0)
367,28.55,66.74,0,2026/8/29 0:32,Batch 2 · Blank (0)
366,28.56,66.69,0,2026/8/29 0:33,Batch 2 · Blank (0)
365,28.56,66.78,0,2026/8/29 0:34,Batch 2 · Blank (0)
364,28.58,66.8,0,2026/8/29 0:35,Batch 2 · Blank (0)
364,28.61,66.75,0,2026/8/29 0:36,Batch 2 · Blank (0)
367,28.59,66.79,0,2026/8/29 0:37,Batch 2 · Blank (0)
367,28.61,66.85,0,2026/8/29 0:38,Batch 2 · Blank (0)
365,28.64,66.91,0,2026/8/29 0:39,Batch 2 · Blank (0)
366,28.64,66.8,0,2026/8/29 0:40,Batch 2 · Blank (0)
367,28.65,66.82,0,2026/8/29 0:41,Batch 2 · Blank (0)
367,28.66,66.85,0,2026/8/29 0:42,Batch 2 · Blank (0)
369,28.68,66.88,0,2026/8/29 0:43,Batch 2 · Blank (0)
366,28.71,66.93,0,2026/8/29 0:44,Batch 2 · Blank (0)
367,28.72,66.86,0,2026/8/29 0:46,Batch 2 · Blank (0)
368,28.72,66.83,0,2026/8/29 0:47,Batch 2 · Blank (0)
367,28.76,66.98,0,2026/8/29 0:48,Batch 2 · Blank (0)
367,28.76,66.97,0,2026/8/29 0:49,Batch 2 · Blank (0)
368,28.77,67.08,0,2026/8/29 0:50,Batch 2 · Blank (0)
367,28.77,67.13,0,2026/8/29 0:51,Batch 2 · Blank (0)
364,28.75,67.1,0,2026/8/29 0:52,Batch 2 · Blank (0)
365,28.76,67.13,0,2026/8/29 0:53,Batch 2 · Blank (0)
365,28.75,67.13,0,2026/8/29 0:54,Batch 2 · Blank (0)
365,28.79,67.24,0,2026/8/29 0:55,Batch 2 · Blank (0)
366,28.79,67.19,0,2026/8/29 0:56,Batch 2 · Blank (0)
365,28.79,67.23,0,2026/8/29 0:57,Batch 2 · Blank (0)
367,28.8,67.26,0,2026/8/29 0:58,Batch 2 · Blank (0)
367,28.83,67.27,0,2026/8/29 0:59,Batch 2 · Blank (0)
367,28.83,67.28,0,2026/8/29 1:00,Batch 2 · Blank (0)
366,28.83,67.28,0,2026/8/29 1:01,Batch 2 · Blank (0)
366,28.85,67.23,0,2026/8/29 1:02,Batch 2 · Blank (0)
369,28.85,67.3,0,2026/8/29 1:03,Batch 2 · Blank (0)
368,28.87,67.32,0,2026/8/29 1:04,Batch 2 · Blank (0)
367,28.86,67.42,0,2026/8/29 1:05,Batch 2 · Blank (0)
367,28.85,67.44,0,2026/8/29 1:06,Batch 2 · Blank (0)
367,28.86,67.45,0,2026/8/29 1:07,Batch 2 · Blank (0)
367,28.89,67.46,0,2026/8/29 1:08,Batch 2 · Blank (0)
367,28.89,67.47,0,2026/8/29 1:09,Batch 2 · Blank (0)
367,28.87,67.58,0,2026/8/29 1:10,Batch 2 · Blank (0)
368,28.89,67.58,0,2026/8/29 1:11,Batch 2 · Blank (0)
368,28.9,67.61,0,2026/8/29 1:12,Batch 2 · Blank (0)
366,28.9,67.61,0,2026/8/29 1:13,Batch 2 · Blank (0)
367,28.94,67.65,0,2026/8/29 1:14,Batch 2 · Blank (0)
367,28.93,67.61,0,2026/8/29 1:15,Batch 2 · Blank (0)
368,28.94,67.67,0,2026/8/29 1:16,Batch 2 · Blank (0)
368,28.94,67.66,0,2026/8/29 1:17,Batch 2 · Blank (0)
368,28.96,67.72,0,2026/8/29 1:18,Batch 2 · Blank (0)
365,28.94,67.68,0,2026/8/29 1:19,Batch 2 · Blank (0)
367,28.93,67.72,0,2026/8/29 1:20,Batch 2 · Blank (0)
367,28.94,67.73,0,2026/8/29 1:21,Batch 2 · Blank (0)
367,28.94,67.71,0,2026/8/29 1:22,Batch 2 · Blank (0)
367,28.93,67.73,0,2026/8/29 1:23,Batch 2 · Blank (0)
366,28.94,67.72,0,2026/8/29 1:24,Batch 2 · Blank (0)
367,28.96,67.74,0,2026/8/29 1:25,Batch 2 · Blank (0)
367,28.97,67.78,0,2026/8/29 1:26,Batch 2 · Blank (0)
367,28.99,67.83,0,2026/8/29 1:27,Batch 2 · Blank (0)
367,28.99,67.82,0,2026/8/29 1:28,Batch 2 · Blank (0)
367,28.97,67.85,0,2026/8/29 1:29,Batch 2 · Blank (0)
368,29.01,67.9,0,2026/8/29 1:30,Batch 2 · Blank (0)
368,29.01,67.91,0,2026/8/29 1:31,Batch 2 · Blank (0)
369,29.01,67.88,0,2026/8/29 1:32,Batch 2 · Blank (0)
372,29.01,67.86,0,2026/8/29 1:33,Batch 2 · Blank (0)
370,29.03,67.9,0,2026/8/29 1:34,Batch 2 · Blank (0)
369,29.03,67.9,0,2026/8/29 1:35,Batch 2 · Blank (0)
370,29.05,68.01,0,2026/8/29 1:36,Batch 2 · Blank (0)
371,29.03,67.99,0,2026/8/29 1:37,Batch 2 · Blank (0)
369,29.05,68.01,0,2026/8/29 1:38,Batch 2 · Blank (0)
368,29.05,67.99,0,2026/8/29 1:39,Batch 2 · Blank (0)
369,29.05,68.03,0,2026/8/29 1:40,Batch 2 · Blank (0)
373,29.07,68,0,2026/8/29 1:41,Batch 2 · Blank (0)
370,29.05,67.97,0,2026/8/29 1:42,Batch 2 · Blank (0)
369,29.07,68.03,0,2026/8/29 1:43,Batch 2 · Blank (0)
369,29.1,68.05,0,2026/8/29 1:44,Batch 2 · Blank (0)
367,29.11,68.08,0,2026/8/29 1:45,Batch 2 · Blank (0)
365,29.11,68.03,0,2026/8/29 1:46,Batch 2 · Blank (0)
367,29.14,68.12,0,2026/8/29 1:47,Batch 2 · Blank (0)
368,29.14,68.16,0,2026/8/29 1:48,Batch 2 · Blank (0)
368,29.12,68.16,0,2026/8/29 1:49,Batch 2 · Blank (0)
370,29.15,68.15,0,2026/8/29 1:50,Batch 2 · Blank (0)
368,29.15,68.18,0,2026/8/29 1:51,Batch 2 · Blank (0)
369,29.14,68.19,0,2026/8/29 1:52,Batch 2 · Blank (0)
370,29.14,68.25,0,2026/8/29 1:53,Batch 2 · Blank (0)
367,29.12,68.23,0,2026/8/29 1:54,Batch 2 · Blank (0)
367,29.14,68.28,0,2026/8/29 1:55,Batch 2 · Blank (0)
367,29.18,68.25,0,2026/8/29 1:56,Batch 2 · Blank (0)
367,29.18,68.27,0,2026/8/29 1:57,Batch 2 · Blank (0)
368,29.17,68.25,0,2026/8/29 1:58,Batch 2 · Blank (0)
369,29.19,68.2,0,2026/8/29 1:59,Batch 2 · Blank (0)
369,29.19,68.24,0,2026/8/29 2:01,Batch 2 · Blank (0)
369,29.19,68.27,0,2026/8/29 2:02,Batch 2 · Blank (0)
368,29.21,68.38,0,2026/8/29 2:03,Batch 2 · Blank (0)
367,29.22,68.34,0,2026/8/29 2:04,Batch 2 · Blank (0)
369,29.21,68.25,0,2026/8/29 2:05,Batch 2 · Blank (0)
368,29.24,68.3,0,2026/8/29 2:06,Batch 2 · Blank (0)
368,29.19,68.32,0,2026/8/29 2:07,Batch 2 · Blank (0)
366,29.24,68.32,0,2026/8/29 2:08,Batch 2 · Blank (0)
366,29.21,68.29,0,2026/8/29 2:09,Batch 2 · Blank (0)
365,29.24,68.36,0,2026/8/29 2:10,Batch 2 · Blank (0)
366,29.25,68.34,0,2026/8/29 2:11,Batch 2 · Blank (0)
368,29.24,68.3,0,2026/8/29 2:12,Batch 2 · Blank (0)
367,29.27,68.35,0,2026/8/29 2:13,Batch 2 · Blank (0)
365,29.25,68.36,0,2026/8/29 2:14,Batch 2 · Blank (0)
364,29.29,68.36,0,2026/8/29 2:15,Batch 2 · Blank (0)
365,29.27,68.32,0,2026/8/29 2:16,Batch 2 · Blank (0)
367,29.29,68.39,0,2026/8/29 2:17,Batch 2 · Blank (0)
367,29.29,68.35,0,2026/8/29 2:18,Batch 2 · Blank (0)
367,29.29,68.35,0,2026/8/29 2:19,Batch 2 · Blank (0)
368,29.32,68.35,0,2026/8/29 2:20,Batch 2 · Blank (0)
367,29.32,68.35,0,2026/8/29 2:21,Batch 2 · Blank (0)
366,29.35,68.32,0,2026/8/29 2:22,Batch 2 · Blank (0)
367,29.32,68.35,0,2026/8/29 2:23,Batch 2 · Blank (0)
366,29.32,68.38,0,2026/8/29 2:24,Batch 2 · Blank (0)
365,29.32,68.4,0,2026/8/29 2:25,Batch 2 · Blank (0)
365,29.36,68.4,0,2026/8/29 2:26,Batch 2 · Blank (0)
366,29.35,68.4,0,2026/8/29 2:27,Batch 2 · Blank (0)
368,29.39,68.37,0,2026/8/29 2:28,Batch 2 · Blank (0)
369,29.38,68.4,0,2026/8/29 2:29,Batch 2 · Blank (0)
368,29.36,68.43,0,2026/8/29 2:30,Batch 2 · Blank (0)
365,29.39,68.49,0,2026/8/29 2:31,Batch 2 · Blank (0)
365,29.41,68.5,0,2026/8/29 2:32,Batch 2 · Blank (0)
364,29.42,68.53,0,2026/8/29 2:33,Batch 2 · Blank (0)
366,29.39,68.47,0,2026/8/29 2:34,Batch 2 · Blank (0)
368,29.42,68.53,0,2026/8/29 2:35,Batch 2 · Blank (0)
367,29.42,68.54,0,2026/8/29 2:36,Batch 2 · Blank (0)
367,29.43,68.56,0,2026/8/29 2:37,Batch 2 · Blank (0)
366,29.42,68.56,0,2026/8/29 2:38,Batch 2 · Blank (0)
365,29.43,68.47,0,2026/8/29 2:39,Batch 2 · Blank (0)
366,29.46,68.6,0,2026/8/29 2:40,Batch 2 · Blank (0)
363,29.46,68.55,0,2026/8/29 2:41,Batch 2 · Blank (0)
363,29.45,68.53,0,2026/8/29 2:42,Batch 2 · Blank (0)
366,29.46,68.53,0,2026/8/29 2:43,Batch 2 · Blank (0)
366,29.48,68.53,0,2026/8/29 2:44,Batch 2 · Blank (0)
365,29.49,68.58,0,2026/8/29 2:45,Batch 2 · Blank (0)
367,29.49,68.57,0,2026/8/29 2:46,Batch 2 · Blank (0)
366,29.49,68.59,0,2026/8/29 2:47,Batch 2 · Blank (0)
363,29.5,68.6,0,2026/8/29 2:48,Batch 2 · Blank (0)
363,29.49,68.62,0,2026/8/29 2:49,Batch 2 · Blank (0)
363,29.45,68.7,0,2026/8/29 2:50,Batch 2 · Blank (0)
364,29.48,68.72,0,2026/8/29 2:51,Batch 2 · Blank (0)
362,29.48,68.72,0,2026/8/29 2:52,Batch 2 · Blank (0)
362,29.5,68.69,0,2026/8/29 2:53,Batch 2 · Blank (0)
359,29.52,68.75,0,2026/8/29 2:54,Batch 2 · Blank (0)
360,29.49,68.74,0,2026/8/29 2:55,Batch 2 · Blank (0)
361,29.48,68.73,0,2026/8/29 2:56,Batch 2 · Blank (0)
362,29.52,68.83,0,2026/8/29 2:57,Batch 2 · Blank (0)
360,29.49,68.76,0,2026/8/29 2:58,Batch 2 · Blank (0)
362,29.52,68.79,0,2026/8/29 2:59,Batch 2 · Blank (0)
364,29.53,68.8,0,2026/8/29 3:00,Batch 2 · Blank (0)
362,29.52,68.87,0,2026/8/29 3:01,Batch 2 · Blank (0)
363,29.55,68.81,0,2026/8/29 3:02,Batch 2 · Blank (0)
362,29.53,68.8,0,2026/8/29 3:03,Batch 2 · Blank (0)
360,29.55,68.81,0,2026/8/29 3:04,Batch 2 · Blank (0)
361,29.53,68.78,0,2026/8/29 3:05,Batch 2 · Blank (0)
361,29.55,68.81,0,2026/8/29 3:06,Batch 2 · Blank (0)
362,29.57,68.75,0,2026/8/29 3:07,Batch 2 · Blank (0)
362,29.57,68.76,0,2026/8/29 3:08,Batch 2 · Blank (0)
361,29.59,68.7,0,2026/8/29 3:09,Batch 2 · Blank (0)
362,29.59,68.7,0,2026/8/29 3:11,Batch 2 · Blank (0)
360,29.59,68.7,0,2026/8/29 3:12,Batch 2 · Blank (0)
360,29.6,68.7,0,2026/8/29 3:13,Batch 2 · Blank (0)
357,29.59,68.69,0,2026/8/29 3:14,Batch 2 · Blank (0)
359,29.6,68.73,0,2026/8/29 3:15,Batch 2 · Blank (0)
360,29.6,68.74,0,2026/8/29 3:16,Batch 2 · Blank (0)
358,29.62,68.7,0,2026/8/29 3:17,Batch 2 · Blank (0)
359,29.62,68.75,0,2026/8/29 3:18,Batch 2 · Blank (0)
360,29.63,68.78,0,2026/8/29 3:19,Batch 2 · Blank (0)
359,29.66,68.74,0,2026/8/29 3:20,Batch 2 · Blank (0)
358,29.65,68.78,0,2026/8/29 3:21,Batch 2 · Blank (0)
359,29.65,68.84,0,2026/8/29 3:22,Batch 2 · Blank (0)
359,29.65,68.81,0,2026/8/29 3:23,Batch 2 · Blank (0)
357,29.66,68.84,0,2026/8/29 3:24,Batch 2 · Blank (0)
359,29.67,68.87,0,2026/8/29 3:25,Batch 2 · Blank (0)
357,29.63,68.84,0,2026/8/29 3:26,Batch 2 · Blank (0)
358,29.67,68.9,0,2026/8/29 3:27,Batch 2 · Blank (0)
359,29.66,68.93,0,2026/8/29 3:28,Batch 2 · Blank (0)
360,29.69,68.96,0,2026/8/29 3:29,Batch 2 · Blank (0)
360,29.69,68.96,0,2026/8/29 3:30,Batch 2 · Blank (0)
361,29.66,68.9,0,2026/8/29 3:31,Batch 2 · Blank (0)
362,29.69,68.89,0,2026/8/29 3:32,Batch 2 · Blank (0)
358,29.69,68.94,0,2026/8/29 3:33,Batch 2 · Blank (0)
359,29.69,68.91,0,2026/8/29 3:34,Batch 2 · Blank (0)
360,29.69,68.99,0,2026/8/29 3:35,Batch 2 · Blank (0)
360,29.66,68.99,0,2026/8/29 3:36,Batch 2 · Blank (0)
362,29.65,68.96,0,2026/8/29 3:37,Batch 2 · Blank (0)
362,29.69,69.02,0,2026/8/29 3:38,Batch 2 · Blank (0)
361,29.67,69,0,2026/8/29 3:39,Batch 2 · Blank (0)
360,29.69,69.03,0,2026/8/29 3:40,Batch 2 · Blank (0)
360,29.7,69,0,2026/8/29 3:41,Batch 2 · Blank (0)
359,29.71,69,0,2026/8/29 3:42,Batch 2 · Blank (0)
359,29.71,68.98,0,2026/8/29 3:43,Batch 2 · Blank (0)
359,29.7,68.99,0,2026/8/29 3:44,Batch 2 · Blank (0)
359,29.7,68.99,0,2026/8/29 3:45,Batch 2 · Blank (0)
359,29.7,69.01,0,2026/8/29 3:46,Batch 2 · Blank (0)
358,29.73,68.96,0,2026/8/29 3:47,Batch 2 · Blank (0)
358,29.73,68.96,0,2026/8/29 3:48,Batch 2 · Blank (0)
359,29.71,68.98,0,2026/8/29 3:49,Batch 2 · Blank (0)
359,29.73,68.92,0,2026/8/29 3:50,Batch 2 · Blank (0)
359,29.73,68.92,0,2026/8/29 3:51,Batch 2 · Blank (0)
360,29.73,68.99,0,2026/8/29 3:52,Batch 2 · Blank (0)
358,29.71,68.95,0,2026/8/29 3:53,Batch 2 · Blank (0)
358,29.74,69.03,0,2026/8/29 3:54,Batch 2 · Blank (0)
359,29.77,68.95,0,2026/8/29 3:55,Batch 2 · Blank (0)
361,29.77,69.04,0,2026/8/29 3:56,Batch 2 · Blank (0)
359,29.74,68.98,0,2026/8/29 3:57,Batch 2 · Blank (0)
357,29.77,69.04,0,2026/8/29 3:58,Batch 2 · Blank (0)
358,29.74,69.04,0,2026/8/29 3:59,Batch 2 · Blank (0)
357,29.77,69.09,0,2026/8/29 4:00,Batch 2 · Blank (0)
359,29.75,69.12,0,2026/8/29 4:01,Batch 2 · Blank (0)
359,29.78,69.06,0,2026/8/29 4:02,Batch 2 · Blank (0)
360,29.77,69.09,0,2026/8/29 4:03,Batch 2 · Blank (0)
359,29.77,69.07,0,2026/8/29 4:04,Batch 2 · Blank (0)
360,29.8,69.08,0,2026/8/29 4:05,Batch 2 · Blank (0)
360,29.78,69.04,0,2026/8/29 4:06,Batch 2 · Blank (0)
361,29.78,69.06,0,2026/8/29 4:07,Batch 2 · Blank (0)
359,29.78,69.04,0,2026/8/29 4:08,Batch 2 · Blank (0)
358,29.81,69.05,0,2026/8/29 4:09,Batch 2 · Blank (0)
358,29.8,69.06,0,2026/8/29 4:10,Batch 2 · Blank (0)
360,29.78,69.06,0,2026/8/29 4:11,Batch 2 · Blank (0)
360,29.77,69.02,0,2026/8/29 4:12,Batch 2 · Blank (0)
359,29.81,69.01,0,2026/8/29 4:13,Batch 2 · Blank (0)
360,29.81,68.98,0,2026/8/29 4:14,Batch 2 · Blank (0)
358,29.78,68.98,0,2026/8/29 4:15,Batch 2 · Blank (0)
357,29.8,68.98,0,2026/8/29 4:17,Batch 2 · Blank (0)
359,29.81,69,0,2026/8/29 4:18,Batch 2 · Blank (0)
358,29.82,69.03,0,2026/8/29 4:19,Batch 2 · Blank (0)
358,29.82,69.05,0,2026/8/29 4:20,Batch 2 · Blank (0)
360,29.8,69.06,0,2026/8/29 4:21,Batch 2 · Blank (0)
361,29.82,69.04,0,2026/8/29 4:22,Batch 2 · Blank (0)
361,29.84,69.11,0,2026/8/29 4:23,Batch 2 · Blank (0)
359,29.82,69.15,0,2026/8/29 4:24,Batch 2 · Blank (0)
360,29.82,69.04,0,2026/8/29 4:25,Batch 2 · Blank (0)
360,29.82,69.11,0,2026/8/29 4:26,Batch 2 · Blank (0)
359,29.81,69.11,0,2026/8/29 4:27,Batch 2 · Blank (0)
358,29.82,69.12,0,2026/8/29 4:28,Batch 2 · Blank (0)
359,29.82,69.16,0,2026/8/29 4:29,Batch 2 · Blank (0)
356,29.84,69.14,0,2026/8/29 4:30,Batch 2 · Blank (0)
357,29.82,69.13,0,2026/8/29 4:31,Batch 2 · Blank (0)
358,29.84,69.12,0,2026/8/29 4:32,Batch 2 · Blank (0)
357,29.86,69.17,0,2026/8/29 4:33,Batch 2 · Blank (0)
356,29.86,69.19,0,2026/8/29 4:34,Batch 2 · Blank (0)
356,29.87,69.2,0,2026/8/29 4:35,Batch 2 · Blank (0)
357,29.84,69.16,0,2026/8/29 4:36,Batch 2 · Blank (0)
358,29.86,69.16,0,2026/8/29 4:37,Batch 2 · Blank (0)
358,29.84,69.12,0,2026/8/29 4:38,Batch 2 · Blank (0)
359,29.87,69.12,0,2026/8/29 4:39,Batch 2 · Blank (0)
358,29.87,69.17,0,2026/8/29 4:40,Batch 2 · Blank (0)
356,29.87,69.18,0,2026/8/29 4:41,Batch 2 · Blank (0)
358,29.86,69.21,0,2026/8/29 4:42,Batch 2 · Blank (0)
358,29.87,69.15,0,2026/8/29 4:43,Batch 2 · Blank (0)
356,29.86,69.2,0,2026/8/29 4:44,Batch 2 · Blank (0)
357,29.86,69.21,0,2026/8/29 4:45,Batch 2 · Blank (0)
357,29.82,69.2,0,2026/8/29 4:46,Batch 2 · Blank (0)
359,29.87,69.22,0,2026/8/29 4:47,Batch 2 · Blank (0)
357,29.87,69.25,0,2026/8/29 4:48,Batch 2 · Blank (0)
356,29.84,69.32,0,2026/8/29 4:49,Batch 2 · Blank (0)
358,29.84,69.35,0,2026/8/29 4:50,Batch 2 · Blank (0)
358,29.86,69.28,0,2026/8/29 4:51,Batch 2 · Blank (0)
358,29.86,69.33,0,2026/8/29 4:52,Batch 2 · Blank (0)
358,29.84,69.33,0,2026/8/29 4:53,Batch 2 · Blank (0)
357,29.86,69.33,0,2026/8/29 4:54,Batch 2 · Blank (0)
357,29.86,69.33,0,2026/8/29 4:55,Batch 2 · Blank (0)
359,29.88,69.24,0,2026/8/29 4:56,Batch 2 · Blank (0)
360,29.88,69.28,0,2026/8/29 4:57,Batch 2 · Blank (0)
358,29.87,69.29,0,2026/8/29 4:58,Batch 2 · Blank (0)
358,29.88,69.3,0,2026/8/29 4:59,Batch 2 · Blank (0)
357,29.88,69.31,0,2026/8/29 5:00,Batch 2 · Blank (0)
357,29.88,69.3,0,2026/8/29 5:01,Batch 2 · Blank (0)
357,29.91,69.27,0,2026/8/29 5:02,Batch 2 · Blank (0)
359,29.87,69.27,0,2026/8/29 5:03,Batch 2 · Blank (0)
356,29.88,69.3,0,2026/8/29 5:04,Batch 2 · Blank (0)
358,29.88,69.35,0,2026/8/29 5:05,Batch 2 · Blank (0)
358,29.88,69.37,0,2026/8/29 5:06,Batch 2 · Blank (0)
356,29.84,69.38,0,2026/8/29 5:07,Batch 2 · Blank (0)
356,29.87,69.38,0,2026/8/29 5:08,Batch 2 · Blank (0)
357,29.87,69.35,0,2026/8/29 5:09,Batch 2 · Blank (0)
358,29.87,69.32,0,2026/8/29 5:10,Batch 2 · Blank (0)
356,29.9,69.35,0,2026/8/29 5:11,Batch 2 · Blank (0)
355,29.88,69.27,0,2026/8/29 5:12,Batch 2 · Blank (0)
356,29.9,69.32,0,2026/8/29 5:13,Batch 2 · Blank (0)
354,29.88,69.35,0,2026/8/29 5:14,Batch 2 · Blank (0)
355,29.86,69.38,0,2026/8/29 5:15,Batch 2 · Blank (0)
354,29.87,69.38,0,2026/8/29 5:16,Batch 2 · Blank (0)
355,29.88,69.36,0,2026/8/29 5:17,Batch 2 · Blank (0)
356,29.87,69.45,0,2026/8/29 5:18,Batch 2 · Blank (0)
357,29.86,69.45,0,2026/8/29 5:20,Batch 2 · Blank (0)
357,29.86,69.47,0,2026/8/29 5:21,Batch 2 · Blank (0)
355,29.87,69.46,0,2026/8/29 5:22,Batch 2 · Blank (0)
356,29.86,69.51,0,2026/8/29 5:23,Batch 2 · Blank (0)
357,29.87,69.54,0,2026/8/29 5:24,Batch 2 · Blank (0)
356,29.87,69.52,0,2026/8/29 5:25,Batch 2 · Blank (0)
354,29.88,69.51,0,2026/8/29 5:26,Batch 2 · Blank (0)
357,29.9,69.47,0,2026/8/29 5:27,Batch 2 · Blank (0)
356,29.88,69.47,0,2026/8/29 5:28,Batch 2 · Blank (0)
356,29.88,69.49,0,2026/8/29 5:29,Batch 2 · Blank (0)
356,29.86,69.53,0,2026/8/29 5:30,Batch 2 · Blank (0)
355,29.82,69.56,0,2026/8/29 5:31,Batch 2 · Blank (0)
356,29.82,69.6,0,2026/8/29 5:32,Batch 2 · Blank (0)
357,29.86,69.65,0,2026/8/29 5:33,Batch 2 · Blank (0)
357,29.84,69.61,0,2026/8/29 5:34,Batch 2 · Blank (0)
355,29.82,69.58,0,2026/8/29 5:35,Batch 2 · Blank (0)
355,29.86,69.58,0,2026/8/29 5:36,Batch 2 · Blank (0)
356,29.88,69.5,0,2026/8/29 5:37,Batch 2 · Blank (0)
354,29.9,69.44,0,2026/8/29 5:38,Batch 2 · Blank (0)
356,29.93,69.38,0,2026/8/29 5:39,Batch 2 · Blank (0)
355,29.94,69.32,0,2026/8/29 5:40,Batch 2 · Blank (0)
355,29.95,69.31,0,2026/8/29 5:41,Batch 2 · Blank (0)
355,29.97,69.32,0,2026/8/29 5:42,Batch 2 · Blank (0)
354,29.95,69.31,0,2026/8/29 5:43,Batch 2 · Blank (0)
355,29.95,69.28,0,2026/8/29 5:44,Batch 2 · Blank (0)
356,29.95,69.24,0,2026/8/29 5:45,Batch 2 · Blank (0)
356,29.97,69.24,0,2026/8/29 5:46,Batch 2 · Blank (0)
355,29.97,69.2,0,2026/8/29 5:47,Batch 2 · Blank (0)
355,29.98,69.14,0,2026/8/29 5:48,Batch 2 · Blank (0)
356,29.98,69.16,0,2026/8/29 5:49,Batch 2 · Blank (0)
355,29.94,69.25,0,2026/8/29 5:50,Batch 2 · Blank (0)
355,29.91,69.3,0,2026/8/29 5:51,Batch 2 · Blank (0)
355,29.91,69.37,0,2026/8/29 5:52,Batch 2 · Blank (0)
354,29.88,69.38,0,2026/8/29 5:53,Batch 2 · Blank (0)
355,29.87,69.43,0,2026/8/29 5:54,Batch 2 · Blank (0)
356,29.88,69.42,0,2026/8/29 5:55,Batch 2 · Blank (0)
355,29.87,69.44,0,2026/8/29 5:56,Batch 2 · Blank (0)
354,29.86,69.48,0,2026/8/29 5:57,Batch 2 · Blank (0)
354,29.86,69.51,0,2026/8/29 5:58,Batch 2 · Blank (0)
351,29.88,69.5,0,2026/8/29 5:59,Batch 2 · Blank (0)
354,29.84,69.5,0,2026/8/29 6:00,Batch 2 · Blank (0)
355,29.84,69.54,0,2026/8/29 6:01,Batch 2 · Blank (0)
353,29.86,69.56,0,2026/8/29 6:02,Batch 2 · Blank (0)
354,29.84,69.48,0,2026/8/29 6:03,Batch 2 · Blank (0)
355,29.87,69.52,0,2026/8/29 6:04,Batch 2 · Blank (0)
355,29.84,69.52,0,2026/8/29 6:05,Batch 2 · Blank (0)
352,29.9,69.4,0,2026/8/29 6:06,Batch 2 · Blank (0)
351,29.88,69.39,0,2026/8/29 6:07,Batch 2 · Blank (0)
352,29.9,69.29,0,2026/8/29 6:08,Batch 2 · Blank (0)
352,29.88,69.3,0,2026/8/29 6:09,Batch 2 · Blank (0)
353,29.9,69.34,0,2026/8/29 6:10,Batch 2 · Blank (0)
353,29.91,69.29,0,2026/8/29 6:11,Batch 2 · Blank (0)
352,29.94,69.27,0,2026/8/29 6:12,Batch 2 · Blank (0)
352,29.91,69.24,0,2026/8/29 6:13,Batch 2 · Blank (0)
353,29.91,69.24,0,2026/8/29 6:14,Batch 2 · Blank (0)
353,29.93,69.25,0,2026/8/29 6:15,Batch 2 · Blank (0)
354,29.94,69.24,0,2026/8/29 6:16,Batch 2 · Blank (0)
354,29.97,69.17,0,2026/8/29 6:17,Batch 2 · Blank (0)
353,29.98,69.04,0,2026/8/29 6:19,Batch 2 · Blank (0)
354,29.98,69.06,0,2026/8/29 6:20,Batch 2 · Blank (0)
354,30.01,69.03,0,2026/8/29 6:21,Batch 2 · Blank (0)
354,30.01,69.02,0,2026/8/29 6:22,Batch 2 · Blank (0)
355,30.02,69.01,0,2026/8/29 6:23,Batch 2 · Blank (0)
355,30.01,68.99,0,2026/8/29 6:24,Batch 2 · Blank (0)
355,30.01,69.09,0,2026/8/29 6:25,Batch 2 · Blank (0)
354,29.99,69.11,0,2026/8/29 6:26,Batch 2 · Blank (0)
354,29.95,69.11,0,2026/8/29 6:27,Batch 2 · Blank (0)
354,29.99,69.17,0,2026/8/29 6:28,Batch 2 · Blank (0)
355,30.01,69.14,0,2026/8/29 6:29,Batch 2 · Blank (0)
355,30.01,69.13,0,2026/8/29 6:30,Batch 2 · Blank (0)
355,29.99,69.08,0,2026/8/29 6:31,Batch 2 · Blank (0)
355,30.01,69.09,0,2026/8/29 6:32,Batch 2 · Blank (0)
357,30.02,69.05,0,2026/8/29 6:33,Batch 2 · Blank (0)
357,30.05,69.05,0,2026/8/29 6:34,Batch 2 · Blank (0)
355,30.02,69.03,0,2026/8/29 6:35,Batch 2 · Blank (0)
355,29.99,69.09,0,2026/8/29 6:36,Batch 2 · Blank (0)
359,30.01,69.22,0,2026/8/29 6:37,Batch 2 · Blank (0)
358,30.01,69.21,0,2026/8/29 6:38,Batch 2 · Blank (0)
357,30.01,69.21,0,2026/8/29 6:39,Batch 2 · Blank (0)
356,30.02,69.2,0,2026/8/29 6:40,Batch 2 · Blank (0)
357,30.04,69.14,0,2026/8/29 6:41,Batch 2 · Blank (0)
357,30.02,69.13,0,2026/8/29 6:42,Batch 2 · Blank (0)
356,30.05,69.12,0,2026/8/29 6:43,Batch 2 · Blank (0)
356,30.06,69.11,0,2026/8/29 6:44,Batch 2 · Blank (0)
357,30.06,69.11,0,2026/8/29 6:45,Batch 2 · Blank (0)
357,30.06,69.07,0,2026/8/29 6:46,Batch 2 · Blank (0)
357,30.08,69.07,0,2026/8/29 6:47,Batch 2 · Blank (0)
356,30.08,69.05,0,2026/8/29 6:48,Batch 2 · Blank (0)
357,30.11,69.01,0,2026/8/29 6:49,Batch 2 · Blank (0)
357,30.09,69.01,0,2026/8/29 6:50,Batch 2 · Blank (0)
356,30.12,69.03,0,2026/8/29 6:51,Batch 2 · Blank (0)
355,30.11,69.03,0,2026/8/29 6:52,Batch 2 · Blank (0)
358,30.11,69.05,0,2026/8/29 6:53,Batch 2 · Blank (0)
358,30.11,69.05,0,2026/8/29 6:54,Batch 2 · Blank (0)
358,30.09,69.04,0,2026/8/29 6:55,Batch 2 · Blank (0)
359,30.12,69.08,0,2026/8/29 6:56,Batch 2 · Blank (0)
359,30.11,69.03,0,2026/8/29 6:57,Batch 2 · Blank (0)
357,30.12,68.97,0,2026/8/29 6:58,Batch 2 · Blank (0)
358,30.15,68.99,0,2026/8/29 6:59,Batch 2 · Blank (0)
358,30.15,68.95,0,2026/8/29 7:00,Batch 2 · Blank (0)
357,30.12,68.96,0,2026/8/29 7:01,Batch 2 · Blank (0)
358,30.16,68.94,0,2026/8/29 7:02,Batch 2 · Blank (0)
357,30.13,68.95,0,2026/8/29 7:03,Batch 2 · Blank (0)
356,30.16,68.99,0,2026/8/29 7:04,Batch 2 · Blank (0)
357,30.18,68.93,0,2026/8/29 7:05,Batch 2 · Blank (0)
359,30.16,68.87,0,2026/8/29 7:06,Batch 2 · Blank (0)
360,30.19,68.88,0,2026/8/29 7:07,Batch 2 · Blank (0)
358,30.19,68.88,0,2026/8/29 7:08,Batch 2 · Blank (0)
357,30.19,68.82,0,2026/8/29 7:09,Batch 2 · Blank (0)
356,30.22,68.85,0,2026/8/29 7:10,Batch 2 · Blank (0)
357,30.21,68.84,0,2026/8/29 7:11,Batch 2 · Blank (0)
358,30.22,68.84,0,2026/8/29 7:12,Batch 2 · Blank (0)
356,30.22,68.82,0,2026/8/29 7:13,Batch 2 · Blank (0)
356,30.23,68.85,0,2026/8/29 7:14,Batch 2 · Blank (0)
357,30.22,68.84,0,2026/8/29 7:16,Batch 2 · Blank (0)
359,30.22,68.83,0,2026/8/29 7:17,Batch 2 · Blank (0)
360,30.25,68.84,0,2026/8/29 7:18,Batch 2 · Blank (0)
360,30.23,68.85,0,2026/8/29 7:19,Batch 2 · Blank (0)
360,30.22,68.85,0,2026/8/29 7:20,Batch 2 · Blank (0)
360,30.25,68.83,0,2026/8/29 7:21,Batch 2 · Blank (0)
359,30.25,68.8,0,2026/8/29 7:22,Batch 2 · Blank (0)
360,30.23,68.78,0,2026/8/29 7:23,Batch 2 · Blank (0)
360,30.25,68.79,0,2026/8/29 7:24,Batch 2 · Blank (0)
360,30.23,68.8,0,2026/8/29 7:25,Batch 2 · Blank (0)
359,30.23,68.78,0,2026/8/29 7:26,Batch 2 · Blank (0)
359,30.26,68.79,0,2026/8/29 7:27,Batch 2 · Blank (0)
358,30.23,68.85,0,2026/8/29 7:28,Batch 2 · Blank (0)
359,30.23,68.81,0,2026/8/29 7:29,Batch 2 · Blank (0)
359,30.29,68.77,0,2026/8/29 7:30,Batch 2 · Blank (0)
359,30.26,68.79,0,2026/8/29 7:31,Batch 2 · Blank (0)
361,30.26,68.75,0,2026/8/29 7:32,Batch 2 · Blank (0)
360,30.26,68.8,0,2026/8/29 7:33,Batch 2 · Blank (0)
358,30.28,68.74,0,2026/8/29 7:34,Batch 2 · Blank (0)
356,30.29,68.74,0,2026/8/29 7:35,Batch 2 · Blank (0)
359,30.26,68.82,0,2026/8/29 7:36,Batch 2 · Blank (0)
359,30.3,68.78,0,2026/8/29 7:37,Batch 2 · Blank (0)
358,30.32,68.69,0,2026/8/29 7:38,Batch 2 · Blank (0)
357,30.28,68.71,0,2026/8/29 7:39,Batch 2 · Blank (0)
359,30.29,68.7,0,2026/8/29 7:40,Batch 2 · Blank (0)
360,30.28,68.7,0,2026/8/29 7:41,Batch 2 · Blank (0)
359,30.28,68.73,0,2026/8/29 7:42,Batch 2 · Blank (0)
359,30.26,68.77,0,2026/8/29 7:43,Batch 2 · Blank (0)
358,30.28,68.72,0,2026/8/29 7:44,Batch 2 · Blank (0)
357,30.3,68.65,0,2026/8/29 7:45,Batch 2 · Blank (0)
357,30.3,68.64,0,2026/8/29 7:46,Batch 2 · Blank (0)
360,30.32,68.62,0,2026/8/29 7:47,Batch 2 · Blank (0)
361,30.33,68.62,0,2026/8/29 7:48,Batch 2 · Blank (0)
359,30.33,68.62,0,2026/8/29 7:49,Batch 2 · Blank (0)
358,30.35,68.64,0,2026/8/29 7:50,Batch 2 · Blank (0)
356,30.35,68.64,0,2026/8/29 7:51,Batch 2 · Blank (0)
358,30.35,68.62,0,2026/8/29 7:52,Batch 2 · Blank (0)
357,30.33,68.63,0,2026/8/29 7:53,Batch 2 · Blank (0)
357,30.3,68.6,0,2026/8/29 7:54,Batch 2 · Blank (0)
359,30.32,68.62,0,2026/8/29 7:55,Batch 2 · Blank (0)
359,30.33,68.62,0,2026/8/29 7:56,Batch 2 · Blank (0)
358,30.32,68.63,0,2026/8/29 7:57,Batch 2 · Blank (0)
358,30.32,68.64,0,2026/8/29 7:58,Batch 2 · Blank (0)
358,30.35,68.61,0,2026/8/29 7:59,Batch 2 · Blank (0)
358,30.33,68.6,0,2026/8/29 8:00,Batch 2 · Blank (0)
361,30.32,68.61,0,2026/8/29 8:01,Batch 2 · Blank (0)
361,30.35,68.61,0,2026/8/29 8:02,Batch 2 · Blank (0)
358,30.35,68.56,0,2026/8/29 8:03,Batch 2 · Blank (0)
360,30.37,68.56,0,2026/8/29 8:04,Batch 2 · Blank (0)
361,30.4,68.51,0,2026/8/29 8:05,Batch 2 · Blank (0)
359,30.39,68.49,0,2026/8/29 8:06,Batch 2 · Blank (0)
360,30.39,68.47,0,2026/8/29 8:07,Batch 2 · Blank (0)
360,30.39,68.48,0,2026/8/29 8:08,Batch 2 · Blank (0)
361,30.4,68.43,0,2026/8/29 8:09,Batch 2 · Blank (0)
359,30.4,68.48,0,2026/8/29 8:10,Batch 2 · Blank (0)
357,30.37,68.44,0,2026/8/29 8:12,Batch 2 · Blank (0)
359,30.4,68.46,0,2026/8/29 8:13,Batch 2 · Blank (0)
359,30.39,68.46,0,2026/8/29 8:14,Batch 2 · Blank (0)
359,30.39,68.53,0,2026/8/29 8:15,Batch 2 · Blank (0)
358,30.39,68.5,0,2026/8/29 8:16,Batch 2 · Blank (0)
358,30.4,68.47,0,2026/8/29 8:17,Batch 2 · Blank (0)
359,30.43,68.48,0,2026/8/29 8:18,Batch 2 · Blank (0)
358,30.42,68.45,0,2026/8/29 8:19,Batch 2 · Blank (0)
360,30.42,68.5,0,2026/8/29 8:20,Batch 2 · Blank (0)
361,30.36,68.63,0,2026/8/29 8:21,Batch 2 · Blank (0)
364,30.36,68.61,0,2026/8/29 8:22,Batch 2 · Blank (0)
372,30.29,67.5,0,2026/8/29 8:23,Batch 2 · Blank (0)
369,30.15,64.89,0,2026/8/29 8:24,Batch 2 · Blank (0)
363,30.05,62.68,0,2026/8/29 8:25,Batch 2 · Blank (0)
363,29.93,60.32,0,2026/8/29 8:26,Batch 2 · Blank (0)
366,29.78,59.48,0,2026/8/29 8:27,Batch 2 · Blank (0)
371,29.62,57.74,0,2026/8/29 8:28,Batch 2 · Blank (0)
374,29.48,57.23,0,2026/8/29 8:29,Batch 2 · Blank (0)
376,29.29,55.99,0,2026/8/29 8:30,Batch 2 · Blank (0)
378,29.15,55.99,0,2026/8/29 8:31,Batch 2 · Blank (0)
377,29.04,55.08,0,2026/8/29 8:32,Batch 2 · Blank (0)
378,28.89,54.06,0,2026/8/29 8:33,Batch 2 · Blank (0)
379,28.77,53.59,0,2026/8/29 8:34,Batch 2 · Blank (0)
380,28.68,53.96,0,2026/8/29 8:35,Batch 2 · Blank (0)
380,28.52,53.51,0,2026/8/29 8:36,Batch 2 · Blank (0)
379,28.47,55.34,0,2026/8/29 8:37,Batch 2 · Blank (0)
378,28.4,56.42,0,2026/8/29 8:38,Batch 2 · Blank (0)
382,28.37,56.98,0,2026/8/29 8:39,Batch 2 · Blank (0)
384,28.36,57.89,0,2026/8/29 8:40,Batch 2 · Blank (0)
382,28.36,58.54,0,2026/8/29 8:41,Batch 2 · Blank (0)
378,28.34,58.94,0,2026/8/29 8:42,Batch 2 · Blank (0)
379,28.37,60.07,0,2026/8/29 8:43,Batch 2 · Blank (0)
381,28.34,60.53,0,2026/8/29 8:44,Batch 2 · Blank (0)
378,28.36,59.92,0,2026/8/29 8:45,Batch 2 · Blank (0)
379,28.33,58.74,0,2026/8/29 8:46,Batch 2 · Blank (0)
379,28.29,57.43,0,2026/8/29 8:47,Batch 2 · Blank (0)
380,28.23,56.27,0,2026/8/29 8:48,Batch 2 · Blank (0)
381,28.18,55.42,0,2026/8/29 8:49,Batch 2 · Blank (0)
380,28.11,54.57,0,2026/8/29 8:50,Batch 2 · Blank (0)
381,28.02,53.3,0,2026/8/29 8:51,Batch 2 · Blank (0)
382,27.96,53.93,0,2026/8/29 8:52,Batch 2 · Blank (0)
382,27.92,55.25,0,2026/8/29 8:53,Batch 2 · Blank (0)
385,27.95,56.44,0,2026/8/29 8:54,Batch 2 · Blank (0)
387,27.92,57.66,0,2026/8/29 8:55,Batch 2 · Blank (0)
387,27.92,58.35,0,2026/8/29 8:56,Batch 2 · Blank (0)
386,27.92,58.23,0,2026/8/29 8:57,Batch 2 · Blank (0)
383,27.95,58.41,0,2026/8/29 8:58,Batch 2 · Blank (0)
382,27.92,58.28,0,2026/8/29 8:59,Batch 2 · Blank (0)
382,27.93,58.38,0,2026/8/29 9:00,Batch 2 · Blank (0)
384,27.96,58.11,0,2026/8/29 9:01,Batch 2 · Blank (0)
384,27.93,57.95,0,2026/8/29 9:02,Batch 2 · Blank (0)
384,27.91,57.47,0,2026/8/29 9:03,Batch 2 · Blank (0)
383,27.89,57.31,0,2026/8/29 9:05,Batch 2 · Blank (0)
382,27.89,57.37,0,2026/8/29 9:06,Batch 2 · Blank (0)
385,27.85,56.82,0,2026/8/29 9:07,Batch 2 · Blank (0)
385,27.84,56.64,0,2026/8/29 9:08,Batch 2 · Blank (0)
385,27.82,55.47,0,2026/8/29 9:09,Batch 2 · Blank (0)
382,27.81,55.68,0,2026/8/29 9:10,Batch 2 · Blank (0)
384,27.77,54.98,0,2026/8/29 9:11,Batch 2 · Blank (0)
386,27.75,54.02,0,2026/8/29 9:12,Batch 2 · Blank (0)
385,27.68,53.91,0,2026/8/29 9:13,Batch 2 · Blank (0)
383,27.65,53.7,0,2026/8/29 9:14,Batch 2 · Blank (0)
384,27.61,53.08,0,2026/8/29 9:15,Batch 2 · Blank (0)
385,27.55,52.87,0,2026/8/29 9:16,Batch 2 · Blank (0)
384,27.53,52.54,0,2026/8/29 9:17,Batch 2 · Blank (0)
383,27.48,52.01,0,2026/8/29 9:18,Batch 2 · Blank (0)
384,27.44,51.77,0,2026/8/29 9:19,Batch 2 · Blank (0)
382,27.39,51.66,0,2026/8/29 9:20,Batch 2 · Blank (0)
382,27.33,51.67,0,2026/8/29 9:21,Batch 2 · Blank (0)
385,27.3,51.31,0,2026/8/29 9:22,Batch 2 · Blank (0)
384,27.26,50.89,0,2026/8/29 9:23,Batch 2 · Blank (0)
386,27.25,50.62,0,2026/8/29 9:24,Batch 2 · Blank (0)
386,27.21,50.8,0,2026/8/29 9:25,Batch 2 · Blank (0)
386,27.15,50.91,0,2026/8/29 9:26,Batch 2 · Blank (0)
385,27.13,51.24,0,2026/8/29 9:27,Batch 2 · Blank (0)
388,27.13,52.05,0,2026/8/29 9:28,Batch 2 · Blank (0)
387,27.11,53,0,2026/8/29 9:29,Batch 2 · Blank (0)
389,27.09,52.2,0,2026/8/29 9:30,Batch 2 · Blank (0)
389,27.07,52.26,0,2026/8/29 9:31,Batch 2 · Blank (0)
388,27.07,52.02,0,2026/8/29 9:32,Batch 2 · Blank (0)
388,27.04,51.99,0,2026/8/29 9:33,Batch 2 · Blank (0)
387,27.01,51.95,0,2026/8/29 9:34,Batch 2 · Blank (0)
388,27.01,52.06,0,2026/8/29 9:35,Batch 2 · Blank (0)
387,26.99,52.06,0,2026/8/29 9:36,Batch 2 · Blank (0)
388,27.01,52.06,0,2026/8/29 9:37,Batch 2 · Blank (0)
387,26.99,52.31,0,2026/8/29 9:38,Batch 2 · Blank (0)
387,26.98,51.84,0,2026/8/29 9:39,Batch 2 · Blank (0)
386,26.97,51.85,0,2026/8/29 9:40,Batch 2 · Blank (0)
386,26.94,51.85,0,2026/8/29 9:41,Batch 2 · Blank (0)
386,26.97,51.94,0,2026/8/29 9:42,Batch 2 · Blank (0)
387,26.95,51.64,0,2026/8/29 9:43,Batch 2 · Blank (0)
387,26.94,51.6,0,2026/8/29 9:44,Batch 2 · Blank (0)
389,26.92,51.44,0,2026/8/29 9:45,Batch 2 · Blank (0)
389,26.91,51.78,0,2026/8/29 9:46,Batch 2 · Blank (0)
390,26.9,51.55,0,2026/8/29 9:47,Batch 2 · Blank (0)
390,26.9,51.07,0,2026/8/29 9:48,Batch 2 · Blank (0)
389,26.85,51.07,0,2026/8/29 9:49,Batch 2 · Blank (0)
388,26.87,51.25,0,2026/8/29 9:50,Batch 2 · Blank (0)
388,26.83,50.56,0,2026/8/29 9:51,Batch 2 · Blank (0)
390,26.83,50.43,0,2026/8/29 9:52,Batch 2 · Blank (0)
390,26.8,50.58,0,2026/8/29 9:53,Batch 2 · Blank (0)
390,26.77,50.74,0,2026/8/29 9:54,Batch 2 · Blank (0)
389,26.77,50.75,0,2026/8/29 9:55,Batch 2 · Blank (0)
389,26.79,51.05,0,2026/8/29 9:56,Batch 2 · Blank (0)
389,26.77,51.24,0,2026/8/29 9:58,Batch 2 · Blank (0)
389,26.77,51.35,0,2026/8/29 9:59,Batch 2 · Blank (0)
390,26.76,51.26,0,2026/8/29 10:00,Batch 2 · Blank (0)
389,26.73,51.24,0,2026/8/29 10:01,Batch 2 · Blank (0)
389,26.73,51.06,0,2026/8/29 10:02,Batch 2 · Blank (0)
391,26.72,51.19,0,2026/8/29 10:03,Batch 2 · Blank (0)
391,26.67,51.08,0,2026/8/29 10:04,Batch 2 · Blank (0)
390,26.7,51.09,0,2026/8/29 10:05,Batch 2 · Blank (0)
391,26.67,51.08,0,2026/8/29 10:06,Batch 2 · Blank (0)
391,26.66,51.03,0,2026/8/29 10:07,Batch 2 · Blank (0)
390,26.67,50.74,0,2026/8/29 10:08,Batch 2 · Blank (0)
389,26.67,50.41,0,2026/8/29 10:09,Batch 2 · Blank (0)
389,26.66,50.52,0,2026/8/29 10:10,Batch 2 · Blank (0)
389,26.6,49.77,0,2026/8/29 10:11,Batch 2 · Blank (0)
388,26.6,49.71,0,2026/8/29 10:12,Batch 2 · Blank (0)
389,26.57,50.08,0,2026/8/29 10:13,Batch 2 · Blank (0)
388,26.54,49.78,0,2026/8/29 10:14,Batch 2 · Blank (0)
391,26.54,49.82,0,2026/8/29 10:15,Batch 2 · Blank (0)
390,26.53,50.1,0,2026/8/29 10:16,Batch 2 · Blank (0)
390,26.5,50.43,0,2026/8/29 10:17,Batch 2 · Blank (0)
389,26.49,49.94,0,2026/8/29 10:18,Batch 2 · Blank (0)
390,26.46,49.58,0,2026/8/29 10:19,Batch 2 · Blank (0)
389,26.46,49.66,0,2026/8/29 10:20,Batch 2 · Blank (0)
389,26.45,49.44,0,2026/8/29 10:21,Batch 2 · Blank (0)
388,26.42,49.8,0,2026/8/29 10:22,Batch 2 · Blank (0)
388,26.44,49.89,0,2026/8/29 10:23,Batch 2 · Blank (0)
387,26.39,49.64,0,2026/8/29 10:24,Batch 2 · Blank (0)
387,26.39,49.64,0,2026/8/29 10:25,Batch 2 · Blank (0)
387,26.34,49.24,0,2026/8/29 10:26,Batch 2 · Blank (0)
389,26.32,49.35,0,2026/8/29 10:27,Batch 2 · Blank (0)
388,26.31,49.41,0,2026/8/29 10:28,Batch 2 · Blank (0)
387,26.32,49.83,0,2026/8/29 10:29,Batch 2 · Blank (0)
386,26.34,49.56,0,2026/8/29 10:30,Batch 2 · Blank (0)
387,26.32,49.67,0,2026/8/29 10:31,Batch 2 · Blank (0)
388,26.29,49.88,0,2026/8/29 10:32,Batch 2 · Blank (0)
390,26.31,50,0,2026/8/29 10:33,Batch 2 · Blank (0)
390,26.28,49.98,0,2026/8/29 10:34,Batch 2 · Blank (0)
389,26.31,50.14,0,2026/8/29 10:35,Batch 2 · Blank (0)
387,26.28,50.25,0,2026/8/29 10:36,Batch 2 · Blank (0)
388,26.29,50.53,0,2026/8/29 10:37,Batch 2 · Blank (0)
386,26.31,51.11,0,2026/8/29 10:38,Batch 2 · Blank (0)
386,26.31,51.08,0,2026/8/29 10:39,Batch 2 · Blank (0)
386,26.32,51.23,0,2026/8/29 10:40,Batch 2 · Blank (0)
386,26.29,50.88,0,2026/8/29 10:41,Batch 2 · Blank (0)
387,26.31,50.98,0,2026/8/29 10:42,Batch 2 · Blank (0)
388,26.31,51.06,0,2026/8/29 10:43,Batch 2 · Blank (0)
390,26.32,51.01,0,2026/8/29 10:44,Batch 2 · Blank (0)
390,26.32,50.88,0,2026/8/29 10:45,Batch 2 · Blank (0)
388,26.34,50.87,0,2026/8/29 10:46,Batch 2 · Blank (0)
388,26.34,50.85,0,2026/8/29 10:48,Batch 2 · Blank (0)
389,26.31,50.76,0,2026/8/29 10:49,Batch 2 · Blank (0)
387,26.35,50.75,0,2026/8/29 10:50,Batch 2 · Blank (0)
387,26.32,50.71,0,2026/8/29 10:51,Batch 2 · Blank (0)
388,26.32,50.7,0,2026/8/29 10:52,Batch 2 · Blank (0)
387,26.31,50.81,0,2026/8/29 10:53,Batch 2 · Blank (0)
386,26.31,50.66,0,2026/8/29 10:54,Batch 2 · Blank (0)
386,26.32,50.71,0,2026/8/29 10:55,Batch 2 · Blank (0)
385,26.32,50.66,0,2026/8/29 10:56,Batch 2 · Blank (0)
385,26.31,50.45,0,2026/8/29 10:57,Batch 2 · Blank (0)
385,26.28,50.41,0,2026/8/29 10:58,Batch 2 · Blank (0)
388,26.27,50.11,0,2026/8/29 10:59,Batch 2 · Blank (0)
389,26.28,50.01,0,2026/8/29 11:00,Batch 2 · Blank (0)
388,26.25,49.83,0,2026/8/29 11:01,Batch 2 · Blank (0)
388,26.27,49.69,0,2026/8/29 11:02,Batch 2 · Blank (0)
387,26.25,49.14,0,2026/8/29 11:03,Batch 2 · Blank (0)
386,26.25,49.15,0,2026/8/29 11:04,Batch 2 · Blank (0)
386,26.21,49.11,0,2026/8/29 11:05,Batch 2 · Blank (0)
387,26.17,48.88,0,2026/8/29 11:06,Batch 2 · Blank (0)
388,26.15,49.79,0,2026/8/29 11:07,Batch 2 · Blank (0)
390,26.15,51.11,0,2026/8/29 11:08,Batch 2 · Blank (0)
393,26.22,52.98,0,2026/8/29 11:09,Batch 2 · Blank (0)
394,26.27,54.26,0,2026/8/29 11:10,Batch 2 · Blank (0)
396,26.31,55.35,0,2026/8/29 11:11,Batch 2 · Blank (0)
393,26.35,55.89,0,2026/8/29 11:12,Batch 2 · Blank (0)
392,26.42,56.42,0,2026/8/29 11:13,Batch 2 · Blank (0)
393,26.46,55.97,0,2026/8/29 11:14,Batch 2 · Blank (0)
391,26.49,55.62,0,2026/8/29 11:15,Batch 2 · Blank (0)
390,26.52,54.93,0,2026/8/29 11:16,Batch 2 · Blank (0)
390,26.53,54.44,0,2026/8/29 11:17,Batch 2 · Blank (0)
391,26.53,54.13,0,2026/8/29 11:18,Batch 2 · Blank (0)
392,26.52,53.69,0,2026/8/29 11:19,Batch 2 · Blank (0)
388,26.54,53.44,0,2026/8/29 11:20,Batch 2 · Blank (0)
386,26.53,53.19,0,2026/8/29 11:21,Batch 2 · Blank (0)
387,26.5,52.68,0,2026/8/29 11:22,Batch 2 · Blank (0)
391,26.49,52.33,0,2026/8/29 11:23,Batch 2 · Blank (0)
391,26.46,52.03,0,2026/8/29 11:24,Batch 2 · Blank (0)
392,26.46,51.95,0,2026/8/29 11:25,Batch 2 · Blank (0)
394,26.45,51.49,0,2026/8/29 11:26,Batch 2 · Blank (0)
394,26.42,51.32,0,2026/8/29 11:27,Batch 2 · Blank (0)
396,26.38,51.4,0,2026/8/29 11:28,Batch 2 · Blank (0)
394,26.39,51.49,0,2026/8/29 11:29,Batch 2 · Blank (0)
396,26.36,51.24,0,2026/8/29 11:30,Batch 2 · Blank (0)
397,26.31,51.11,0,2026/8/29 11:31,Batch 2 · Blank (0)
396,26.31,51.32,0,2026/8/29 11:32,Batch 2 · Blank (0)
394,26.29,51.25,0,2026/8/29 11:33,Batch 2 · Blank (0)
395,26.27,51.24,0,2026/8/29 11:34,Batch 2 · Blank (0)
393,26.25,51.46,0,2026/8/29 11:35,Batch 2 · Blank (0)
392,26.25,52.01,0,2026/8/29 11:37,Batch 2 · Blank (0)
392,26.25,51.68,0,2026/8/29 11:38,Batch 2 · Blank (0)
391,26.21,52,0,2026/8/29 11:39,Batch 2 · Blank (0)
387,26.21,52.51,0,2026/8/29 11:40,Batch 2 · Blank (0)
389,26.22,52.69,0,2026/8/29 11:41,Batch 2 · Blank (0)
386,26.21,52.37,0,2026/8/29 11:42,Batch 2 · Blank (0)
386,26.2,53.01,0,2026/8/29 11:43,Batch 2 · Blank (0)
382,26.21,53.43,0,2026/8/29 11:44,Batch 2 · Blank (0)
382,26.2,54.25,0,2026/8/29 11:45,Batch 2 · Blank (0)
381,26.24,54.63,0,2026/8/29 11:46,Batch 2 · Blank (0)
378,26.24,55.33,0,2026/8/29 11:47,Batch 2 · Blank (0)
375,26.28,56.23,0,2026/8/29 11:48,Batch 2 · Blank (0)
374,26.31,56.88,0,2026/8/29 11:49,Batch 2 · Blank (0)
375,26.34,57.38,0,2026/8/29 11:50,Batch 2 · Blank (0)
373,26.36,56.99,0,2026/8/29 11:51,Batch 2 · Blank (0)
372,26.39,57.08,0,2026/8/29 11:52,Batch 2 · Blank (0)
370,26.39,56.24,0,2026/8/29 11:53,Batch 2 · Blank (0)
374,26.42,55.33,0,2026/8/29 11:54,Batch 2 · Blank (0)
378,26.42,54.8,0,2026/8/29 11:55,Batch 2 · Blank (0)
380,26.41,54.47,0,2026/8/29 11:56,Batch 2 · Blank (0)
384,26.38,54.11,0,2026/8/29 11:57,Batch 2 · Blank (0)
384,26.38,53.88,0,2026/8/29 11:58,Batch 2 · Blank (0)
386,26.36,53.58,0,2026/8/29 11:59,Batch 2 · Blank (0)
387,26.32,53.27,0,2026/8/29 12:00,Batch 2 · Blank (0)
388,26.31,52.92,0,2026/8/29 12:01,Batch 2 · Blank (0)
389,26.31,52.57,0,2026/8/29 12:02,Batch 2 · Blank (0)
390,26.28,52.14,0,2026/8/29 12:03,Batch 2 · Blank (0)
391,26.25,51.96,0,2026/8/29 12:04,Batch 2 · Blank (0)
393,26.24,51.79,0,2026/8/29 12:05,Batch 2 · Blank (0)
392,26.21,51.85,0,2026/8/29 12:06,Batch 2 · Blank (0)
393,26.17,51.79,0,2026/8/29 12:07,Batch 2 · Blank (0)
397,26.18,51.87,0,2026/8/29 12:08,Batch 2 · Blank (0)
398,26.14,51.74,0,2026/8/29 12:09,Batch 2 · Blank (0)
397,26.13,51.59,0,2026/8/29 12:10,Batch 2 · Blank (0)
398,26.11,51.19,0,2026/8/29 12:11,Batch 2 · Blank (0)
399,26.1,50.92,0,2026/8/29 12:12,Batch 2 · Blank (0)
401,26.1,52.32,0,2026/8/29 12:13,Batch 2 · Blank (0)
403,26.11,54.14,0,2026/8/29 12:14,Batch 2 · Blank (0)
405,26.17,55.19,0,2026/8/29 12:15,Batch 2 · Blank (0)
406,26.18,56.27,0,2026/8/29 12:16,Batch 2 · Blank (0)
408,26.24,57.31,0,2026/8/29 12:17,Batch 2 · Blank (0)
409,26.29,58.07,0,2026/8/29 12:18,Batch 2 · Blank (0)
410,26.36,58.45,0,2026/8/29 12:19,Batch 2 · Blank (0)
410,26.46,59.1,0,2026/8/29 12:20,Batch 2 · Blank (0)
410,26.53,59.61,0,2026/8/29 12:21,Batch 2 · Blank (0)
412,26.57,59.49,0,2026/8/29 12:22,Batch 2 · Blank (0)
411,26.59,58.89,0,2026/8/29 12:24,Batch 2 · Blank (0)
410,26.6,58.12,0,2026/8/29 12:25,Batch 2 · Blank (0)
411,26.63,57.73,0,2026/8/29 12:26,Batch 2 · Blank (0)
412,26.66,57.44,0,2026/8/29 12:27,Batch 2 · Blank (0)
413,26.7,56.99,0,2026/8/29 12:28,Batch 2 · Blank (0)
411,26.66,56.59,0,2026/8/29 12:29,Batch 2 · Blank (0)
410,26.66,56.11,0,2026/8/29 12:30,Batch 2 · Blank (0)
411,26.6,55.95,0,2026/8/29 12:31,Batch 2 · Blank (0)
409,26.56,55.42,0,2026/8/29 12:32,Batch 2 · Blank (0)
408,26.56,55.21,0,2026/8/29 12:33,Batch 2 · Blank (0)
409,26.54,54.37,0,2026/8/29 12:34,Batch 2 · Blank (0)
406,26.52,54.02,0,2026/8/29 12:35,Batch 2 · Blank (0)
405,26.48,53.51,0,2026/8/29 12:36,Batch 2 · Blank (0)
405,26.45,53.34,0,2026/8/29 12:37,Batch 2 · Blank (0)
403,26.44,53.07,0,2026/8/29 12:38,Batch 2 · Blank (0)
403,26.41,52.58,0,2026/8/29 12:39,Batch 2 · Blank (0)
403,26.36,52.33,0,2026/8/29 12:40,Batch 2 · Blank (0)
403,26.31,52.4,0,2026/8/29 12:41,Batch 2 · Blank (0)
404,26.29,52.41,0,2026/8/29 12:42,Batch 2 · Blank (0)
402,26.27,52.24,0,2026/8/29 12:43,Batch 2 · Blank (0)
400,26.25,52.14,0,2026/8/29 12:44,Batch 2 · Blank (0)
400,26.22,52.16,0,2026/8/29 12:45,Batch 2 · Blank (0)
400,26.21,52.21,0,2026/8/29 12:46,Batch 2 · Blank (0)
400,26.17,51.92,0,2026/8/29 12:47,Batch 2 · Blank (0)
402,26.14,51.83,0,2026/8/29 12:48,Batch 2 · Blank (0)
401,26.11,51.71,0,2026/8/29 12:49,Batch 2 · Blank (0)
400,26.14,51.68,0,2026/8/29 12:50,Batch 2 · Blank (0)
402,26.13,52.97,0,2026/8/29 12:51,Batch 2 · Blank (0)
405,26.15,54.33,0,2026/8/29 12:52,Batch 2 · Blank (0)
406,26.18,55.66,0,2026/8/29 12:53,Batch 2 · Blank (0)
407,26.21,56.53,0,2026/8/29 12:54,Batch 2 · Blank (0)
407,26.25,57.34,0,2026/8/29 12:55,Batch 2 · Blank (0)
407,26.32,58.12,0,2026/8/29 12:56,Batch 2 · Blank (0)
404,26.38,58.87,0,2026/8/29 12:57,Batch 2 · Blank (0)
406,26.49,59.35,0,2026/8/29 12:58,Batch 2 · Blank (0)
408,26.56,59.64,0,2026/8/29 12:59,Batch 2 · Blank (0)
409,26.63,60.11,0,2026/8/29 13:00,Batch 2 · Blank (0)
410,26.66,60.16,0,2026/8/29 13:01,Batch 2 · Blank (0)
406,26.7,60.95,0,2026/8/29 13:02,Batch 2 · Blank (0)
406,26.72,61.18,0,2026/8/29 13:03,Batch 2 · Blank (0)
404,26.72,59.95,0,2026/8/29 13:04,Batch 2 · Blank (0)
402,26.72,58.79,0,2026/8/29 13:05,Batch 2 · Blank (0)
405,26.66,57.58,0,2026/8/29 13:06,Batch 2 · Blank (0)
409,26.67,56.96,0,2026/8/29 13:07,Batch 2 · Blank (0)
411,26.67,57.64,0,2026/8/29 13:08,Batch 2 · Blank (0)
414,26.69,58.74,0,2026/8/29 13:09,Batch 2 · Blank (0)
416,26.67,59.27,0,2026/8/29 13:10,Batch 2 · Blank (0)
414,26.69,60.01,0,2026/8/29 13:11,Batch 2 · Blank (0)
412,26.73,60.69,0,2026/8/29 13:13,Batch 2 · Blank (0)
412,26.79,61.41,0,2026/8/29 13:14,Batch 2 · Blank (0)
412,26.84,61.22,0,2026/8/29 13:15,Batch 2 · Blank (0)
412,26.92,62.1,0,2026/8/29 13:16,Batch 2 · Blank (0)
411,26.98,62.63,0,2026/8/29 13:17,Batch 2 · Blank (0)
411,26.95,62.15,0,2026/8/29 13:18,Batch 2 · Blank (0)
409,26.98,61.79,0,2026/8/29 13:19,Batch 2 · Blank (0)
409,26.98,61.4,0,2026/8/29 13:20,Batch 2 · Blank (0)
410,26.97,61.14,0,2026/8/29 13:21,Batch 2 · Blank (0)
411,26.97,60.64,0,2026/8/29 13:22,Batch 2 · Blank (0)
413,26.92,60.23,0,2026/8/29 13:23,Batch 2 · Blank (0)
413,26.94,59.68,0,2026/8/29 13:24,Batch 2 · Blank (0)
415,26.9,59.27,0,2026/8/29 13:25,Batch 2 · Blank (0)
416,26.87,58.88,0,2026/8/29 13:26,Batch 2 · Blank (0)
416,26.85,58.65,0,2026/8/29 13:27,Batch 2 · Blank (0)
415,26.84,58.48,0,2026/8/29 13:28,Batch 2 · Blank (0)
418,26.8,58.3,0,2026/8/29 13:29,Batch 2 · Blank (0)
416,26.79,58.17,0,2026/8/29 13:30,Batch 2 · Blank (0)
415,26.74,58.03,0,2026/8/29 13:31,Batch 2 · Blank (0)
420,26.76,57.86,0,2026/8/29 13:32,Batch 2 · Blank (0)
419,26.74,57.81,0,2026/8/29 13:33,Batch 2 · Blank (0)
420,26.69,57.56,0,2026/8/29 13:34,Batch 2 · Blank (0)
421,26.7,57.48,0,2026/8/29 13:35,Batch 2 · Blank (0)
418,26.67,57.33,0,2026/8/29 13:36,Batch 2 · Blank (0)
420,26.66,57.37,0,2026/8/29 13:37,Batch 2 · Blank (0)
423,26.65,57.42,0,2026/8/29 13:38,Batch 2 · Blank (0)
420,26.65,57.27,0,2026/8/29 13:39,Batch 2 · Blank (0)
420,26.63,57.28,0,2026/8/29 13:40,Batch 2 · Blank (0)
423,26.65,57.34,0,2026/8/29 13:41,Batch 2 · Blank (0)
423,26.6,57.37,0,2026/8/29 13:42,Batch 2 · Blank (0)
424,26.57,57.26,0,2026/8/29 13:43,Batch 2 · Blank (0)
425,26.6,57.35,0,2026/8/29 13:44,Batch 2 · Blank (0)
425,26.57,57.27,0,2026/8/29 13:45,Batch 2 · Blank (0)
425,26.59,57.44,0,2026/8/29 13:46,Batch 2 · Blank (0)
425,26.57,57.6,0,2026/8/29 13:47,Batch 2 · Blank (0)
425,26.57,57.74,0,2026/8/29 13:48,Batch 2 · Blank (0)
423,26.59,57.73,0,2026/8/29 13:49,Batch 2 · Blank (0)
422,26.6,57.73,0,2026/8/29 13:50,Batch 2 · Blank (0)
425,26.59,57.76,0,2026/8/29 13:51,Batch 2 · Blank (0)
425,26.59,57.76,0,2026/8/29 13:52,Batch 2 · Blank (0)
425,26.62,57.83,0,2026/8/29 13:53,Batch 2 · Blank (0)
424,26.6,57.86,0,2026/8/29 13:54,Batch 2 · Blank (0)
423,26.63,57.91,0,2026/8/29 13:55,Batch 2 · Blank (0)
424,26.62,58.05,0,2026/8/29 13:56,Batch 2 · Blank (0)
424,26.63,58.19,0,2026/8/29 13:58,Batch 2 · Blank (0)
424,26.63,58.26,0,2026/8/29 13:59,Batch 2 · Blank (0)
424,26.63,58.42,0,2026/8/29 14:00,Batch 2 · Blank (0)
423,26.67,58.5,0,2026/8/29 14:01,Batch 2 · Blank (0)
422,26.66,57.99,0,2026/8/29 14:02,Batch 2 · Blank (0)
420,26.65,57.33,0,2026/8/29 14:03,Batch 2 · Blank (0)
417,26.65,57.85,0,2026/8/29 14:04,Batch 2 · Blank (0)
417,26.65,58.12,0,2026/8/29 14:05,Batch 2 · Blank (0)
418,26.63,58.29,0,2026/8/29 14:06,Batch 2 · Blank (0)
418,26.67,58.81,0,2026/8/29 14:07,Batch 2 · Blank (0)
417,26.69,59.47,0,2026/8/29 14:08,Batch 2 · Blank (0)
413,26.69,60.13,0,2026/8/29 14:09,Batch 2 · Blank (0)
410,26.74,60.13,0,2026/8/29 14:10,Batch 2 · Blank (0)
407,26.79,61.25,0,2026/8/29 14:11,Batch 2 · Blank (0)
400,26.83,61.71,0,2026/8/29 14:12,Batch 2 · Blank (0)
394,26.81,61.43,0,2026/8/29 14:13,Batch 2 · Blank (0)
393,26.88,60.96,0,2026/8/29 14:14,Batch 2 · Blank (0)
393,26.88,60.42,0,2026/8/29 14:15,Batch 2 · Blank (0)
390,26.88,59.95,0,2026/8/29 14:16,Batch 2 · Blank (0)
386,26.9,59.5,0,2026/8/29 14:17,Batch 2 · Blank (0)
384,26.91,59.99,0,2026/8/29 14:18,Batch 2 · Blank (0)
384,26.87,60.37,0,2026/8/29 14:19,Batch 2 · Blank (0)
386,26.84,59.95,0,2026/8/29 14:20,Batch 2 · Blank (0)
389,26.84,59.62,0,2026/8/29 14:21,Batch 2 · Blank (0)
389,26.8,59.32,0,2026/8/29 14:22,Batch 2 · Blank (0)
389,26.79,59.42,0,2026/8/29 14:23,Batch 2 · Blank (0)
392,26.81,59.35,0,2026/8/29 14:24,Batch 2 · Blank (0)
395,26.76,59.22,0,2026/8/29 14:25,Batch 2 · Blank (0)
396,26.76,59.07,0,2026/8/29 14:26,Batch 2 · Blank (0)
397,26.72,58.93,0,2026/8/29 14:27,Batch 2 · Blank (0)
399,26.72,58.78,0,2026/8/29 14:28,Batch 2 · Blank (0)
400,26.7,58.67,0,2026/8/29 14:29,Batch 2 · Blank (0)
398,26.72,58.67,0,2026/8/29 14:30,Batch 2 · Blank (0)
399,26.69,58.75,0,2026/8/29 14:31,Batch 2 · Blank (0)
402,26.7,58.59,0,2026/8/29 14:32,Batch 2 · Blank (0)
403,26.69,58.43,0,2026/8/29 14:33,Batch 2 · Blank (0)
404,26.67,58.29,0,2026/8/29 14:34,Batch 2 · Blank (0)
402,26.66,58.18,0,2026/8/29 14:35,Batch 2 · Blank (0)
399,26.66,57.99,0,2026/8/29 14:36,Batch 2 · Blank (0)
400,26.63,57.76,0,2026/8/29 14:37,Batch 2 · Blank (0)
402,26.63,57.89,0,2026/8/29 14:38,Batch 2 · Blank (0)
401,26.59,57.78,0,2026/8/29 14:39,Batch 2 · Blank (0)
399,26.6,57.77,0,2026/8/29 14:40,Batch 2 · Blank (0)
399,26.6,57.72,0,2026/8/29 14:42,Batch 2 · Blank (0)
400,26.57,57.74,0,2026/8/29 14:43,Batch 2 · Blank (0)
400,26.59,57.67,0,2026/8/29 14:44,Batch 2 · Blank (0)
399,26.57,57.34,0,2026/8/29 14:45,Batch 2 · Blank (0)
397,26.57,57.26,0,2026/8/29 14:46,Batch 2 · Blank (0)
395,26.59,57.23,0,2026/8/29 14:47,Batch 2 · Blank (0)
393,26.59,56.88,0,2026/8/29 14:48,Batch 2 · Blank (0)
395,26.59,56.49,0,2026/8/29 14:49,Batch 2 · Blank (0)
395,26.56,56.46,0,2026/8/29 14:50,Batch 2 · Blank (0)
394,26.54,56.64,0,2026/8/29 14:51,Batch 2 · Blank (0)
395,26.53,56.54,0,2026/8/29 14:52,Batch 2 · Blank (0)
395,26.5,56.53,0,2026/8/29 14:53,Batch 2 · Blank (0)
394,26.52,56.4,0,2026/8/29 14:54,Batch 2 · Blank (0)
396,26.5,56.5,0,2026/8/29 14:55,Batch 2 · Blank (0)
393,26.5,56.43,0,2026/8/29 14:56,Batch 2 · Blank (0)
395,26.49,56.48,0,2026/8/29 14:57,Batch 2 · Blank (0)
399,26.46,56.58,0,2026/8/29 14:58,Batch 2 · Blank (0)
398,26.46,56.73,0,2026/8/29 14:59,Batch 2 · Blank (0)
397,26.48,56.64,0,2026/8/29 15:00,Batch 2 · Blank (0)
398,26.48,56.85,0,2026/8/29 15:01,Batch 2 · Blank (0)
400,26.49,57.17,0,2026/8/29 15:02,Batch 2 · Blank (0)
402,26.48,57.27,0,2026/8/29 15:03,Batch 2 · Blank (0)
401,26.5,57.36,0,2026/8/29 15:04,Batch 2 · Blank (0)
401,26.46,57.54,0,2026/8/29 15:05,Batch 2 · Blank (0)
402,26.48,57.69,0,2026/8/29 15:06,Batch 2 · Blank (0)
403,26.5,57.74,0,2026/8/29 15:07,Batch 2 · Blank (0)
403,26.52,58.05,0,2026/8/29 15:08,Batch 2 · Blank (0)
402,26.49,58.09,0,2026/8/29 15:09,Batch 2 · Blank (0)
404,26.52,58.2,0,2026/8/29 15:10,Batch 2 · Blank (0)
404,26.56,58.07,0,2026/8/29 15:11,Batch 2 · Blank (0)
403,26.53,57.96,0,2026/8/29 15:12,Batch 2 · Blank (0)
403,26.54,57.91,0,2026/8/29 15:13,Batch 2 · Blank (0)
405,26.56,57.71,0,2026/8/29 15:14,Batch 2 · Blank (0)
408,26.54,57.69,0,2026/8/29 15:15,Batch 2 · Blank (0)
406,26.53,57.54,0,2026/8/29 15:16,Batch 2 · Blank (0)
405,26.53,56.63,0,2026/8/29 15:17,Batch 2 · Blank (0)
404,26.5,56.1,0,2026/8/29 15:18,Batch 2 · Blank (0)
458,25.86,83.41,0,2026/8/28 15:18,Batch 2 · 105
463,26,85.62,0,2026/8/28 15:19,Batch 2 · 105
482,26.06,86.25,0,2026/8/28 15:20,Batch 2 · 105
484,26.14,86.69,0,2026/8/28 15:21,Batch 2 · 105
485,26.25,87.12,0,2026/8/28 15:22,Batch 2 · 105
488,26.3,87.46,0,2026/8/28 15:23,Batch 2 · 105
489,26.38,87.97,0,2026/8/28 15:24,Batch 2 · 105
489,26.48,88.45,0,2026/8/28 15:25,Batch 2 · 105
490,26.53,88.82,0,2026/8/28 15:26,Batch 2 · 105
491,26.58,89.25,0,2026/8/28 15:27,Batch 2 · 105
492,26.69,89.67,0,2026/8/28 15:28,Batch 2 · 105
492,26.73,90.09,0,2026/8/28 15:29,Batch 2 · 105
494,26.82,90.4,0,2026/8/28 15:30,Batch 2 · 105
495,26.9,90.74,0,2026/8/28 15:31,Batch 2 · 105
497,26.94,91.03,0,2026/8/28 15:32,Batch 2 · 105
496,27.01,91.33,0,2026/8/28 15:33,Batch 2 · 105
496,27.08,91.55,0,2026/8/28 15:34,Batch 2 · 105
497,27.16,91.76,0,2026/8/28 15:35,Batch 2 · 105
498,27.2,91.93,0,2026/8/28 15:36,Batch 2 · 105
499,27.25,92.11,0,2026/8/28 15:37,Batch 2 · 105
501,27.32,92.23,0,2026/8/28 15:38,Batch 2 · 105
502,27.34,92.39,0,2026/8/28 15:39,Batch 2 · 105
505,27.39,92.5,0,2026/8/28 15:40,Batch 2 · 105
505,27.43,92.63,0,2026/8/28 15:41,Batch 2 · 105
506,27.46,92.72,0,2026/8/28 15:42,Batch 2 · 105
507,27.52,92.81,0,2026/8/28 15:43,Batch 2 · 105
508,27.55,92.87,0,2026/8/28 15:44,Batch 2 · 105
509,27.59,92.97,0,2026/8/28 15:45,Batch 2 · 105
508,27.63,93.05,0,2026/8/28 15:46,Batch 2 · 105
510,27.64,93.1,0,2026/8/28 15:47,Batch 2 · 105
512,27.7,93.16,0,2026/8/28 15:48,Batch 2 · 105
514,27.79,93.26,0,2026/8/28 15:49,Batch 2 · 105
514,27.8,93.3,0,2026/8/28 15:50,Batch 2 · 105
514,27.84,93.38,0,2026/8/28 15:51,Batch 2 · 105
516,27.87,93.41,0,2026/8/28 15:52,Batch 2 · 105
517,27.93,93.45,0,2026/8/28 15:53,Batch 2 · 105
518,27.93,93.5,0,2026/8/28 15:54,Batch 2 · 105
520,27.95,93.55,0,2026/8/28 15:55,Batch 2 · 105
520,27.98,93.58,0,2026/8/28 15:56,Batch 2 · 105
520,28.04,93.58,0,2026/8/28 15:57,Batch 2 · 105
522,28.07,93.64,0,2026/8/28 15:58,Batch 2 · 105
524,28.08,93.64,0,2026/8/28 15:59,Batch 2 · 105
525,28.1,93.65,0,2026/8/28 16:00,Batch 2 · 105
525,28.14,93.69,0,2026/8/28 16:01,Batch 2 · 105
526,28.14,93.7,0,2026/8/28 16:02,Batch 2 · 105
527,28.17,93.75,0,2026/8/28 16:03,Batch 2 · 105
528,28.17,93.75,0,2026/8/28 16:04,Batch 2 · 105
531,28.18,93.74,0,2026/8/28 16:05,Batch 2 · 105
529,28.21,93.76,0,2026/8/28 16:06,Batch 2 · 105
530,28.24,93.8,0,2026/8/28 16:07,Batch 2 · 105
531,28.26,93.81,0,2026/8/28 16:08,Batch 2 · 105
532,28.32,93.85,0,2026/8/28 16:09,Batch 2 · 105
533,28.34,93.91,0,2026/8/28 16:11,Batch 2 · 105
534,28.32,93.86,0,2026/8/28 16:12,Batch 2 · 105
533,28.38,93.95,0,2026/8/28 16:13,Batch 2 · 105
535,28.38,93.94,0,2026/8/28 16:14,Batch 2 · 105
537,28.43,93.95,0,2026/8/28 16:15,Batch 2 · 105
538,28.43,94,0,2026/8/28 16:16,Batch 2 · 105
538,28.45,94,0,2026/8/28 16:17,Batch 2 · 105
540,28.46,94,0,2026/8/28 16:18,Batch 2 · 105
540,28.52,94.02,0,2026/8/28 16:19,Batch 2 · 105
540,28.49,94.02,0,2026/8/28 16:20,Batch 2 · 105
541,28.52,94,0,2026/8/28 16:21,Batch 2 · 105
539,28.52,94,0,2026/8/28 16:22,Batch 2 · 105
543,28.53,94.03,0,2026/8/28 16:23,Batch 2 · 105
544,28.54,94.02,0,2026/8/28 16:24,Batch 2 · 105
545,28.52,93.96,0,2026/8/28 16:25,Batch 2 · 105
545,28.53,93.98,0,2026/8/28 16:26,Batch 2 · 105
545,28.53,93.96,0,2026/8/28 16:27,Batch 2 · 105
543,28.54,93.99,0,2026/8/28 16:28,Batch 2 · 105
547,28.53,93.95,0,2026/8/28 16:29,Batch 2 · 105
549,28.54,93.94,0,2026/8/28 16:30,Batch 2 · 105
550,28.52,93.95,0,2026/8/28 16:31,Batch 2 · 105
550,28.53,93.98,0,2026/8/28 16:32,Batch 2 · 105
549,28.52,93.96,0,2026/8/28 16:33,Batch 2 · 105
550,28.54,93.97,0,2026/8/28 16:34,Batch 2 · 105
551,28.53,93.99,0,2026/8/28 16:35,Batch 2 · 105
551,28.54,94,0,2026/8/28 16:36,Batch 2 · 105
553,28.52,93.97,0,2026/8/28 16:37,Batch 2 · 105
554,28.52,94,0,2026/8/28 16:38,Batch 2 · 105
554,28.53,94.03,0,2026/8/28 16:39,Batch 2 · 105
555,28.54,94.03,0,2026/8/28 16:40,Batch 2 · 105
555,28.54,94.06,0,2026/8/28 16:41,Batch 2 · 105
558,28.53,94.07,0,2026/8/28 16:42,Batch 2 · 105
557,28.53,94.09,0,2026/8/28 16:43,Batch 2 · 105
560,28.53,94.05,0,2026/8/28 16:44,Batch 2 · 105
561,28.53,94.06,0,2026/8/28 16:45,Batch 2 · 105
558,28.53,94.07,0,2026/8/28 16:46,Batch 2 · 105
559,28.52,94.08,0,2026/8/28 16:47,Batch 2 · 105
560,28.56,94.09,0,2026/8/28 16:48,Batch 2 · 105
559,28.56,94.15,0,2026/8/28 16:49,Batch 2 · 105
561,28.54,94.14,0,2026/8/28 16:50,Batch 2 · 105
561,28.54,94.14,0,2026/8/28 16:51,Batch 2 · 105
563,28.56,94.15,0,2026/8/28 16:52,Batch 2 · 105
564,28.56,94.19,0,2026/8/28 16:53,Batch 2 · 105
565,28.59,94.21,0,2026/8/28 16:54,Batch 2 · 105
565,28.56,94.19,0,2026/8/28 16:55,Batch 2 · 105
567,28.57,94.23,0,2026/8/28 16:56,Batch 2 · 105
567,28.6,94.23,0,2026/8/28 16:57,Batch 2 · 105
566,28.6,94.26,0,2026/8/28 16:58,Batch 2 · 105
567,28.61,94.26,0,2026/8/28 16:59,Batch 2 · 105
568,28.61,94.24,0,2026/8/28 17:00,Batch 2 · 105
570,28.63,94.27,0,2026/8/28 17:01,Batch 2 · 105
571,28.61,94.32,0,2026/8/28 17:02,Batch 2 · 105
571,28.63,94.3,0,2026/8/28 17:03,Batch 2 · 105
572,28.63,94.31,0,2026/8/28 17:04,Batch 2 · 105
572,28.63,94.31,0,2026/8/28 17:05,Batch 2 · 105
573,28.63,94.31,0,2026/8/28 17:06,Batch 2 · 105
573,28.63,94.34,0,2026/8/28 17:07,Batch 2 · 105
573,28.63,94.34,0,2026/8/28 17:08,Batch 2 · 105
574,28.66,94.37,0,2026/8/28 17:09,Batch 2 · 105
576,28.64,94.35,0,2026/8/28 17:10,Batch 2 · 105
576,28.66,94.32,0,2026/8/28 17:11,Batch 2 · 105
576,28.64,94.33,0,2026/8/28 17:12,Batch 2 · 105
577,28.64,94.3,0,2026/8/28 17:13,Batch 2 · 105
579,28.63,94.31,0,2026/8/28 17:14,Batch 2 · 105
580,28.63,94.3,0,2026/8/28 17:15,Batch 2 · 105
581,28.63,94.27,0,2026/8/28 17:16,Batch 2 · 105
581,28.61,94.27,0,2026/8/28 17:17,Batch 2 · 105
580,28.61,94.27,0,2026/8/28 17:18,Batch 2 · 105
580,28.6,94.22,0,2026/8/28 17:19,Batch 2 · 105
583,28.59,94.21,0,2026/8/28 17:20,Batch 2 · 105
582,28.57,94.2,0,2026/8/28 17:21,Batch 2 · 105
583,28.54,94.16,0,2026/8/28 17:22,Batch 2 · 105
585,28.52,94.15,0,2026/8/28 17:23,Batch 2 · 105
586,28.52,94.13,0,2026/8/28 17:24,Batch 2 · 105
586,28.5,94.13,0,2026/8/28 17:25,Batch 2 · 105
587,28.49,94.1,0,2026/8/28 17:26,Batch 2 · 105
588,28.49,94.14,0,2026/8/28 17:27,Batch 2 · 105
588,28.52,94.16,0,2026/8/28 17:28,Batch 2 · 105
590,28.48,94.2,0,2026/8/28 17:29,Batch 2 · 105
589,28.48,94.15,0,2026/8/28 17:30,Batch 2 · 105
589,28.46,94.18,0,2026/8/28 17:31,Batch 2 · 105
591,28.49,94.22,0,2026/8/28 17:32,Batch 2 · 105
591,28.48,94.23,0,2026/8/28 17:33,Batch 2 · 105
592,28.5,94.25,0,2026/8/28 17:34,Batch 2 · 105
593,28.49,94.31,0,2026/8/28 17:35,Batch 2 · 105
596,28.49,94.29,0,2026/8/28 17:36,Batch 2 · 105
596,28.52,94.35,0,2026/8/28 17:37,Batch 2 · 105
596,28.52,94.37,0,2026/8/28 17:38,Batch 2 · 105
597,28.52,94.37,0,2026/8/28 17:39,Batch 2 · 105
598,28.54,94.39,0,2026/8/28 17:40,Batch 2 · 105
598,28.57,94.4,0,2026/8/28 17:41,Batch 2 · 105
599,28.57,94.41,0,2026/8/28 17:42,Batch 2 · 105
600,28.6,94.45,0,2026/8/28 17:43,Batch 2 · 105
600,28.63,94.49,0,2026/8/28 17:44,Batch 2 · 105
599,28.6,94.47,0,2026/8/28 17:45,Batch 2 · 105
602,28.64,94.52,0,2026/8/28 17:46,Batch 2 · 105
603,28.64,94.52,0,2026/8/28 17:47,Batch 2 · 105
603,28.67,94.54,0,2026/8/28 17:48,Batch 2 · 105
603,28.67,94.54,0,2026/8/28 17:49,Batch 2 · 105
604,28.69,94.51,0,2026/8/28 17:50,Batch 2 · 105
606,28.69,94.55,0,2026/8/28 17:51,Batch 2 · 105
605,28.69,94.52,0,2026/8/28 17:52,Batch 2 · 105
606,28.71,94.52,0,2026/8/28 17:53,Batch 2 · 105
607,28.69,94.51,0,2026/8/28 17:54,Batch 2 · 105
608,28.7,94.45,0,2026/8/28 17:55,Batch 2 · 105
608,28.7,94.48,0,2026/8/28 17:56,Batch 2 · 105
608,28.7,94.45,0,2026/8/28 17:57,Batch 2 · 105
609,28.73,94.42,0,2026/8/28 17:58,Batch 2 · 105
610,28.73,94.43,0,2026/8/28 17:59,Batch 2 · 105
613,28.71,94.43,0,2026/8/28 18:00,Batch 2 · 105
612,28.74,94.44,0,2026/8/28 18:01,Batch 2 · 105
612,28.77,94.44,0,2026/8/28 18:02,Batch 2 · 105
612,28.73,94.45,0,2026/8/28 18:03,Batch 2 · 105
615,28.74,94.45,0,2026/8/28 18:04,Batch 2 · 105
615,28.77,94.43,0,2026/8/28 18:05,Batch 2 · 105
614,28.78,94.46,0,2026/8/28 18:06,Batch 2 · 105
615,28.81,94.49,0,2026/8/28 18:07,Batch 2 · 105
616,28.78,94.48,0,2026/8/28 18:08,Batch 2 · 105
617,28.81,94.47,0,2026/8/28 18:09,Batch 2 · 105
616,28.81,94.47,0,2026/8/28 18:10,Batch 2 · 105
617,28.83,94.44,0,2026/8/28 18:11,Batch 2 · 105
618,28.84,94.47,0,2026/8/28 18:12,Batch 2 · 105
619,28.81,94.44,0,2026/8/28 18:13,Batch 2 · 105
620,28.84,94.46,0,2026/8/28 18:14,Batch 2 · 105
619,28.84,94.46,0,2026/8/28 18:15,Batch 2 · 105
621,28.84,94.43,0,2026/8/28 18:16,Batch 2 · 105
622,28.84,94.41,0,2026/8/28 18:17,Batch 2 · 105
622,28.85,94.4,0,2026/8/28 18:18,Batch 2 · 105
623,28.85,94.4,0,2026/8/28 18:19,Batch 2 · 105
624,28.83,94.37,0,2026/8/28 18:20,Batch 2 · 105
625,28.84,94.38,0,2026/8/28 18:21,Batch 2 · 105
626,28.81,94.33,0,2026/8/28 18:22,Batch 2 · 105
626,28.81,94.29,0,2026/8/28 18:24,Batch 2 · 105
627,28.8,94.26,0,2026/8/28 18:25,Batch 2 · 105
628,28.81,94.24,0,2026/8/28 18:26,Batch 2 · 105
629,28.77,94.23,0,2026/8/28 18:27,Batch 2 · 105
628,28.77,94.23,0,2026/8/28 18:28,Batch 2 · 105
628,28.77,94.17,0,2026/8/28 18:29,Batch 2 · 105
630,28.77,94.19,0,2026/8/28 18:30,Batch 2 · 105
631,28.76,94.18,0,2026/8/28 18:31,Batch 2 · 105
631,28.74,94.17,0,2026/8/28 18:32,Batch 2 · 105
631,28.76,94.16,0,2026/8/28 18:33,Batch 2 · 105
633,28.73,94.16,0,2026/8/28 18:34,Batch 2 · 105
633,28.74,94.17,0,2026/8/28 18:35,Batch 2 · 105
633,28.74,94.19,0,2026/8/28 18:36,Batch 2 · 105
635,28.76,94.18,0,2026/8/28 18:37,Batch 2 · 105
635,28.74,94.22,0,2026/8/28 18:38,Batch 2 · 105
635,28.76,94.19,0,2026/8/28 18:39,Batch 2 · 105
636,28.77,94.24,0,2026/8/28 18:40,Batch 2 · 105
637,28.78,94.25,0,2026/8/28 18:41,Batch 2 · 105
637,28.77,94.27,0,2026/8/28 18:42,Batch 2 · 105
637,28.73,94.24,0,2026/8/28 18:43,Batch 2 · 105
639,28.77,94.26,0,2026/8/28 18:44,Batch 2 · 105
639,28.78,94.27,0,2026/8/28 18:45,Batch 2 · 105
639,28.8,94.29,0,2026/8/28 18:46,Batch 2 · 105
641,28.8,94.29,0,2026/8/28 18:47,Batch 2 · 105
642,28.81,94.3,0,2026/8/28 18:48,Batch 2 · 105
643,28.81,94.31,0,2026/8/28 18:49,Batch 2 · 105
644,28.83,94.31,0,2026/8/28 18:50,Batch 2 · 105
644,28.84,94.3,0,2026/8/28 18:51,Batch 2 · 105
643,28.81,94.32,0,2026/8/28 18:52,Batch 2 · 105
644,28.85,94.31,0,2026/8/28 18:53,Batch 2 · 105
645,28.85,94.27,0,2026/8/28 18:54,Batch 2 · 105
645,28.83,94.27,0,2026/8/28 18:55,Batch 2 · 105
646,28.84,94.29,0,2026/8/28 18:56,Batch 2 · 105
646,28.85,94.28,0,2026/8/28 18:57,Batch 2 · 105
646,28.84,94.23,0,2026/8/28 18:58,Batch 2 · 105
648,28.84,94.22,0,2026/8/28 18:59,Batch 2 · 105
649,28.81,94.22,0,2026/8/28 19:00,Batch 2 · 105
650,28.83,94.19,0,2026/8/28 19:01,Batch 2 · 105
649,28.84,94.19,0,2026/8/28 19:02,Batch 2 · 105
649,28.81,94.13,0,2026/8/28 19:03,Batch 2 · 105
653,28.8,94.13,0,2026/8/28 19:04,Batch 2 · 105
654,28.76,94.09,0,2026/8/28 19:05,Batch 2 · 105
654,28.78,94.06,0,2026/8/28 19:06,Batch 2 · 105
654,28.74,94.02,0,2026/8/28 19:07,Batch 2 · 105
653,28.7,93.97,0,2026/8/28 19:08,Batch 2 · 105
653,28.71,93.94,0,2026/8/28 19:09,Batch 2 · 105
656,28.69,93.91,0,2026/8/28 19:10,Batch 2 · 105
656,28.67,93.86,0,2026/8/28 19:11,Batch 2 · 105
656,28.64,93.87,0,2026/8/28 19:12,Batch 2 · 105
658,28.63,93.84,0,2026/8/28 19:13,Batch 2 · 105
657,28.61,93.8,0,2026/8/28 19:14,Batch 2 · 105
658,28.59,93.75,0,2026/8/28 19:15,Batch 2 · 105
659,28.57,93.75,0,2026/8/28 19:16,Batch 2 · 105
658,28.54,93.76,0,2026/8/28 19:17,Batch 2 · 105
660,28.56,93.79,0,2026/8/28 19:18,Batch 2 · 105
660,28.54,93.78,0,2026/8/28 19:19,Batch 2 · 105
659,28.53,93.81,0,2026/8/28 19:20,Batch 2 · 105
660,28.54,93.87,0,2026/8/28 19:21,Batch 2 · 105
660,28.56,93.85,0,2026/8/28 19:22,Batch 2 · 105
660,28.54,93.9,0,2026/8/28 19:23,Batch 2 · 105
664,28.56,93.93,0,2026/8/28 19:24,Batch 2 · 105
665,28.57,93.95,0,2026/8/28 19:25,Batch 2 · 105
664,28.57,93.96,0,2026/8/28 19:26,Batch 2 · 105
665,28.57,93.95,0,2026/8/28 19:27,Batch 2 · 105
665,28.57,93.97,0,2026/8/28 19:28,Batch 2 · 105
665,28.59,93.97,0,2026/8/28 19:29,Batch 2 · 105
666,28.57,93.99,0,2026/8/28 19:30,Batch 2 · 105
668,28.59,94.02,0,2026/8/28 19:31,Batch 2 · 105
668,28.59,94,0,2026/8/28 19:32,Batch 2 · 105
667,28.6,93.99,0,2026/8/28 19:33,Batch 2 · 105
669,28.61,94.01,0,2026/8/28 19:34,Batch 2 · 105
669,28.6,93.99,0,2026/8/28 19:35,Batch 2 · 105
669,28.6,93.97,0,2026/8/28 19:36,Batch 2 · 105
671,28.59,93.97,0,2026/8/28 19:37,Batch 2 · 105
671,28.61,94,0,2026/8/28 19:38,Batch 2 · 105
670,28.6,93.94,0,2026/8/28 19:39,Batch 2 · 105
672,28.61,93.92,0,2026/8/28 19:40,Batch 2 · 105
671,28.61,93.93,0,2026/8/28 19:41,Batch 2 · 105
673,28.61,93.89,0,2026/8/28 19:42,Batch 2 · 105
673,28.59,93.88,0,2026/8/28 19:43,Batch 2 · 105
674,28.59,93.84,0,2026/8/28 19:44,Batch 2 · 105
674,28.57,93.82,0,2026/8/28 19:45,Batch 2 · 105
676,28.56,93.81,0,2026/8/28 19:46,Batch 2 · 105
676,28.54,93.8,0,2026/8/28 19:47,Batch 2 · 105
676,28.54,93.78,0,2026/8/28 19:48,Batch 2 · 105
677,28.54,93.74,0,2026/8/28 19:49,Batch 2 · 105
676,28.5,93.71,0,2026/8/28 19:50,Batch 2 · 105
679,28.53,93.75,0,2026/8/28 19:51,Batch 2 · 105
678,28.53,93.73,0,2026/8/28 19:52,Batch 2 · 105
678,28.52,93.74,0,2026/8/28 19:53,Batch 2 · 105
678,28.53,93.73,0,2026/8/28 19:54,Batch 2 · 105
680,28.53,93.76,0,2026/8/28 19:55,Batch 2 · 105
680,28.54,93.78,0,2026/8/28 19:56,Batch 2 · 105
680,28.57,93.78,0,2026/8/28 19:57,Batch 2 · 105
681,28.54,93.8,0,2026/8/28 19:58,Batch 2 · 105
682,28.56,93.81,0,2026/8/28 19:59,Batch 2 · 105
683,28.56,93.81,0,2026/8/28 20:00,Batch 2 · 105
681,28.56,93.81,0,2026/8/28 20:01,Batch 2 · 105
684,28.57,93.85,0,2026/8/28 20:02,Batch 2 · 105
684,28.59,93.84,0,2026/8/28 20:03,Batch 2 · 105
685,28.63,93.86,0,2026/8/28 20:04,Batch 2 · 105
685,28.6,93.85,0,2026/8/28 20:05,Batch 2 · 105
686,28.63,93.87,0,2026/8/28 20:06,Batch 2 · 105
686,28.64,93.89,0,2026/8/28 20:07,Batch 2 · 105
687,28.66,93.86,0,2026/8/28 20:08,Batch 2 · 105
687,28.63,93.86,0,2026/8/28 20:09,Batch 2 · 105
689,28.66,93.86,0,2026/8/28 20:10,Batch 2 · 105
688,28.66,93.86,0,2026/8/28 20:11,Batch 2 · 105
688,28.71,93.87,0,2026/8/28 20:12,Batch 2 · 105
690,28.67,93.88,0,2026/8/28 20:13,Batch 2 · 105
691,28.71,93.9,0,2026/8/28 20:14,Batch 2 · 105
690,28.73,93.88,0,2026/8/28 20:15,Batch 2 · 105
688,28.74,93.9,0,2026/8/28 20:16,Batch 2 · 105
692,28.74,93.93,0,2026/8/28 20:17,Batch 2 · 105
693,28.78,93.95,0,2026/8/28 20:19,Batch 2 · 105
692,28.78,93.91,0,2026/8/28 20:20,Batch 2 · 105
692,28.83,93.93,0,2026/8/28 20:21,Batch 2 · 105
692,28.84,93.91,0,2026/8/28 20:22,Batch 2 · 105
694,28.84,93.9,0,2026/8/28 20:23,Batch 2 · 105
695,28.83,93.91,0,2026/8/28 20:24,Batch 2 · 105
695,28.83,93.85,0,2026/8/28 20:25,Batch 2 · 105
696,28.83,93.81,0,2026/8/28 20:26,Batch 2 · 105
699,28.83,93.73,0,2026/8/28 20:27,Batch 2 · 105
697,28.83,93.76,0,2026/8/28 20:28,Batch 2 · 105
698,28.84,93.66,0,2026/8/28 20:29,Batch 2 · 105
699,28.83,93.66,0,2026/8/28 20:30,Batch 2 · 105
699,28.8,93.6,0,2026/8/28 20:31,Batch 2 · 105
699,28.8,93.6,0,2026/8/28 20:32,Batch 2 · 105
699,28.8,93.57,0,2026/8/28 20:33,Batch 2 · 105
700,28.8,93.59,0,2026/8/28 20:34,Batch 2 · 105
701,28.8,93.53,0,2026/8/28 20:35,Batch 2 · 105
703,28.77,93.49,0,2026/8/28 20:36,Batch 2 · 105
702,28.74,93.45,0,2026/8/28 20:37,Batch 2 · 105
702,28.77,93.45,0,2026/8/28 20:38,Batch 2 · 105
704,28.74,93.43,0,2026/8/28 20:39,Batch 2 · 105
705,28.73,93.42,0,2026/8/28 20:40,Batch 2 · 105
703,28.76,93.37,0,2026/8/28 20:41,Batch 2 · 105
704,28.7,93.35,0,2026/8/28 20:42,Batch 2 · 105
707,28.71,93.34,0,2026/8/28 20:43,Batch 2 · 105
708,28.66,93.25,0,2026/8/28 20:44,Batch 2 · 105
708,28.67,93.27,0,2026/8/28 20:45,Batch 2 · 105
708,28.61,93.24,0,2026/8/28 20:46,Batch 2 · 105
709,28.61,93.22,0,2026/8/28 20:47,Batch 2 · 105
710,28.59,93.18,0,2026/8/28 20:48,Batch 2 · 105
709,28.59,93.16,0,2026/8/28 20:49,Batch 2 · 105
710,28.56,93.09,0,2026/8/28 20:50,Batch 2 · 105
712,28.56,93.07,0,2026/8/28 20:51,Batch 2 · 105
711,28.5,93.07,0,2026/8/28 20:52,Batch 2 · 105
711,28.52,93.1,0,2026/8/28 20:53,Batch 2 · 105
712,28.52,93.11,0,2026/8/28 20:54,Batch 2 · 105
714,28.53,93.17,0,2026/8/28 20:55,Batch 2 · 105
715,28.52,93.18,0,2026/8/28 20:56,Batch 2 · 105
714,28.52,93.21,0,2026/8/28 20:57,Batch 2 · 105
715,28.52,93.22,0,2026/8/28 20:58,Batch 2 · 105
716,28.53,93.26,0,2026/8/28 20:59,Batch 2 · 105
714,28.53,93.27,0,2026/8/28 21:00,Batch 2 · 105
717,28.56,93.34,0,2026/8/28 21:01,Batch 2 · 105
719,28.56,93.36,0,2026/8/28 21:02,Batch 2 · 105
718,28.59,93.41,0,2026/8/28 21:03,Batch 2 · 105
720,28.59,93.41,0,2026/8/28 21:04,Batch 2 · 105
720,28.6,93.41,0,2026/8/28 21:05,Batch 2 · 105
722,28.61,93.44,0,2026/8/28 21:06,Batch 2 · 105
722,28.61,93.44,0,2026/8/28 21:07,Batch 2 · 105
722,28.6,93.43,0,2026/8/28 21:08,Batch 2 · 105
721,28.66,93.45,0,2026/8/28 21:09,Batch 2 · 105
723,28.66,93.47,0,2026/8/28 21:10,Batch 2 · 105
723,28.64,93.42,0,2026/8/28 21:11,Batch 2 · 105
723,28.67,93.4,0,2026/8/28 21:12,Batch 2 · 105
725,28.66,93.41,0,2026/8/28 21:13,Batch 2 · 105
727,28.66,93.44,0,2026/8/28 21:14,Batch 2 · 105
727,28.67,93.43,0,2026/8/28 21:15,Batch 2 · 105
727,28.69,93.39,0,2026/8/28 21:16,Batch 2 · 105
729,28.67,93.38,0,2026/8/28 21:17,Batch 2 · 105
730,28.69,93.38,0,2026/8/28 21:18,Batch 2 · 105
729,28.67,93.34,0,2026/8/28 21:19,Batch 2 · 105
730,28.67,93.35,0,2026/8/28 21:20,Batch 2 · 105
734,28.7,93.3,0,2026/8/28 21:21,Batch 2 · 105
733,28.69,93.26,0,2026/8/28 21:22,Batch 2 · 105
732,28.67,93.28,0,2026/8/28 21:23,Batch 2 · 105
735,28.7,93.27,0,2026/8/28 21:24,Batch 2 · 105
734,28.66,93.2,0,2026/8/28 21:25,Batch 2 · 105
733,28.64,93.16,0,2026/8/28 21:26,Batch 2 · 105
734,28.64,93.12,0,2026/8/28 21:27,Batch 2 · 105
737,28.64,93.13,0,2026/8/28 21:28,Batch 2 · 105
737,28.64,93.1,0,2026/8/28 21:29,Batch 2 · 105
738,28.66,93.09,0,2026/8/28 21:30,Batch 2 · 105
738,28.66,93.13,0,2026/8/28 21:31,Batch 2 · 105
740,28.64,93.1,0,2026/8/28 21:32,Batch 2 · 105
740,28.64,93.13,0,2026/8/28 21:33,Batch 2 · 105
740,28.66,93.11,0,2026/8/28 21:34,Batch 2 · 105
741,28.66,93.11,0,2026/8/28 21:35,Batch 2 · 105
743,28.64,93.12,0,2026/8/28 21:36,Batch 2 · 105
742,28.69,93.13,0,2026/8/28 21:37,Batch 2 · 105
742,28.69,93.16,0,2026/8/28 21:38,Batch 2 · 105
743,28.67,93.12,0,2026/8/28 21:39,Batch 2 · 105
745,28.66,93.12,0,2026/8/28 21:40,Batch 2 · 105
746,28.67,93.14,0,2026/8/28 21:41,Batch 2 · 105
745,28.69,93.14,0,2026/8/28 21:42,Batch 2 · 105
746,28.67,93.14,0,2026/8/28 21:43,Batch 2 · 105
748,28.69,93.14,0,2026/8/28 21:44,Batch 2 · 105
748,28.7,93.14,0,2026/8/28 21:45,Batch 2 · 105
749,28.71,93.15,0,2026/8/28 21:46,Batch 2 · 105
751,28.7,93.1,0,2026/8/28 21:47,Batch 2 · 105
749,28.71,93.12,0,2026/8/28 21:48,Batch 2 · 105
749,28.71,93.11,0,2026/8/28 21:49,Batch 2 · 105
751,28.71,93.13,0,2026/8/28 21:50,Batch 2 · 105
751,28.71,93.12,0,2026/8/28 21:51,Batch 2 · 105
754,28.73,93.12,0,2026/8/28 21:52,Batch 2 · 105
754,28.71,93.11,0,2026/8/28 21:53,Batch 2 · 105
754,28.73,93.11,0,2026/8/28 21:54,Batch 2 · 105
754,28.74,93.05,0,2026/8/28 21:55,Batch 2 · 105
756,28.74,93.09,0,2026/8/28 21:56,Batch 2 · 105
756,28.74,93.03,0,2026/8/28 21:58,Batch 2 · 105
757,28.71,93.04,0,2026/8/28 21:59,Batch 2 · 105
756,28.74,93,0,2026/8/28 22:00,Batch 2 · 105
757,28.73,92.99,0,2026/8/28 22:01,Batch 2 · 105
759,28.74,93,0,2026/8/28 22:02,Batch 2 · 105
758,28.76,93.02,0,2026/8/28 22:03,Batch 2 · 105
760,28.73,93,0,2026/8/28 22:04,Batch 2 · 105
761,28.73,92.96,0,2026/8/28 22:05,Batch 2 · 105
762,28.74,92.99,0,2026/8/28 22:06,Batch 2 · 105
762,28.74,92.95,0,2026/8/28 22:07,Batch 2 · 105
763,28.73,92.96,0,2026/8/28 22:08,Batch 2 · 105
764,28.73,92.96,0,2026/8/28 22:09,Batch 2 · 105
763,28.74,92.92,0,2026/8/28 22:10,Batch 2 · 105
764,28.74,92.9,0,2026/8/28 22:11,Batch 2 · 105
765,28.73,92.9,0,2026/8/28 22:12,Batch 2 · 105
766,28.71,92.89,0,2026/8/28 22:13,Batch 2 · 105
766,28.73,92.88,0,2026/8/28 22:14,Batch 2 · 105
767,28.73,92.84,0,2026/8/28 22:15,Batch 2 · 105
766,28.74,92.84,0,2026/8/28 22:16,Batch 2 · 105
767,28.73,92.86,0,2026/8/28 22:17,Batch 2 · 105
768,28.71,92.81,0,2026/8/28 22:18,Batch 2 · 105
769,28.76,92.82,0,2026/8/28 22:19,Batch 2 · 105
769,28.71,92.78,0,2026/8/28 22:20,Batch 2 · 105
770,28.7,92.78,0,2026/8/28 22:21,Batch 2 · 105
772,28.69,92.74,0,2026/8/28 22:22,Batch 2 · 105
772,28.69,92.72,0,2026/8/28 22:23,Batch 2 · 105
772,28.69,92.74,0,2026/8/28 22:24,Batch 2 · 105
773,28.67,92.68,0,2026/8/28 22:25,Batch 2 · 105
773,28.66,92.67,0,2026/8/28 22:26,Batch 2 · 105
772,28.66,92.65,0,2026/8/28 22:27,Batch 2 · 105
774,28.64,92.6,0,2026/8/28 22:28,Batch 2 · 105
775,28.6,92.58,0,2026/8/28 22:29,Batch 2 · 105
776,28.57,92.51,0,2026/8/28 22:30,Batch 2 · 105
777,28.59,92.49,0,2026/8/28 22:31,Batch 2 · 105
778,28.56,92.48,0,2026/8/28 22:32,Batch 2 · 105
777,28.56,92.49,0,2026/8/28 22:33,Batch 2 · 105
778,28.52,92.41,0,2026/8/28 22:34,Batch 2 · 105
779,28.54,92.45,0,2026/8/28 22:35,Batch 2 · 105
779,28.52,92.43,0,2026/8/28 22:36,Batch 2 · 105
781,28.5,92.45,0,2026/8/28 22:37,Batch 2 · 105
781,28.49,92.41,0,2026/8/28 22:38,Batch 2 · 105
781,28.48,92.45,0,2026/8/28 22:39,Batch 2 · 105
781,28.49,92.48,0,2026/8/28 22:40,Batch 2 · 105
782,28.46,92.41,0,2026/8/28 22:41,Batch 2 · 105
783,28.46,92.43,0,2026/8/28 22:42,Batch 2 · 105
781,28.46,92.48,0,2026/8/28 22:43,Batch 2 · 105
783,28.45,92.47,0,2026/8/28 22:44,Batch 2 · 105
784,28.43,92.49,0,2026/8/28 22:45,Batch 2 · 105
783,28.45,92.48,0,2026/8/28 22:46,Batch 2 · 105
786,28.46,92.52,0,2026/8/28 22:47,Batch 2 · 105
786,28.48,92.55,0,2026/8/28 22:48,Batch 2 · 105
787,28.45,92.57,0,2026/8/28 22:49,Batch 2 · 105
786,28.46,92.64,0,2026/8/28 22:50,Batch 2 · 105
786,28.49,92.68,0,2026/8/28 22:51,Batch 2 · 105
787,28.49,92.7,0,2026/8/28 22:52,Batch 2 · 105
788,28.5,92.71,0,2026/8/28 22:53,Batch 2 · 105
788,28.53,92.72,0,2026/8/28 22:54,Batch 2 · 105
788,28.53,92.75,0,2026/8/28 22:55,Batch 2 · 105
791,28.53,92.77,0,2026/8/28 22:56,Batch 2 · 105
791,28.54,92.8,0,2026/8/28 22:57,Batch 2 · 105
792,28.56,92.82,0,2026/8/28 22:58,Batch 2 · 105
792,28.59,92.86,0,2026/8/28 22:59,Batch 2 · 105
791,28.61,92.86,0,2026/8/28 23:00,Batch 2 · 105
793,28.66,92.92,0,2026/8/28 23:01,Batch 2 · 105
793,28.66,92.87,0,2026/8/28 23:02,Batch 2 · 105
794,28.67,92.9,0,2026/8/28 23:03,Batch 2 · 105
794,28.69,92.92,0,2026/8/28 23:04,Batch 2 · 105
795,28.7,92.94,0,2026/8/28 23:05,Batch 2 · 105
795,28.74,92.94,0,2026/8/28 23:06,Batch 2 · 105
796,28.76,92.97,0,2026/8/28 23:07,Batch 2 · 105
797,28.76,92.99,0,2026/8/28 23:08,Batch 2 · 105
799,28.8,92.99,0,2026/8/28 23:09,Batch 2 · 105
798,28.84,93,0,2026/8/28 23:10,Batch 2 · 105
798,28.85,93.03,0,2026/8/28 23:11,Batch 2 · 105
798,28.84,93,0,2026/8/28 23:12,Batch 2 · 105
800,28.88,93.02,0,2026/8/28 23:13,Batch 2 · 105
801,28.91,93.02,0,2026/8/28 23:14,Batch 2 · 105
803,28.91,92.99,0,2026/8/28 23:15,Batch 2 · 105
803,28.95,93.04,0,2026/8/28 23:16,Batch 2 · 105
803,28.97,93,0,2026/8/28 23:17,Batch 2 · 105
803,29.02,93.02,0,2026/8/28 23:18,Batch 2 · 105
804,29.02,93.02,0,2026/8/28 23:19,Batch 2 · 105
805,29.04,92.97,0,2026/8/28 23:20,Batch 2 · 105
806,29.09,93.02,0,2026/8/28 23:21,Batch 2 · 105
806,29.08,93.04,0,2026/8/28 23:22,Batch 2 · 105
807,29.11,93.02,0,2026/8/28 23:23,Batch 2 · 105
807,29.09,93,0,2026/8/28 23:24,Batch 2 · 105
807,29.14,93,0,2026/8/28 23:26,Batch 2 · 105
809,29.16,93.02,0,2026/8/28 23:27,Batch 2 · 105
810,29.18,93,0,2026/8/28 23:28,Batch 2 · 105
808,29.23,93.04,0,2026/8/28 23:29,Batch 2 · 105
809,29.25,93.03,0,2026/8/28 23:30,Batch 2 · 105
811,29.26,93.01,0,2026/8/28 23:31,Batch 2 · 105
812,29.29,93.01,0,2026/8/28 23:32,Batch 2 · 105
812,29.3,93.02,0,2026/8/28 23:33,Batch 2 · 105
812,29.29,93.01,0,2026/8/28 23:34,Batch 2 · 105
813,29.36,92.99,0,2026/8/28 23:35,Batch 2 · 105
814,29.38,93.03,0,2026/8/28 23:36,Batch 2 · 105
815,29.38,92.98,0,2026/8/28 23:37,Batch 2 · 105
813,29.43,93,0,2026/8/28 23:38,Batch 2 · 105
813,29.43,93,0,2026/8/28 23:39,Batch 2 · 105
817,29.46,93.02,0,2026/8/28 23:40,Batch 2 · 105
816,29.47,92.98,0,2026/8/28 23:41,Batch 2 · 105
817,29.5,93,0,2026/8/28 23:42,Batch 2 · 105
817,29.5,92.99,0,2026/8/28 23:43,Batch 2 · 105
818,29.52,92.99,0,2026/8/28 23:44,Batch 2 · 105
817,29.54,92.95,0,2026/8/28 23:45,Batch 2 · 105
819,29.56,92.96,0,2026/8/28 23:46,Batch 2 · 105
820,29.56,92.96,0,2026/8/28 23:47,Batch 2 · 105
820,29.6,92.96,0,2026/8/28 23:48,Batch 2 · 105
820,29.63,92.96,0,2026/8/28 23:49,Batch 2 · 105
822,29.63,92.93,0,2026/8/28 23:50,Batch 2 · 105
822,29.7,92.97,0,2026/8/28 23:51,Batch 2 · 105
821,29.67,92.92,0,2026/8/28 23:52,Batch 2 · 105
821,29.69,92.97,0,2026/8/28 23:53,Batch 2 · 105
823,29.7,92.94,0,2026/8/28 23:54,Batch 2 · 105
824,29.7,92.92,0,2026/8/28 23:55,Batch 2 · 105
824,29.73,92.92,0,2026/8/28 23:56,Batch 2 · 105
823,29.74,92.92,0,2026/8/28 23:57,Batch 2 · 105
824,29.75,92.92,0,2026/8/28 23:58,Batch 2 · 105
827,29.75,92.9,0,2026/8/28 23:59,Batch 2 · 105
825,29.78,92.88,0,2026/8/29 0:00,Batch 2 · 105
826,29.79,92.89,0,2026/8/29 0:01,Batch 2 · 105
827,29.81,92.87,0,2026/8/29 0:02,Batch 2 · 105
826,29.84,92.89,0,2026/8/29 0:03,Batch 2 · 105
827,29.84,92.88,0,2026/8/29 0:04,Batch 2 · 105
826,29.88,92.88,0,2026/8/29 0:05,Batch 2 · 105
828,29.91,92.87,0,2026/8/29 0:06,Batch 2 · 105
827,29.9,92.84,0,2026/8/29 0:07,Batch 2 · 105
829,29.91,92.87,0,2026/8/29 0:08,Batch 2 · 105
828,29.93,92.85,0,2026/8/29 0:09,Batch 2 · 105
830,29.95,92.83,0,2026/8/29 0:10,Batch 2 · 105
829,29.97,92.83,0,2026/8/29 0:11,Batch 2 · 105
830,29.98,92.83,0,2026/8/29 0:12,Batch 2 · 105
830,29.98,92.84,0,2026/8/29 0:13,Batch 2 · 105
828,30.01,92.83,0,2026/8/29 0:14,Batch 2 · 105
829,30.04,92.82,0,2026/8/29 0:15,Batch 2 · 105
829,30.04,92.83,0,2026/8/29 0:16,Batch 2 · 105
830,30.05,92.85,0,2026/8/29 0:17,Batch 2 · 105
832,30.06,92.77,0,2026/8/29 0:18,Batch 2 · 105
831,30.06,92.8,0,2026/8/29 0:19,Batch 2 · 105
832,30.09,92.78,0,2026/8/29 0:20,Batch 2 · 105
833,30.09,92.78,0,2026/8/29 0:21,Batch 2 · 105
833,30.11,92.76,0,2026/8/29 0:22,Batch 2 · 105
833,30.12,92.81,0,2026/8/29 0:23,Batch 2 · 105
834,30.11,92.77,0,2026/8/29 0:24,Batch 2 · 105
834,30.15,92.76,0,2026/8/29 0:25,Batch 2 · 105
836,30.16,92.73,0,2026/8/29 0:26,Batch 2 · 105
835,30.18,92.75,0,2026/8/29 0:27,Batch 2 · 105
836,30.18,92.75,0,2026/8/29 0:28,Batch 2 · 105
837,30.19,92.76,0,2026/8/29 0:29,Batch 2 · 105
836,30.23,92.75,0,2026/8/29 0:30,Batch 2 · 105
838,30.23,92.75,0,2026/8/29 0:31,Batch 2 · 105
840,30.23,92.77,0,2026/8/29 0:32,Batch 2 · 105
838,30.25,92.74,0,2026/8/29 0:33,Batch 2 · 105
839,30.28,92.7,0,2026/8/29 0:34,Batch 2 · 105
839,30.28,92.72,0,2026/8/29 0:35,Batch 2 · 105
840,30.29,92.7,0,2026/8/29 0:36,Batch 2 · 105
841,30.3,92.72,0,2026/8/29 0:37,Batch 2 · 105
843,30.29,92.72,0,2026/8/29 0:38,Batch 2 · 105
841,30.33,92.75,0,2026/8/29 0:39,Batch 2 · 105
843,30.33,92.69,0,2026/8/29 0:40,Batch 2 · 105
842,30.33,92.69,0,2026/8/29 0:41,Batch 2 · 105
845,30.35,92.68,0,2026/8/29 0:42,Batch 2 · 105
844,30.35,92.7,0,2026/8/29 0:43,Batch 2 · 105
844,30.36,92.67,0,2026/8/29 0:44,Batch 2 · 105
844,30.37,92.67,0,2026/8/29 0:46,Batch 2 · 105
847,30.4,92.7,0,2026/8/29 0:47,Batch 2 · 105
846,30.4,92.7,0,2026/8/29 0:48,Batch 2 · 105
847,30.42,92.67,0,2026/8/29 0:49,Batch 2 · 105
848,30.43,92.69,0,2026/8/29 0:50,Batch 2 · 105
849,30.43,92.66,0,2026/8/29 0:51,Batch 2 · 105
849,30.44,92.65,0,2026/8/29 0:52,Batch 2 · 105
848,30.43,92.66,0,2026/8/29 0:53,Batch 2 · 105
850,30.46,92.65,0,2026/8/29 0:54,Batch 2 · 105
851,30.49,92.66,0,2026/8/29 0:55,Batch 2 · 105
851,30.49,92.65,0,2026/8/29 0:56,Batch 2 · 105
853,30.49,92.61,0,2026/8/29 0:57,Batch 2 · 105
854,30.5,92.62,0,2026/8/29 0:58,Batch 2 · 105
854,30.53,92.65,0,2026/8/29 0:59,Batch 2 · 105
854,30.52,92.63,0,2026/8/29 1:00,Batch 2 · 105
854,30.56,92.6,0,2026/8/29 1:01,Batch 2 · 105
853,30.54,92.6,0,2026/8/29 1:02,Batch 2 · 105
855,30.53,92.62,0,2026/8/29 1:03,Batch 2 · 105
857,30.56,92.62,0,2026/8/29 1:04,Batch 2 · 105
857,30.56,92.59,0,2026/8/29 1:05,Batch 2 · 105
855,30.57,92.59,0,2026/8/29 1:06,Batch 2 · 105
856,30.61,92.62,0,2026/8/29 1:07,Batch 2 · 105
856,30.59,92.58,0,2026/8/29 1:08,Batch 2 · 105
858,30.6,92.59,0,2026/8/29 1:09,Batch 2 · 105
859,30.63,92.55,0,2026/8/29 1:10,Batch 2 · 105
861,30.61,92.58,0,2026/8/29 1:11,Batch 2 · 105
861,30.61,92.59,0,2026/8/29 1:12,Batch 2 · 105
860,30.63,92.56,0,2026/8/29 1:13,Batch 2 · 105
862,30.64,92.56,0,2026/8/29 1:14,Batch 2 · 105
861,30.64,92.53,0,2026/8/29 1:15,Batch 2 · 105
862,30.64,92.53,0,2026/8/29 1:16,Batch 2 · 105
863,30.65,92.53,0,2026/8/29 1:17,Batch 2 · 105
863,30.68,92.53,0,2026/8/29 1:18,Batch 2 · 105
865,30.7,92.52,0,2026/8/29 1:19,Batch 2 · 105
865,30.7,92.55,0,2026/8/29 1:20,Batch 2 · 105
864,30.7,92.51,0,2026/8/29 1:21,Batch 2 · 105
867,30.71,92.55,0,2026/8/29 1:22,Batch 2 · 105
866,30.7,92.54,0,2026/8/29 1:23,Batch 2 · 105
867,30.71,92.51,0,2026/8/29 1:24,Batch 2 · 105
867,30.72,92.48,0,2026/8/29 1:25,Batch 2 · 105
869,30.74,92.48,0,2026/8/29 1:26,Batch 2 · 105
868,30.74,92.51,0,2026/8/29 1:27,Batch 2 · 105
870,30.72,92.48,0,2026/8/29 1:28,Batch 2 · 105
871,30.77,92.48,0,2026/8/29 1:29,Batch 2 · 105
869,30.78,92.53,0,2026/8/29 1:30,Batch 2 · 105
872,30.77,92.5,0,2026/8/29 1:31,Batch 2 · 105
872,30.75,92.48,0,2026/8/29 1:32,Batch 2 · 105
872,30.8,92.49,0,2026/8/29 1:33,Batch 2 · 105
874,30.8,92.47,0,2026/8/29 1:34,Batch 2 · 105
873,30.8,92.47,0,2026/8/29 1:35,Batch 2 · 105
875,30.81,92.43,0,2026/8/29 1:36,Batch 2 · 105
875,30.81,92.48,0,2026/8/29 1:37,Batch 2 · 105
877,30.84,92.46,0,2026/8/29 1:38,Batch 2 · 105
877,30.84,92.45,0,2026/8/29 1:39,Batch 2 · 105
876,30.83,92.42,0,2026/8/29 1:40,Batch 2 · 105
878,30.84,92.43,0,2026/8/29 1:41,Batch 2 · 105
880,30.83,92.44,0,2026/8/29 1:42,Batch 2 · 105
880,30.84,92.42,0,2026/8/29 1:43,Batch 2 · 105
879,30.84,92.41,0,2026/8/29 1:44,Batch 2 · 105
879,30.84,92.42,0,2026/8/29 1:45,Batch 2 · 105
881,30.87,92.41,0,2026/8/29 1:46,Batch 2 · 105
884,30.88,92.43,0,2026/8/29 1:47,Batch 2 · 105
882,30.88,92.42,0,2026/8/29 1:48,Batch 2 · 105
884,30.88,92.38,0,2026/8/29 1:49,Batch 2 · 105
885,30.89,92.41,0,2026/8/29 1:50,Batch 2 · 105
883,30.88,92.36,0,2026/8/29 1:51,Batch 2 · 105
886,30.89,92.37,0,2026/8/29 1:52,Batch 2 · 105
885,30.91,92.38,0,2026/8/29 1:53,Batch 2 · 105
886,30.91,92.38,0,2026/8/29 1:54,Batch 2 · 105
888,30.94,92.38,0,2026/8/29 1:55,Batch 2 · 105
888,30.92,92.39,0,2026/8/29 1:56,Batch 2 · 105
891,30.91,92.35,0,2026/8/29 1:57,Batch 2 · 105
888,30.92,92.33,0,2026/8/29 1:58,Batch 2 · 105
889,30.95,92.34,0,2026/8/29 1:59,Batch 2 · 105
890,30.92,92.36,0,2026/8/29 2:01,Batch 2 · 105
891,30.95,92.38,0,2026/8/29 2:02,Batch 2 · 105
891,30.96,92.36,0,2026/8/29 2:03,Batch 2 · 105
891,30.94,92.35,0,2026/8/29 2:04,Batch 2 · 105
891,30.96,92.35,0,2026/8/29 2:05,Batch 2 · 105
892,30.95,92.3,0,2026/8/29 2:06,Batch 2 · 105
893,30.95,92.29,0,2026/8/29 2:07,Batch 2 · 105
894,30.95,92.32,0,2026/8/29 2:08,Batch 2 · 105
895,30.96,92.32,0,2026/8/29 2:09,Batch 2 · 105
895,30.99,92.31,0,2026/8/29 2:10,Batch 2 · 105
897,31.01,92.32,0,2026/8/29 2:11,Batch 2 · 105
898,31.01,92.3,0,2026/8/29 2:12,Batch 2 · 105
898,31.01,92.28,0,2026/8/29 2:13,Batch 2 · 105
899,31.02,92.31,0,2026/8/29 2:14,Batch 2 · 105
899,31.02,92.27,0,2026/8/29 2:15,Batch 2 · 105
897,31.03,92.29,0,2026/8/29 2:16,Batch 2 · 105
898,31.02,92.3,0,2026/8/29 2:17,Batch 2 · 105
900,31.03,92.29,0,2026/8/29 2:18,Batch 2 · 105
901,31.05,92.29,0,2026/8/29 2:19,Batch 2 · 105
902,31.05,92.29,0,2026/8/29 2:20,Batch 2 · 105
902,31.03,92.27,0,2026/8/29 2:21,Batch 2 · 105
903,31.03,92.29,0,2026/8/29 2:22,Batch 2 · 105
902,31.03,92.26,0,2026/8/29 2:23,Batch 2 · 105
904,31.05,92.27,0,2026/8/29 2:24,Batch 2 · 105
905,31.08,92.27,0,2026/8/29 2:25,Batch 2 · 105
905,31.05,92.25,0,2026/8/29 2:26,Batch 2 · 105
906,31.06,92.26,0,2026/8/29 2:27,Batch 2 · 105
908,31.06,92.29,0,2026/8/29 2:28,Batch 2 · 105
907,31.06,92.24,0,2026/8/29 2:29,Batch 2 · 105
908,31.08,92.27,0,2026/8/29 2:30,Batch 2 · 105
909,31.08,92.24,0,2026/8/29 2:31,Batch 2 · 105
910,31.08,92.24,0,2026/8/29 2:32,Batch 2 · 105
910,31.12,92.23,0,2026/8/29 2:33,Batch 2 · 105
911,31.12,92.23,0,2026/8/29 2:34,Batch 2 · 105
911,31.11,92.27,0,2026/8/29 2:35,Batch 2 · 105
912,31.11,92.25,0,2026/8/29 2:36,Batch 2 · 105
914,31.11,92.27,0,2026/8/29 2:37,Batch 2 · 105
915,31.12,92.24,0,2026/8/29 2:38,Batch 2 · 105
914,31.13,92.21,0,2026/8/29 2:39,Batch 2 · 105
915,31.13,92.23,0,2026/8/29 2:40,Batch 2 · 105
914,31.12,92.22,0,2026/8/29 2:41,Batch 2 · 105
916,31.12,92.21,0,2026/8/29 2:42,Batch 2 · 105
918,31.15,92.23,0,2026/8/29 2:43,Batch 2 · 105
915,31.15,92.22,0,2026/8/29 2:44,Batch 2 · 105
917,31.15,92.24,0,2026/8/29 2:45,Batch 2 · 105
918,31.13,92.2,0,2026/8/29 2:46,Batch 2 · 105
918,31.16,92.19,0,2026/8/29 2:47,Batch 2 · 105
920,31.13,92.22,0,2026/8/29 2:48,Batch 2 · 105
920,31.18,92.2,0,2026/8/29 2:49,Batch 2 · 105
919,31.18,92.22,0,2026/8/29 2:50,Batch 2 · 105
921,31.16,92.22,0,2026/8/29 2:51,Batch 2 · 105
922,31.19,92.23,0,2026/8/29 2:52,Batch 2 · 105
922,31.18,92.2,0,2026/8/29 2:53,Batch 2 · 105
923,31.19,92.27,0,2026/8/29 2:54,Batch 2 · 105
923,31.2,92.23,0,2026/8/29 2:55,Batch 2 · 105
924,31.19,92.2,0,2026/8/29 2:56,Batch 2 · 105
925,31.19,92.23,0,2026/8/29 2:57,Batch 2 · 105
927,31.22,92.26,0,2026/8/29 2:58,Batch 2 · 105
926,31.22,92.24,0,2026/8/29 2:59,Batch 2 · 105
928,31.22,92.22,0,2026/8/29 3:00,Batch 2 · 105
927,31.22,92.24,0,2026/8/29 3:01,Batch 2 · 105
929,31.2,92.24,0,2026/8/29 3:02,Batch 2 · 105
930,31.23,92.26,0,2026/8/29 3:03,Batch 2 · 105
932,31.25,92.25,0,2026/8/29 3:04,Batch 2 · 105
932,31.25,92.25,0,2026/8/29 3:05,Batch 2 · 105
933,31.25,92.24,0,2026/8/29 3:06,Batch 2 · 105
933,31.25,92.26,0,2026/8/29 3:07,Batch 2 · 105
934,31.23,92.24,0,2026/8/29 3:08,Batch 2 · 105
934,31.28,92.24,0,2026/8/29 3:09,Batch 2 · 105
935,31.25,92.24,0,2026/8/29 3:11,Batch 2 · 105
936,31.23,92.23,0,2026/8/29 3:12,Batch 2 · 105
936,31.26,92.22,0,2026/8/29 3:13,Batch 2 · 105
938,31.25,92.23,0,2026/8/29 3:14,Batch 2 · 105
935,31.28,92.25,0,2026/8/29 3:15,Batch 2 · 105
938,31.28,92.26,0,2026/8/29 3:16,Batch 2 · 105
939,31.26,92.19,0,2026/8/29 3:17,Batch 2 · 105
940,31.28,92.21,0,2026/8/29 3:18,Batch 2 · 105
941,31.28,92.28,0,2026/8/29 3:19,Batch 2 · 105
940,31.29,92.23,0,2026/8/29 3:20,Batch 2 · 105
943,31.26,92.23,0,2026/8/29 3:21,Batch 2 · 105
943,31.3,92.22,0,2026/8/29 3:22,Batch 2 · 105
944,31.3,92.23,0,2026/8/29 3:23,Batch 2 · 105
945,31.28,92.21,0,2026/8/29 3:24,Batch 2 · 105
946,31.32,92.22,0,2026/8/29 3:25,Batch 2 · 105
946,31.3,92.24,0,2026/8/29 3:26,Batch 2 · 105
947,31.29,92.2,0,2026/8/29 3:27,Batch 2 · 105
946,31.3,92.21,0,2026/8/29 3:28,Batch 2 · 105
949,31.32,92.19,0,2026/8/29 3:29,Batch 2 · 105
949,31.32,92.25,0,2026/8/29 3:30,Batch 2 · 105
950,31.32,92.2,0,2026/8/29 3:31,Batch 2 · 105
952,31.32,92.2,0,2026/8/29 3:32,Batch 2 · 105
952,31.33,92.18,0,2026/8/29 3:33,Batch 2 · 105
953,31.33,92.22,0,2026/8/29 3:34,Batch 2 · 105
954,31.35,92.18,0,2026/8/29 3:35,Batch 2 · 105
955,31.36,92.18,0,2026/8/29 3:36,Batch 2 · 105
955,31.35,92.21,0,2026/8/29 3:37,Batch 2 · 105
952,31.35,92.24,0,2026/8/29 3:38,Batch 2 · 105
954,31.35,92.21,0,2026/8/29 3:39,Batch 2 · 105
956,31.36,92.18,0,2026/8/29 3:40,Batch 2 · 105
958,31.39,92.21,0,2026/8/29 3:41,Batch 2 · 105
960,31.36,92.22,0,2026/8/29 3:42,Batch 2 · 105
958,31.42,92.22,0,2026/8/29 3:43,Batch 2 · 105
959,31.36,92.18,0,2026/8/29 3:44,Batch 2 · 105
959,31.39,92.16,0,2026/8/29 3:45,Batch 2 · 105
960,31.39,92.19,0,2026/8/29 3:46,Batch 2 · 105
962,31.39,92.19,0,2026/8/29 3:47,Batch 2 · 105
961,31.37,92.17,0,2026/8/29 3:48,Batch 2 · 105
963,31.39,92.19,0,2026/8/29 3:49,Batch 2 · 105
965,31.4,92.21,0,2026/8/29 3:50,Batch 2 · 105
965,31.39,92.16,0,2026/8/29 3:51,Batch 2 · 105
966,31.39,92.19,0,2026/8/29 3:52,Batch 2 · 105
965,31.42,92.17,0,2026/8/29 3:53,Batch 2 · 105
966,31.39,92.17,0,2026/8/29 3:54,Batch 2 · 105
967,31.4,92.16,0,2026/8/29 3:55,Batch 2 · 105
965,31.43,92.18,0,2026/8/29 3:56,Batch 2 · 105
965,31.42,92.13,0,2026/8/29 3:57,Batch 2 · 105
969,31.42,92.15,0,2026/8/29 3:58,Batch 2 · 105
969,31.43,92.16,0,2026/8/29 3:59,Batch 2 · 105
970,31.44,92.16,0,2026/8/29 4:00,Batch 2 · 105
970,31.46,92.18,0,2026/8/29 4:01,Batch 2 · 105
972,31.43,92.16,0,2026/8/29 4:02,Batch 2 · 105
972,31.43,92.17,0,2026/8/29 4:03,Batch 2 · 105
972,31.44,92.19,0,2026/8/29 4:04,Batch 2 · 105
973,31.44,92.15,0,2026/8/29 4:05,Batch 2 · 105
977,31.46,92.18,0,2026/8/29 4:06,Batch 2 · 105
976,31.44,92.16,0,2026/8/29 4:07,Batch 2 · 105
975,31.46,92.16,0,2026/8/29 4:08,Batch 2 · 105
977,31.46,92.15,0,2026/8/29 4:09,Batch 2 · 105
979,31.47,92.18,0,2026/8/29 4:10,Batch 2 · 105
977,31.48,92.17,0,2026/8/29 4:11,Batch 2 · 105
979,31.46,92.17,0,2026/8/29 4:12,Batch 2 · 105
978,31.48,92.16,0,2026/8/29 4:13,Batch 2 · 105
978,31.46,92.14,0,2026/8/29 4:14,Batch 2 · 105
980,31.48,92.13,0,2026/8/29 4:15,Batch 2 · 105
983,31.47,92.17,0,2026/8/29 4:17,Batch 2 · 105
984,31.51,92.16,0,2026/8/29 4:18,Batch 2 · 105
982,31.5,92.12,0,2026/8/29 4:19,Batch 2 · 105
983,31.51,92.14,0,2026/8/29 4:20,Batch 2 · 105
982,31.5,92.15,0,2026/8/29 4:21,Batch 2 · 105
985,31.51,92.15,0,2026/8/29 4:22,Batch 2 · 105
986,31.47,92.12,0,2026/8/29 4:23,Batch 2 · 105
985,31.5,92.1,0,2026/8/29 4:24,Batch 2 · 105
985,31.5,92.13,0,2026/8/29 4:25,Batch 2 · 105
987,31.51,92.1,0,2026/8/29 4:26,Batch 2 · 105
990,31.5,92.1,0,2026/8/29 4:27,Batch 2 · 105
990,31.5,92.11,0,2026/8/29 4:28,Batch 2 · 105
991,31.5,92.1,0,2026/8/29 4:29,Batch 2 · 105
992,31.53,92.11,0,2026/8/29 4:30,Batch 2 · 105
990,31.54,92.11,0,2026/8/29 4:31,Batch 2 · 105
990,31.51,92.1,0,2026/8/29 4:32,Batch 2 · 105
991,31.5,92.09,0,2026/8/29 4:33,Batch 2 · 105
989,31.51,92.09,0,2026/8/29 4:34,Batch 2 · 105
991,31.51,92.08,0,2026/8/29 4:35,Batch 2 · 105
995,31.54,92.08,0,2026/8/29 4:36,Batch 2 · 105
995,31.53,92.07,0,2026/8/29 4:37,Batch 2 · 105
997,31.57,92.08,0,2026/8/29 4:38,Batch 2 · 105
997,31.53,92.07,0,2026/8/29 4:39,Batch 2 · 105
996,31.54,92.08,0,2026/8/29 4:40,Batch 2 · 105
996,31.55,92.11,0,2026/8/29 4:41,Batch 2 · 105
997,31.54,92.08,0,2026/8/29 4:42,Batch 2 · 105
997,31.55,92.08,0,2026/8/29 4:43,Batch 2 · 105
997,31.54,92.05,0,2026/8/29 4:44,Batch 2 · 105
1000,31.55,92.09,0,2026/8/29 4:45,Batch 2 · 105
1000,31.54,92.08,0,2026/8/29 4:46,Batch 2 · 105
1000,31.57,92.06,0,2026/8/29 4:47,Batch 2 · 105
1002,31.58,92.04,0,2026/8/29 4:48,Batch 2 · 105
1003,31.55,92.06,0,2026/8/29 4:49,Batch 2 · 105
1003,31.58,92.1,0,2026/8/29 4:50,Batch 2 · 105
1003,31.57,92.06,0,2026/8/29 4:51,Batch 2 · 105
1004,31.6,92.06,0,2026/8/29 4:52,Batch 2 · 105
1004,31.58,92.05,0,2026/8/29 4:53,Batch 2 · 105
1006,31.57,92.05,0,2026/8/29 4:54,Batch 2 · 105
1006,31.57,92.05,0,2026/8/29 4:55,Batch 2 · 105
1008,31.6,92.06,0,2026/8/29 4:56,Batch 2 · 105
1009,31.6,92.06,0,2026/8/29 4:57,Batch 2 · 105
1009,31.61,92.05,0,2026/8/29 4:58,Batch 2 · 105
1008,31.58,92.06,0,2026/8/29 4:59,Batch 2 · 105
1008,31.6,92.04,0,2026/8/29 5:00,Batch 2 · 105
1009,31.6,92.01,0,2026/8/29 5:01,Batch 2 · 105
1011,31.61,92.05,0,2026/8/29 5:02,Batch 2 · 105
1009,31.61,92.02,0,2026/8/29 5:03,Batch 2 · 105
1013,31.6,92.04,0,2026/8/29 5:04,Batch 2 · 105
1013,31.61,92.04,0,2026/8/29 5:05,Batch 2 · 105
1014,31.64,92.05,0,2026/8/29 5:06,Batch 2 · 105
1013,31.61,92.08,0,2026/8/29 5:07,Batch 2 · 105
1015,31.63,92,0,2026/8/29 5:08,Batch 2 · 105
1016,31.63,92.03,0,2026/8/29 5:09,Batch 2 · 105
1016,31.63,92.02,0,2026/8/29 5:10,Batch 2 · 105
1019,31.64,92.03,0,2026/8/29 5:11,Batch 2 · 105
1018,31.64,92.03,0,2026/8/29 5:12,Batch 2 · 105
1017,31.64,92.05,0,2026/8/29 5:13,Batch 2 · 105
1019,31.64,92.03,0,2026/8/29 5:14,Batch 2 · 105
1020,31.64,92,0,2026/8/29 5:15,Batch 2 · 105
1020,31.64,92,0,2026/8/29 5:16,Batch 2 · 105
1021,31.65,92.02,0,2026/8/29 5:17,Batch 2 · 105
1021,31.67,92.03,0,2026/8/29 5:18,Batch 2 · 105
1023,31.65,91.98,0,2026/8/29 5:20,Batch 2 · 105
1022,31.67,91.98,0,2026/8/29 5:21,Batch 2 · 105
1025,31.65,92.02,0,2026/8/29 5:22,Batch 2 · 105
1025,31.65,92.03,0,2026/8/29 5:23,Batch 2 · 105
1025,31.67,92.02,0,2026/8/29 5:24,Batch 2 · 105
1026,31.68,92.02,0,2026/8/29 5:25,Batch 2 · 105
1027,31.67,92.04,0,2026/8/29 5:26,Batch 2 · 105
1029,31.67,92.02,0,2026/8/29 5:27,Batch 2 · 105
1027,31.68,92.02,0,2026/8/29 5:28,Batch 2 · 105
1029,31.67,92.04,0,2026/8/29 5:29,Batch 2 · 105
1029,31.68,92,0,2026/8/29 5:30,Batch 2 · 105
1029,31.7,92.04,0,2026/8/29 5:31,Batch 2 · 105
1030,31.7,92.04,0,2026/8/29 5:32,Batch 2 · 105
1030,31.7,92.01,0,2026/8/29 5:33,Batch 2 · 105
1031,31.68,92,0,2026/8/29 5:34,Batch 2 · 105
1033,31.68,92.04,0,2026/8/29 5:35,Batch 2 · 105
1033,31.68,92,0,2026/8/29 5:36,Batch 2 · 105
1031,31.7,92.01,0,2026/8/29 5:37,Batch 2 · 105
1034,31.68,92.02,0,2026/8/29 5:38,Batch 2 · 105
1034,31.7,92.01,0,2026/8/29 5:39,Batch 2 · 105
1035,31.68,92.02,0,2026/8/29 5:40,Batch 2 · 105
1033,31.71,92,0,2026/8/29 5:41,Batch 2 · 105
1035,31.68,91.96,0,2026/8/29 5:42,Batch 2 · 105
1036,31.7,92.01,0,2026/8/29 5:43,Batch 2 · 105
1039,31.7,92,0,2026/8/29 5:44,Batch 2 · 105
1038,31.68,92,0,2026/8/29 5:45,Batch 2 · 105
1039,31.7,92.02,0,2026/8/29 5:46,Batch 2 · 105
1040,31.7,91.99,0,2026/8/29 5:47,Batch 2 · 105
1041,31.7,92.02,0,2026/8/29 5:48,Batch 2 · 105
1040,31.71,91.98,0,2026/8/29 5:49,Batch 2 · 105
1041,31.71,91.99,0,2026/8/29 5:50,Batch 2 · 105
1042,31.7,92,0,2026/8/29 5:51,Batch 2 · 105
1041,31.73,91.97,0,2026/8/29 5:52,Batch 2 · 105
1043,31.73,91.98,0,2026/8/29 5:53,Batch 2 · 105
1043,31.71,91.96,0,2026/8/29 5:54,Batch 2 · 105
1045,31.71,91.96,0,2026/8/29 5:55,Batch 2 · 105
1045,31.73,91.97,0,2026/8/29 5:56,Batch 2 · 105
1045,31.71,91.99,0,2026/8/29 5:57,Batch 2 · 105
1045,31.73,92,0,2026/8/29 5:58,Batch 2 · 105
1045,31.73,92,0,2026/8/29 5:59,Batch 2 · 105
1049,31.71,91.96,0,2026/8/29 6:00,Batch 2 · 105
1048,31.74,92.01,0,2026/8/29 6:01,Batch 2 · 105
1047,31.73,92.01,0,2026/8/29 6:02,Batch 2 · 105
1051,31.71,91.96,0,2026/8/29 6:03,Batch 2 · 105
1049,31.73,91.97,0,2026/8/29 6:04,Batch 2 · 105
1051,31.73,91.98,0,2026/8/29 6:05,Batch 2 · 105
1051,31.73,91.97,0,2026/8/29 6:06,Batch 2 · 105
1052,31.75,91.99,0,2026/8/29 6:07,Batch 2 · 105
1052,31.73,91.99,0,2026/8/29 6:08,Batch 2 · 105
1053,31.73,92.02,0,2026/8/29 6:09,Batch 2 · 105
1052,31.75,92.02,0,2026/8/29 6:10,Batch 2 · 105
1057,31.75,92.01,0,2026/8/29 6:11,Batch 2 · 105
1057,31.75,91.96,0,2026/8/29 6:12,Batch 2 · 105
1056,31.75,91.99,0,2026/8/29 6:13,Batch 2 · 105
1057,31.75,91.96,0,2026/8/29 6:14,Batch 2 · 105
1057,31.78,91.98,0,2026/8/29 6:15,Batch 2 · 105
1060,31.75,91.96,0,2026/8/29 6:16,Batch 2 · 105
1062,31.77,91.97,0,2026/8/29 6:17,Batch 2 · 105
1061,31.75,91.95,0,2026/8/29 6:19,Batch 2 · 105
1061,31.75,91.95,0,2026/8/29 6:20,Batch 2 · 105
1061,31.75,91.95,0,2026/8/29 6:21,Batch 2 · 105
1063,31.78,92,0,2026/8/29 6:22,Batch 2 · 105
1061,31.75,91.96,0,2026/8/29 6:23,Batch 2 · 105
1063,31.78,91.95,0,2026/8/29 6:24,Batch 2 · 105
1062,31.77,91.94,0,2026/8/29 6:25,Batch 2 · 105
1064,31.78,91.96,0,2026/8/29 6:26,Batch 2 · 105
1065,31.74,91.95,0,2026/8/29 6:27,Batch 2 · 105
1065,31.79,92,0,2026/8/29 6:28,Batch 2 · 105
1067,31.77,91.97,0,2026/8/29 6:29,Batch 2 · 105
1065,31.77,91.94,0,2026/8/29 6:30,Batch 2 · 105
1067,31.77,91.97,0,2026/8/29 6:31,Batch 2 · 105
1067,31.78,91.95,0,2026/8/29 6:32,Batch 2 · 105
1070,31.79,91.95,0,2026/8/29 6:33,Batch 2 · 105
1071,31.78,91.97,0,2026/8/29 6:34,Batch 2 · 105
1071,31.79,91.93,0,2026/8/29 6:35,Batch 2 · 105
1071,31.79,91.96,0,2026/8/29 6:36,Batch 2 · 105
1072,31.79,91.94,0,2026/8/29 6:37,Batch 2 · 105
1074,31.79,91.93,0,2026/8/29 6:38,Batch 2 · 105
1074,31.79,91.97,0,2026/8/29 6:39,Batch 2 · 105
1075,31.79,91.95,0,2026/8/29 6:40,Batch 2 · 105
1073,31.81,91.92,0,2026/8/29 6:41,Batch 2 · 105
1074,31.82,91.96,0,2026/8/29 6:42,Batch 2 · 105
1075,31.79,91.91,0,2026/8/29 6:43,Batch 2 · 105
1076,31.82,92,0,2026/8/29 6:44,Batch 2 · 105
1077,31.79,91.96,0,2026/8/29 6:45,Batch 2 · 105
1078,31.81,91.93,0,2026/8/29 6:46,Batch 2 · 105
1079,31.84,91.91,0,2026/8/29 6:47,Batch 2 · 105
1077,31.82,91.96,0,2026/8/29 6:48,Batch 2 · 105
1079,31.82,91.93,0,2026/8/29 6:49,Batch 2 · 105
1081,31.84,91.93,0,2026/8/29 6:50,Batch 2 · 105
1082,31.84,91.91,0,2026/8/29 6:51,Batch 2 · 105
1082,31.84,91.92,0,2026/8/29 6:52,Batch 2 · 105
1084,31.82,91.93,0,2026/8/29 6:53,Batch 2 · 105
1083,31.82,91.94,0,2026/8/29 6:54,Batch 2 · 105
1084,31.82,91.91,0,2026/8/29 6:55,Batch 2 · 105
1083,31.84,91.92,0,2026/8/29 6:56,Batch 2 · 105
1085,31.88,91.93,0,2026/8/29 6:57,Batch 2 · 105
1086,31.84,91.9,0,2026/8/29 6:58,Batch 2 · 105
1087,31.84,91.92,0,2026/8/29 6:59,Batch 2 · 105
1088,31.85,91.93,0,2026/8/29 7:00,Batch 2 · 105
1087,31.85,91.92,0,2026/8/29 7:01,Batch 2 · 105
1089,31.88,91.92,0,2026/8/29 7:02,Batch 2 · 105
1089,31.85,91.94,0,2026/8/29 7:03,Batch 2 · 105
1089,31.88,91.91,0,2026/8/29 7:04,Batch 2 · 105
1090,31.84,91.94,0,2026/8/29 7:05,Batch 2 · 105
1090,31.88,91.92,0,2026/8/29 7:06,Batch 2 · 105
1090,31.87,91.93,0,2026/8/29 7:07,Batch 2 · 105
1094,31.87,91.93,0,2026/8/29 7:08,Batch 2 · 105
1093,31.88,91.89,0,2026/8/29 7:09,Batch 2 · 105
1093,31.87,91.93,0,2026/8/29 7:10,Batch 2 · 105
1095,31.85,91.93,0,2026/8/29 7:11,Batch 2 · 105
1095,31.87,91.91,0,2026/8/29 7:12,Batch 2 · 105
1097,31.88,91.91,0,2026/8/29 7:13,Batch 2 · 105
1098,31.89,91.93,0,2026/8/29 7:14,Batch 2 · 105
1097,31.87,91.89,0,2026/8/29 7:16,Batch 2 · 105
1099,31.88,91.93,0,2026/8/29 7:17,Batch 2 · 105
1098,31.88,91.91,0,2026/8/29 7:18,Batch 2 · 105
1097,31.89,91.87,0,2026/8/29 7:19,Batch 2 · 105
1099,31.88,91.9,0,2026/8/29 7:20,Batch 2 · 105
1101,31.88,91.86,0,2026/8/29 7:21,Batch 2 · 105
1102,31.89,91.91,0,2026/8/29 7:22,Batch 2 · 105
1103,31.91,91.91,0,2026/8/29 7:23,Batch 2 · 105
1102,31.91,91.92,0,2026/8/29 7:24,Batch 2 · 105
1103,31.91,91.89,0,2026/8/29 7:25,Batch 2 · 105
1102,31.91,91.89,0,2026/8/29 7:26,Batch 2 · 105
1103,31.91,91.86,0,2026/8/29 7:27,Batch 2 · 105
1103,31.91,91.89,0,2026/8/29 7:28,Batch 2 · 105
1103,31.88,91.88,0,2026/8/29 7:29,Batch 2 · 105
1104,31.91,91.87,0,2026/8/29 7:30,Batch 2 · 105
1107,31.94,91.88,0,2026/8/29 7:31,Batch 2 · 105
1109,31.92,91.85,0,2026/8/29 7:32,Batch 2 · 105
1105,31.92,91.9,0,2026/8/29 7:33,Batch 2 · 105
1105,31.94,91.89,0,2026/8/29 7:34,Batch 2 · 105
1105,31.92,91.85,0,2026/8/29 7:35,Batch 2 · 105
1107,31.92,91.88,0,2026/8/29 7:36,Batch 2 · 105
1108,31.92,91.86,0,2026/8/29 7:37,Batch 2 · 105
1107,31.92,91.88,0,2026/8/29 7:38,Batch 2 · 105
1109,31.96,91.89,0,2026/8/29 7:39,Batch 2 · 105
1108,31.94,91.91,0,2026/8/29 7:40,Batch 2 · 105
1110,31.96,91.87,0,2026/8/29 7:41,Batch 2 · 105
1113,31.95,91.87,0,2026/8/29 7:42,Batch 2 · 105
1113,31.94,91.88,0,2026/8/29 7:43,Batch 2 · 105
1113,31.95,91.86,0,2026/8/29 7:44,Batch 2 · 105
1115,31.96,91.89,0,2026/8/29 7:45,Batch 2 · 105
1115,31.94,91.88,0,2026/8/29 7:46,Batch 2 · 105
1116,31.95,91.86,0,2026/8/29 7:47,Batch 2 · 105
1113,31.95,91.85,0,2026/8/29 7:48,Batch 2 · 105
1115,31.96,91.88,0,2026/8/29 7:49,Batch 2 · 105
1116,31.95,91.88,0,2026/8/29 7:50,Batch 2 · 105
1116,31.98,91.86,0,2026/8/29 7:51,Batch 2 · 105
1118,31.96,91.88,0,2026/8/29 7:52,Batch 2 · 105
1118,31.96,91.85,0,2026/8/29 7:53,Batch 2 · 105
1120,31.96,91.88,0,2026/8/29 7:54,Batch 2 · 105
1120,31.95,91.86,0,2026/8/29 7:55,Batch 2 · 105
1120,31.95,91.84,0,2026/8/29 7:56,Batch 2 · 105
1120,31.95,91.85,0,2026/8/29 7:57,Batch 2 · 105
1120,31.98,91.86,0,2026/8/29 7:58,Batch 2 · 105
1122,31.99,91.85,0,2026/8/29 7:59,Batch 2 · 105
1124,32.01,91.87,0,2026/8/29 8:00,Batch 2 · 105
1125,31.98,91.83,0,2026/8/29 8:01,Batch 2 · 105
1127,31.99,91.85,0,2026/8/29 8:02,Batch 2 · 105
1125,31.96,91.84,0,2026/8/29 8:03,Batch 2 · 105
1126,31.99,91.84,0,2026/8/29 8:04,Batch 2 · 105
1126,32.01,91.85,0,2026/8/29 8:05,Batch 2 · 105
1126,31.99,91.79,0,2026/8/29 8:06,Batch 2 · 105
1128,31.98,91.8,0,2026/8/29 8:07,Batch 2 · 105
1130,31.99,91.82,0,2026/8/29 8:08,Batch 2 · 105
1131,32.01,91.86,0,2026/8/29 8:09,Batch 2 · 105
1132,32.01,91.81,0,2026/8/29 8:10,Batch 2 · 105
1133,31.99,91.82,0,2026/8/29 8:12,Batch 2 · 105
1133,32.02,91.84,0,2026/8/29 8:13,Batch 2 · 105
1132,32.02,91.84,0,2026/8/29 8:14,Batch 2 · 105
1133,32.02,91.83,0,2026/8/29 8:15,Batch 2 · 105
1133,32.02,91.79,0,2026/8/29 8:16,Batch 2 · 105
1138,32.01,91.83,0,2026/8/29 8:17,Batch 2 · 105
1138,31.99,91.81,0,2026/8/29 8:18,Batch 2 · 105
1135,32.01,91.85,0,2026/8/29 8:19,Batch 2 · 105
1137,32.03,91.81,0,2026/8/29 8:20,Batch 2 · 105
1138,32.03,91.85,0,2026/8/29 8:21,Batch 2 · 105
1140,32.02,91.83,0,2026/8/29 8:22,Batch 2 · 105
1137,32.02,91.83,0,2026/8/29 8:23,Batch 2 · 105
1138,32.02,91.83,0,2026/8/29 8:24,Batch 2 · 105
1140,32.02,91.76,0,2026/8/29 8:25,Batch 2 · 105
1139,32.02,91.71,0,2026/8/29 8:26,Batch 2 · 105
1141,31.99,91.64,0,2026/8/29 8:27,Batch 2 · 105
1143,31.98,91.56,0,2026/8/29 8:28,Batch 2 · 105
1144,31.94,91.47,0,2026/8/29 8:29,Batch 2 · 105
1143,31.88,91.32,0,2026/8/29 8:30,Batch 2 · 105
1144,31.82,91.22,0,2026/8/29 8:31,Batch 2 · 105
1143,31.78,91.13,0,2026/8/29 8:32,Batch 2 · 105
1144,31.74,91,0,2026/8/29 8:33,Batch 2 · 105
1145,31.68,90.94,0,2026/8/29 8:34,Batch 2 · 105
1148,31.6,90.83,0,2026/8/29 8:35,Batch 2 · 105
1152,31.57,90.76,0,2026/8/29 8:36,Batch 2 · 105
1150,31.5,90.67,0,2026/8/29 8:37,Batch 2 · 105
1152,31.44,90.66,0,2026/8/29 8:38,Batch 2 · 105
1153,31.36,90.6,0,2026/8/29 8:39,Batch 2 · 105
1154,31.33,90.63,0,2026/8/29 8:40,Batch 2 · 105
1154,31.28,90.59,0,2026/8/29 8:41,Batch 2 · 105
1155,31.26,90.64,0,2026/8/29 8:42,Batch 2 · 105
1154,31.22,90.69,0,2026/8/29 8:43,Batch 2 · 105
1157,31.16,90.72,0,2026/8/29 8:44,Batch 2 · 105
1157,31.15,90.75,0,2026/8/29 8:45,Batch 2 · 105
1157,31.12,90.81,0,2026/8/29 8:46,Batch 2 · 105
1157,31.08,90.78,0,2026/8/29 8:47,Batch 2 · 105
1161,31.05,90.79,0,2026/8/29 8:48,Batch 2 · 105
1158,30.99,90.76,0,2026/8/29 8:49,Batch 2 · 105
1157,30.98,90.79,0,2026/8/29 8:50,Batch 2 · 105
1160,30.92,90.75,0,2026/8/29 8:51,Batch 2 · 105
1161,30.91,90.74,0,2026/8/29 8:52,Batch 2 · 105
1161,30.85,90.68,0,2026/8/29 8:53,Batch 2 · 105
1162,30.81,90.67,0,2026/8/29 8:54,Batch 2 · 105
1163,30.8,90.66,0,2026/8/29 8:55,Batch 2 · 105
1163,30.77,90.69,0,2026/8/29 8:56,Batch 2 · 105
1162,30.74,90.73,0,2026/8/29 8:57,Batch 2 · 105
1164,30.7,90.73,0,2026/8/29 8:58,Batch 2 · 105
1166,30.67,90.74,0,2026/8/29 8:59,Batch 2 · 105
1167,30.65,90.77,0,2026/8/29 9:00,Batch 2 · 105
1167,30.64,90.81,0,2026/8/29 9:01,Batch 2 · 105
1168,30.61,90.8,0,2026/8/29 9:02,Batch 2 · 105
1168,30.59,90.8,0,2026/8/29 9:03,Batch 2 · 105
1167,30.57,90.82,0,2026/8/29 9:05,Batch 2 · 105
1166,30.56,90.82,0,2026/8/29 9:06,Batch 2 · 105
1171,30.53,90.79,0,2026/8/29 9:07,Batch 2 · 105
1172,30.52,90.8,0,2026/8/29 9:08,Batch 2 · 105
1172,30.49,90.8,0,2026/8/29 9:09,Batch 2 · 105
1172,30.46,90.76,0,2026/8/29 9:10,Batch 2 · 105
1172,30.43,90.75,0,2026/8/29 9:11,Batch 2 · 105
1173,30.39,90.72,0,2026/8/29 9:12,Batch 2 · 105
1174,30.36,90.7,0,2026/8/29 9:13,Batch 2 · 105
1171,30.35,90.68,0,2026/8/29 9:14,Batch 2 · 105
1171,30.29,90.63,0,2026/8/29 9:15,Batch 2 · 105
1170,30.26,90.57,0,2026/8/29 9:16,Batch 2 · 105
1172,30.23,90.57,0,2026/8/29 9:17,Batch 2 · 105
1173,30.18,90.54,0,2026/8/29 9:18,Batch 2 · 105
1176,30.18,90.52,0,2026/8/29 9:19,Batch 2 · 105
1175,30.12,90.49,0,2026/8/29 9:20,Batch 2 · 105
1177,30.05,90.47,0,2026/8/29 9:21,Batch 2 · 105
1177,30.05,90.45,0,2026/8/29 9:22,Batch 2 · 105
1175,29.99,90.41,0,2026/8/29 9:23,Batch 2 · 105
1176,29.95,90.42,0,2026/8/29 9:24,Batch 2 · 105
1177,29.95,90.41,0,2026/8/29 9:25,Batch 2 · 105
1177,29.87,90.37,0,2026/8/29 9:26,Batch 2 · 105
1177,29.87,90.37,0,2026/8/29 9:27,Batch 2 · 105
1178,29.81,90.36,0,2026/8/29 9:28,Batch 2 · 105
1176,29.81,90.37,0,2026/8/29 9:29,Batch 2 · 105
1177,29.79,90.4,0,2026/8/29 9:30,Batch 2 · 105
1176,29.73,90.42,0,2026/8/29 9:31,Batch 2 · 105
1178,29.71,90.43,0,2026/8/29 9:32,Batch 2 · 105
1177,29.7,90.44,0,2026/8/29 9:33,Batch 2 · 105
1178,29.67,90.43,0,2026/8/29 9:34,Batch 2 · 105
1181,29.63,90.44,0,2026/8/29 9:35,Batch 2 · 105
1179,29.63,90.47,0,2026/8/29 9:36,Batch 2 · 105
1179,29.53,90.43,0,2026/8/29 9:37,Batch 2 · 105
1178,29.59,90.49,0,2026/8/29 9:38,Batch 2 · 105
1180,29.54,90.5,0,2026/8/29 9:39,Batch 2 · 105
1181,29.53,90.48,0,2026/8/29 9:40,Batch 2 · 105
1185,29.5,90.51,0,2026/8/29 9:41,Batch 2 · 105
1185,29.52,90.54,0,2026/8/29 9:42,Batch 2 · 105
1187,29.47,90.58,0,2026/8/29 9:43,Batch 2 · 105
1187,29.46,90.59,0,2026/8/29 9:44,Batch 2 · 105
1187,29.43,90.55,0,2026/8/29 9:45,Batch 2 · 105
1187,29.42,90.56,0,2026/8/29 9:46,Batch 2 · 105
1186,29.4,90.59,0,2026/8/29 9:47,Batch 2 · 105
1189,29.38,90.57,0,2026/8/29 9:48,Batch 2 · 105
1192,29.35,90.54,0,2026/8/29 9:49,Batch 2 · 105
1188,29.33,90.59,0,2026/8/29 9:50,Batch 2 · 105
1189,29.32,90.58,0,2026/8/29 9:51,Batch 2 · 105
1191,29.32,90.59,0,2026/8/29 9:52,Batch 2 · 105
1191,29.29,90.53,0,2026/8/29 9:53,Batch 2 · 105
1193,29.26,90.56,0,2026/8/29 9:54,Batch 2 · 105
1194,29.23,90.54,0,2026/8/29 9:55,Batch 2 · 105
1193,29.22,90.55,0,2026/8/29 9:56,Batch 2 · 105
1193,29.19,90.54,0,2026/8/29 9:58,Batch 2 · 105
1195,29.19,90.58,0,2026/8/29 9:59,Batch 2 · 105
1192,29.16,90.55,0,2026/8/29 10:00,Batch 2 · 105
1194,29.15,90.6,0,2026/8/29 10:01,Batch 2 · 105
1195,29.12,90.59,0,2026/8/29 10:02,Batch 2 · 105
1194,29.14,90.62,0,2026/8/29 10:03,Batch 2 · 105
1194,29.12,90.62,0,2026/8/29 10:04,Batch 2 · 105
1195,29.09,90.65,0,2026/8/29 10:05,Batch 2 · 105
1197,29.09,90.61,0,2026/8/29 10:06,Batch 2 · 105
1199,29.07,90.64,0,2026/8/29 10:07,Batch 2 · 105
1198,29.07,90.65,0,2026/8/29 10:08,Batch 2 · 105
1198,29.05,90.66,0,2026/8/29 10:09,Batch 2 · 105
1197,29.04,90.63,0,2026/8/29 10:10,Batch 2 · 105
1198,29.02,90.64,0,2026/8/29 10:11,Batch 2 · 105
1200,29.01,90.64,0,2026/8/29 10:12,Batch 2 · 105
1199,28.98,90.63,0,2026/8/29 10:13,Batch 2 · 105
1202,28.97,90.59,0,2026/8/29 10:14,Batch 2 · 105
1203,28.94,90.61,0,2026/8/29 10:15,Batch 2 · 105
1201,28.91,90.61,0,2026/8/29 10:16,Batch 2 · 105
1202,28.9,90.6,0,2026/8/29 10:17,Batch 2 · 105
1201,28.91,90.61,0,2026/8/29 10:18,Batch 2 · 105
1203,28.9,90.62,0,2026/8/29 10:19,Batch 2 · 105
1203,28.85,90.57,0,2026/8/29 10:20,Batch 2 · 105
1203,28.85,90.62,0,2026/8/29 10:21,Batch 2 · 105
1204,28.85,90.61,0,2026/8/29 10:22,Batch 2 · 105
1207,28.83,90.61,0,2026/8/29 10:23,Batch 2 · 105
1205,28.8,90.6,0,2026/8/29 10:24,Batch 2 · 105
1206,28.83,90.63,0,2026/8/29 10:25,Batch 2 · 105
1206,28.78,90.62,0,2026/8/29 10:26,Batch 2 · 105
1208,28.78,90.65,0,2026/8/29 10:27,Batch 2 · 105
1206,28.77,90.59,0,2026/8/29 10:28,Batch 2 · 105
1206,28.74,90.6,0,2026/8/29 10:29,Batch 2 · 105
1206,28.71,90.61,0,2026/8/29 10:30,Batch 2 · 105
1206,28.7,90.59,0,2026/8/29 10:31,Batch 2 · 105
1205,28.69,90.62,0,2026/8/29 10:32,Batch 2 · 105
1206,28.7,90.62,0,2026/8/29 10:33,Batch 2 · 105
1210,28.66,90.62,0,2026/8/29 10:34,Batch 2 · 105
1209,28.64,90.64,0,2026/8/29 10:35,Batch 2 · 105
1208,28.63,90.62,0,2026/8/29 10:36,Batch 2 · 105
1207,28.61,90.67,0,2026/8/29 10:37,Batch 2 · 105
1208,28.63,90.67,0,2026/8/29 10:38,Batch 2 · 105
1209,28.61,90.69,0,2026/8/29 10:39,Batch 2 · 105
1208,28.6,90.7,0,2026/8/29 10:40,Batch 2 · 105
1209,28.59,90.7,0,2026/8/29 10:41,Batch 2 · 105
1210,28.61,90.78,0,2026/8/29 10:42,Batch 2 · 105
1211,28.6,90.73,0,2026/8/29 10:43,Batch 2 · 105
1211,28.6,90.76,0,2026/8/29 10:44,Batch 2 · 105
1212,28.57,90.77,0,2026/8/29 10:45,Batch 2 · 105
1212,28.57,90.77,0,2026/8/29 10:46,Batch 2 · 105
1212,28.59,90.82,0,2026/8/29 10:48,Batch 2 · 105
1210,28.54,90.81,0,2026/8/29 10:49,Batch 2 · 105
1213,28.56,90.81,0,2026/8/29 10:50,Batch 2 · 105
1213,28.54,90.81,0,2026/8/29 10:51,Batch 2 · 105
1216,28.52,90.83,0,2026/8/29 10:52,Batch 2 · 105
1214,28.56,90.87,0,2026/8/29 10:53,Batch 2 · 105
1214,28.53,90.81,0,2026/8/29 10:54,Batch 2 · 105
1216,28.53,90.87,0,2026/8/29 10:55,Batch 2 · 105
1216,28.54,90.85,0,2026/8/29 10:56,Batch 2 · 105
1215,28.52,90.88,0,2026/8/29 10:57,Batch 2 · 105
1215,28.52,90.87,0,2026/8/29 10:58,Batch 2 · 105
1215,28.52,90.82,0,2026/8/29 10:59,Batch 2 · 105
1215,28.5,90.8,0,2026/8/29 11:00,Batch 2 · 105
1216,28.5,90.85,0,2026/8/29 11:01,Batch 2 · 105
1215,28.49,90.86,0,2026/8/29 11:02,Batch 2 · 105
1217,28.49,90.8,0,2026/8/29 11:03,Batch 2 · 105
1216,28.46,90.83,0,2026/8/29 11:04,Batch 2 · 105
1217,28.48,90.82,0,2026/8/29 11:05,Batch 2 · 105
1220,28.45,90.78,0,2026/8/29 11:06,Batch 2 · 105
1220,28.42,90.78,0,2026/8/29 11:07,Batch 2 · 105
1219,28.43,90.78,0,2026/8/29 11:08,Batch 2 · 105
1219,28.42,90.83,0,2026/8/29 11:09,Batch 2 · 105
1218,28.43,90.88,0,2026/8/29 11:10,Batch 2 · 105
1219,28.43,90.96,0,2026/8/29 11:11,Batch 2 · 105
1218,28.43,91.02,0,2026/8/29 11:12,Batch 2 · 105
1218,28.46,91.09,0,2026/8/29 11:13,Batch 2 · 105
1220,28.49,91.19,0,2026/8/29 11:14,Batch 2 · 105
1220,28.49,91.25,0,2026/8/29 11:15,Batch 2 · 105
1221,28.5,91.27,0,2026/8/29 11:16,Batch 2 · 105
1221,28.52,91.34,0,2026/8/29 11:17,Batch 2 · 105
1223,28.53,91.38,0,2026/8/29 11:18,Batch 2 · 105
1223,28.54,91.38,0,2026/8/29 11:19,Batch 2 · 105
1222,28.53,91.36,0,2026/8/29 11:20,Batch 2 · 105
1223,28.56,91.43,0,2026/8/29 11:21,Batch 2 · 105
1223,28.54,91.38,0,2026/8/29 11:22,Batch 2 · 105
1224,28.56,91.4,0,2026/8/29 11:23,Batch 2 · 105
1223,28.56,91.37,0,2026/8/29 11:24,Batch 2 · 105
1222,28.56,91.36,0,2026/8/29 11:25,Batch 2 · 105
1225,28.54,91.36,0,2026/8/29 11:26,Batch 2 · 105
1226,28.54,91.31,0,2026/8/29 11:27,Batch 2 · 105
1224,28.54,91.28,0,2026/8/29 11:28,Batch 2 · 105
1226,28.53,91.25,0,2026/8/29 11:29,Batch 2 · 105
1225,28.52,91.22,0,2026/8/29 11:30,Batch 2 · 105
1227,28.5,91.2,0,2026/8/29 11:31,Batch 2 · 105
1228,28.5,91.2,0,2026/8/29 11:32,Batch 2 · 105
1227,28.5,91.17,0,2026/8/29 11:33,Batch 2 · 105
1229,28.48,91.17,0,2026/8/29 11:34,Batch 2 · 105
1230,28.49,91.16,0,2026/8/29 11:35,Batch 2 · 105
1227,28.49,91.17,0,2026/8/29 11:37,Batch 2 · 105
1228,28.46,91.16,0,2026/8/29 11:38,Batch 2 · 105
1227,28.45,91.1,0,2026/8/29 11:39,Batch 2 · 105
1230,28.46,91.14,0,2026/8/29 11:40,Batch 2 · 105
1228,28.41,91.12,0,2026/8/29 11:41,Batch 2 · 105
1230,28.43,91.15,0,2026/8/29 11:42,Batch 2 · 105
1230,28.42,91.15,0,2026/8/29 11:43,Batch 2 · 105
1233,28.42,91.15,0,2026/8/29 11:44,Batch 2 · 105
1232,28.43,91.2,0,2026/8/29 11:45,Batch 2 · 105
1230,28.42,91.19,0,2026/8/29 11:46,Batch 2 · 105
1232,28.39,91.2,0,2026/8/29 11:47,Batch 2 · 105
1234,28.42,91.2,0,2026/8/29 11:48,Batch 2 · 105
1233,28.43,91.25,0,2026/8/29 11:49,Batch 2 · 105
1234,28.41,91.25,0,2026/8/29 11:50,Batch 2 · 105
1233,28.41,91.3,0,2026/8/29 11:51,Batch 2 · 105
1233,28.43,91.39,0,2026/8/29 11:52,Batch 2 · 105
1233,28.45,91.36,0,2026/8/29 11:53,Batch 2 · 105
1231,28.46,91.41,0,2026/8/29 11:54,Batch 2 · 105
1235,28.48,91.4,0,2026/8/29 11:55,Batch 2 · 105
1235,28.46,91.4,0,2026/8/29 11:56,Batch 2 · 105
1235,28.49,91.44,0,2026/8/29 11:57,Batch 2 · 105
1235,28.46,91.39,0,2026/8/29 11:58,Batch 2 · 105
1237,28.48,91.36,0,2026/8/29 11:59,Batch 2 · 105
1237,28.45,91.36,0,2026/8/29 12:00,Batch 2 · 105
1236,28.45,91.31,0,2026/8/29 12:01,Batch 2 · 105
1236,28.43,91.35,0,2026/8/29 12:02,Batch 2 · 105
1238,28.45,91.28,0,2026/8/29 12:03,Batch 2 · 105
1237,28.46,91.28,0,2026/8/29 12:04,Batch 2 · 105
1237,28.42,91.24,0,2026/8/29 12:05,Batch 2 · 105
1239,28.43,91.25,0,2026/8/29 12:06,Batch 2 · 105
1240,28.41,91.22,0,2026/8/29 12:07,Batch 2 · 105
1241,28.41,91.24,0,2026/8/29 12:08,Batch 2 · 105
1239,28.41,91.25,0,2026/8/29 12:09,Batch 2 · 105
1238,28.38,91.28,0,2026/8/29 12:10,Batch 2 · 105
1239,28.36,91.29,0,2026/8/29 12:11,Batch 2 · 105
1240,28.35,91.29,0,2026/8/29 12:12,Batch 2 · 105
1240,28.34,91.28,0,2026/8/29 12:13,Batch 2 · 105
1241,28.32,91.3,0,2026/8/29 12:14,Batch 2 · 105
1241,28.34,91.31,0,2026/8/29 12:15,Batch 2 · 105
1240,28.32,91.36,0,2026/8/29 12:16,Batch 2 · 105
1239,28.34,91.43,0,2026/8/29 12:17,Batch 2 · 105
1239,28.36,91.51,0,2026/8/29 12:18,Batch 2 · 105
1241,28.36,91.51,0,2026/8/29 12:19,Batch 2 · 105
1242,28.41,91.63,0,2026/8/29 12:20,Batch 2 · 105
1242,28.36,91.67,0,2026/8/29 12:21,Batch 2 · 105
1242,28.41,91.75,0,2026/8/29 12:22,Batch 2 · 105
1239,28.45,91.76,0,2026/8/29 12:24,Batch 2 · 105
1242,28.46,91.86,0,2026/8/29 12:25,Batch 2 · 105
1242,28.48,91.85,0,2026/8/29 12:26,Batch 2 · 105
1242,28.49,91.88,0,2026/8/29 12:27,Batch 2 · 105
1243,28.53,91.88,0,2026/8/29 12:28,Batch 2 · 105
1245,28.52,91.92,0,2026/8/29 12:29,Batch 2 · 105
1244,28.52,91.9,0,2026/8/29 12:30,Batch 2 · 105
1246,28.54,91.92,0,2026/8/29 12:31,Batch 2 · 105
1246,28.56,91.89,0,2026/8/29 12:32,Batch 2 · 105
1247,28.56,91.86,0,2026/8/29 12:33,Batch 2 · 105
1248,28.54,91.89,0,2026/8/29 12:34,Batch 2 · 105
1246,28.56,91.85,0,2026/8/29 12:35,Batch 2 · 105
1246,28.54,91.81,0,2026/8/29 12:36,Batch 2 · 105
1248,28.53,91.79,0,2026/8/29 12:37,Batch 2 · 105
1246,28.53,91.73,0,2026/8/29 12:38,Batch 2 · 105
1246,28.53,91.65,0,2026/8/29 12:39,Batch 2 · 105
1249,28.5,91.65,0,2026/8/29 12:40,Batch 2 · 105
1248,28.49,91.65,0,2026/8/29 12:41,Batch 2 · 105
1249,28.49,91.6,0,2026/8/29 12:42,Batch 2 · 105
1248,28.48,91.56,0,2026/8/29 12:43,Batch 2 · 105
1249,28.45,91.56,0,2026/8/29 12:44,Batch 2 · 105
1252,28.45,91.49,0,2026/8/29 12:45,Batch 2 · 105
1251,28.43,91.49,0,2026/8/29 12:46,Batch 2 · 105
1249,28.43,91.52,0,2026/8/29 12:47,Batch 2 · 105
1250,28.41,91.5,0,2026/8/29 12:48,Batch 2 · 105
1252,28.38,91.46,0,2026/8/29 12:49,Batch 2 · 105
1251,28.38,91.47,0,2026/8/29 12:50,Batch 2 · 105
1253,28.35,91.42,0,2026/8/29 12:51,Batch 2 · 105
1252,28.36,91.46,0,2026/8/29 12:52,Batch 2 · 105
1256,28.35,91.46,0,2026/8/29 12:53,Batch 2 · 105
1255,28.35,91.48,0,2026/8/29 12:54,Batch 2 · 105
1253,28.38,91.59,0,2026/8/29 12:55,Batch 2 · 105
1251,28.38,91.64,0,2026/8/29 12:56,Batch 2 · 105
1253,28.38,91.64,0,2026/8/29 12:57,Batch 2 · 105
1255,28.39,91.71,0,2026/8/29 12:58,Batch 2 · 105
1256,28.42,91.77,0,2026/8/29 12:59,Batch 2 · 105
1257,28.43,91.87,0,2026/8/29 13:00,Batch 2 · 105
1255,28.45,91.92,0,2026/8/29 13:01,Batch 2 · 105
1256,28.46,91.89,0,2026/8/29 13:02,Batch 2 · 105
1259,28.5,91.95,0,2026/8/29 13:03,Batch 2 · 105
1258,28.49,91.99,0,2026/8/29 13:04,Batch 2 · 105
1258,28.52,92.02,0,2026/8/29 13:05,Batch 2 · 105
1256,28.53,92.02,0,2026/8/29 13:06,Batch 2 · 105
1256,28.56,92,0,2026/8/29 13:07,Batch 2 · 105
1259,28.59,91.98,0,2026/8/29 13:08,Batch 2 · 105
1261,28.57,92.02,0,2026/8/29 13:09,Batch 2 · 105
1262,28.59,91.98,0,2026/8/29 13:10,Batch 2 · 105
1262,28.6,91.98,0,2026/8/29 13:11,Batch 2 · 105
1263,28.6,91.99,0,2026/8/29 13:13,Batch 2 · 105
1263,28.66,92.01,0,2026/8/29 13:14,Batch 2 · 105
1265,28.66,92.03,0,2026/8/29 13:15,Batch 2 · 105
1265,28.64,92.04,0,2026/8/29 13:16,Batch 2 · 105
1263,28.67,92.07,0,2026/8/29 13:17,Batch 2 · 105
1265,28.7,92.13,0,2026/8/29 13:18,Batch 2 · 105
1267,28.71,92.14,0,2026/8/29 13:19,Batch 2 · 105
1268,28.74,92.13,0,2026/8/29 13:20,Batch 2 · 105
1267,28.74,92.13,0,2026/8/29 13:21,Batch 2 · 105
1267,28.74,92.11,0,2026/8/29 13:22,Batch 2 · 105
1268,28.77,92.1,0,2026/8/29 13:23,Batch 2 · 105
1268,28.8,92.06,0,2026/8/29 13:24,Batch 2 · 105
1268,28.81,92.07,0,2026/8/29 13:25,Batch 2 · 105
1269,28.8,92.07,0,2026/8/29 13:26,Batch 2 · 105
1271,28.8,92.02,0,2026/8/29 13:27,Batch 2 · 105
1271,28.83,91.99,0,2026/8/29 13:28,Batch 2 · 105
1273,28.8,91.95,0,2026/8/29 13:29,Batch 2 · 105
1274,28.78,91.97,0,2026/8/29 13:30,Batch 2 · 105
1273,28.8,91.91,0,2026/8/29 13:31,Batch 2 · 105
1271,28.78,91.87,0,2026/8/29 13:32,Batch 2 · 105
1271,28.8,91.84,0,2026/8/29 13:33,Batch 2 · 105
1274,28.78,91.87,0,2026/8/29 13:34,Batch 2 · 105
1276,28.78,91.82,0,2026/8/29 13:35,Batch 2 · 105
1274,28.78,91.85,0,2026/8/29 13:36,Batch 2 · 105
1276,28.76,91.79,0,2026/8/29 13:37,Batch 2 · 105
1275,28.77,91.76,0,2026/8/29 13:38,Batch 2 · 105
1276,28.77,91.77,0,2026/8/29 13:39,Batch 2 · 105
1274,28.77,91.77,0,2026/8/29 13:40,Batch 2 · 105
1277,28.76,91.78,0,2026/8/29 13:41,Batch 2 · 105
1276,28.76,91.76,0,2026/8/29 13:42,Batch 2 · 105
1276,28.73,91.75,0,2026/8/29 13:43,Batch 2 · 105
1278,28.71,91.77,0,2026/8/29 13:44,Batch 2 · 105
1278,28.73,91.77,0,2026/8/29 13:45,Batch 2 · 105
1276,28.71,91.75,0,2026/8/29 13:46,Batch 2 · 105
1277,28.73,91.69,0,2026/8/29 13:47,Batch 2 · 105
1281,28.71,91.73,0,2026/8/29 13:48,Batch 2 · 105
1281,28.73,91.79,0,2026/8/29 13:49,Batch 2 · 105
1281,28.71,91.73,0,2026/8/29 13:50,Batch 2 · 105
1279,28.7,91.73,0,2026/8/29 13:51,Batch 2 · 105
1282,28.71,91.73,0,2026/8/29 13:52,Batch 2 · 105
1283,28.73,91.77,0,2026/8/29 13:53,Batch 2 · 105
1282,28.73,91.76,0,2026/8/29 13:54,Batch 2 · 105
1280,28.71,91.8,0,2026/8/29 13:55,Batch 2 · 105
1282,28.71,91.77,0,2026/8/29 13:56,Batch 2 · 105
1283,28.69,91.73,0,2026/8/29 13:58,Batch 2 · 105
1282,28.73,91.77,0,2026/8/29 13:59,Batch 2 · 105
1281,28.71,91.75,0,2026/8/29 14:00,Batch 2 · 105
1284,28.71,91.8,0,2026/8/29 14:01,Batch 2 · 105
1282,28.71,91.78,0,2026/8/29 14:02,Batch 2 · 105
1286,28.71,91.78,0,2026/8/29 14:03,Batch 2 · 105
1286,28.71,91.77,0,2026/8/29 14:04,Batch 2 · 105
1285,28.7,91.75,0,2026/8/29 14:05,Batch 2 · 105
1287,28.7,91.77,0,2026/8/29 14:06,Batch 2 · 105
1284,28.7,91.77,0,2026/8/29 14:07,Batch 2 · 105
1285,28.74,91.78,0,2026/8/29 14:08,Batch 2 · 105
1283,28.7,91.79,0,2026/8/29 14:09,Batch 2 · 105
1285,28.74,91.8,0,2026/8/29 14:10,Batch 2 · 105
1287,28.71,91.82,0,2026/8/29 14:11,Batch 2 · 105
1287,28.74,91.85,0,2026/8/29 14:12,Batch 2 · 105
1286,28.77,91.94,0,2026/8/29 14:13,Batch 2 · 105
1288,28.77,91.91,0,2026/8/29 14:14,Batch 2 · 105
1291,28.78,91.9,0,2026/8/29 14:15,Batch 2 · 105
1291,28.78,91.94,0,2026/8/29 14:16,Batch 2 · 105
1290,28.8,91.93,0,2026/8/29 14:17,Batch 2 · 105
1289,28.8,91.96,0,2026/8/29 14:18,Batch 2 · 105
1289,28.8,91.91,0,2026/8/29 14:19,Batch 2 · 105
1290,28.81,91.91,0,2026/8/29 14:20,Batch 2 · 105
1294,28.83,91.88,0,2026/8/29 14:21,Batch 2 · 105
1294,28.81,91.92,0,2026/8/29 14:22,Batch 2 · 105
1293,28.83,91.91,0,2026/8/29 14:23,Batch 2 · 105
1294,28.8,91.85,0,2026/8/29 14:24,Batch 2 · 105
1294,28.83,91.85,0,2026/8/29 14:25,Batch 2 · 105
1294,28.81,91.83,0,2026/8/29 14:26,Batch 2 · 105
1295,28.81,91.82,0,2026/8/29 14:27,Batch 2 · 105
1293,28.81,91.78,0,2026/8/29 14:28,Batch 2 · 105
1294,28.8,91.77,0,2026/8/29 14:29,Batch 2 · 105
1296,28.81,91.78,0,2026/8/29 14:30,Batch 2 · 105
1294,28.81,91.75,0,2026/8/29 14:31,Batch 2 · 105
1295,28.8,91.74,0,2026/8/29 14:32,Batch 2 · 105
1296,28.81,91.76,0,2026/8/29 14:33,Batch 2 · 105
1297,28.8,91.71,0,2026/8/29 14:34,Batch 2 · 105
1298,28.8,91.75,0,2026/8/29 14:35,Batch 2 · 105
1295,28.78,91.69,0,2026/8/29 14:36,Batch 2 · 105
1296,28.77,91.68,0,2026/8/29 14:37,Batch 2 · 105
1297,28.77,91.69,0,2026/8/29 14:38,Batch 2 · 105
1298,28.74,91.66,0,2026/8/29 14:39,Batch 2 · 105
1297,28.77,91.62,0,2026/8/29 14:40,Batch 2 · 105
1294,28.76,91.65,0,2026/8/29 14:42,Batch 2 · 105
1298,28.76,91.66,0,2026/8/29 14:43,Batch 2 · 105
1299,28.73,91.6,0,2026/8/29 14:44,Batch 2 · 105
1300,28.76,91.63,0,2026/8/29 14:45,Batch 2 · 105
1298,28.73,91.66,0,2026/8/29 14:46,Batch 2 · 105
1299,28.71,91.62,0,2026/8/29 14:47,Batch 2 · 105
1300,28.7,91.6,0,2026/8/29 14:48,Batch 2 · 105
1301,28.71,91.58,0,2026/8/29 14:49,Batch 2 · 105
1301,28.7,91.59,0,2026/8/29 14:50,Batch 2 · 105
1301,28.67,91.55,0,2026/8/29 14:51,Batch 2 · 105
1302,28.69,91.57,0,2026/8/29 14:52,Batch 2 · 105
1303,28.66,91.56,0,2026/8/29 14:53,Batch 2 · 105
1305,28.67,91.56,0,2026/8/29 14:54,Batch 2 · 105
1303,28.64,91.53,0,2026/8/29 14:55,Batch 2 · 105
1303,28.64,91.53,0,2026/8/29 14:56,Batch 2 · 105
1301,28.66,91.48,0,2026/8/29 14:57,Batch 2 · 105
1304,28.64,91.52,0,2026/8/29 14:58,Batch 2 · 105
1304,28.64,91.46,0,2026/8/29 14:59,Batch 2 · 105
1304,28.61,91.5,0,2026/8/29 15:00,Batch 2 · 105
1303,28.6,91.5,0,2026/8/29 15:01,Batch 2 · 105
1304,28.63,91.49,0,2026/8/29 15:02,Batch 2 · 105
1302,28.63,91.5,0,2026/8/29 15:03,Batch 2 · 105
1304,28.61,91.48,0,2026/8/29 15:04,Batch 2 · 105
1304,28.61,91.52,0,2026/8/29 15:05,Batch 2 · 105
1305,28.6,91.5,0,2026/8/29 15:06,Batch 2 · 105
1304,28.61,91.49,0,2026/8/29 15:07,Batch 2 · 105
1304,28.6,91.52,0,2026/8/29 15:08,Batch 2 · 105
1307,28.59,91.56,0,2026/8/29 15:09,Batch 2 · 105
1306,28.6,91.54,0,2026/8/29 15:10,Batch 2 · 105
1305,28.61,91.56,0,2026/8/29 15:11,Batch 2 · 105
1308,28.61,91.58,0,2026/8/29 15:12,Batch 2 · 105
1310,28.63,91.6,0,2026/8/29 15:13,Batch 2 · 105
1310,28.63,91.57,0,2026/8/29 15:14,Batch 2 · 105
1307,28.63,91.55,0,2026/8/29 15:15,Batch 2 · 105
1306,28.66,91.59,0,2026/8/29 15:16,Batch 2 · 105
1306,28.61,91.57,0,2026/8/29 15:17,Batch 2 · 105
1308,28.63,91.58,0,2026/8/29 15:18,Batch 2 · 105
952,26.14,79.23,0,2026/8/28 15:18,Batch 2 · 207
981,26.16,81.58,0,2026/8/28 15:19,Batch 2 · 207
987,26.21,83.12,0,2026/8/28 15:20,Batch 2 · 207
986,26.25,84.25,0,2026/8/28 15:21,Batch 2 · 207
988,26.29,85.2,0,2026/8/28 15:22,Batch 2 · 207
983,26.33,85.84,0,2026/8/28 15:23,Batch 2 · 207
982,26.36,86.42,0,2026/8/28 15:24,Batch 2 · 207
983,26.39,86.92,0,2026/8/28 15:25,Batch 2 · 207
982,26.44,87.41,0,2026/8/28 15:26,Batch 2 · 207
981,26.5,87.84,0,2026/8/28 15:27,Batch 2 · 207
980,26.53,88.18,0,2026/8/28 15:28,Batch 2 · 207
980,26.58,88.49,0,2026/8/28 15:29,Batch 2 · 207
981,26.66,88.76,0,2026/8/28 15:30,Batch 2 · 207
982,26.7,89,0,2026/8/28 15:31,Batch 2 · 207
981,26.76,89.23,0,2026/8/28 15:32,Batch 2 · 207
980,26.77,89.37,0,2026/8/28 15:33,Batch 2 · 207
979,26.8,89.56,0,2026/8/28 15:34,Batch 2 · 207
979,26.87,89.7,0,2026/8/28 15:35,Batch 2 · 207
981,26.89,89.83,0,2026/8/28 15:36,Batch 2 · 207
981,26.95,89.9,0,2026/8/28 15:37,Batch 2 · 207
980,26.99,90.01,0,2026/8/28 15:38,Batch 2 · 207
981,27.01,90.04,0,2026/8/28 15:39,Batch 2 · 207
982,27.04,90.12,0,2026/8/28 15:40,Batch 2 · 207
983,27.09,90.2,0,2026/8/28 15:41,Batch 2 · 207
985,27.11,90.23,0,2026/8/28 15:42,Batch 2 · 207
986,27.12,90.28,0,2026/8/28 15:43,Batch 2 · 207
981,27.15,90.36,0,2026/8/28 15:44,Batch 2 · 207
982,27.16,90.4,0,2026/8/28 15:45,Batch 2 · 207
986,27.23,90.44,0,2026/8/28 15:46,Batch 2 · 207
984,27.25,90.45,0,2026/8/28 15:47,Batch 2 · 207
987,27.26,90.52,0,2026/8/28 15:48,Batch 2 · 207
989,27.3,90.55,0,2026/8/28 15:49,Batch 2 · 207
986,27.35,90.59,0,2026/8/28 15:50,Batch 2 · 207
985,27.36,90.64,0,2026/8/28 15:51,Batch 2 · 207
988,27.37,90.64,0,2026/8/28 15:52,Batch 2 · 207
991,27.44,90.67,0,2026/8/28 15:53,Batch 2 · 207
994,27.44,90.66,0,2026/8/28 15:54,Batch 2 · 207
990,27.47,90.67,0,2026/8/28 15:55,Batch 2 · 207
992,27.47,90.65,0,2026/8/28 15:56,Batch 2 · 207
991,27.51,90.7,0,2026/8/28 15:57,Batch 2 · 207
991,27.51,90.72,0,2026/8/28 15:58,Batch 2 · 207
993,27.54,90.69,0,2026/8/28 15:59,Batch 2 · 207
994,27.56,90.68,0,2026/8/28 16:00,Batch 2 · 207
992,27.53,90.75,0,2026/8/28 16:01,Batch 2 · 207
994,27.6,90.69,0,2026/8/28 16:02,Batch 2 · 207
996,27.6,90.71,0,2026/8/28 16:03,Batch 2 · 207
998,27.61,90.73,0,2026/8/28 16:04,Batch 2 · 207
998,27.6,90.73,0,2026/8/28 16:05,Batch 2 · 207
998,27.64,90.75,0,2026/8/28 16:06,Batch 2 · 207
998,27.64,90.73,0,2026/8/28 16:07,Batch 2 · 207
997,27.65,90.75,0,2026/8/28 16:08,Batch 2 · 207
998,27.67,90.76,0,2026/8/28 16:09,Batch 2 · 207
1000,27.68,90.77,0,2026/8/28 16:11,Batch 2 · 207
1000,27.68,90.78,0,2026/8/28 16:12,Batch 2 · 207
1001,27.73,90.82,0,2026/8/28 16:13,Batch 2 · 207
1005,27.73,90.81,0,2026/8/28 16:14,Batch 2 · 207
1004,27.71,90.82,0,2026/8/28 16:15,Batch 2 · 207
1003,27.74,90.83,0,2026/8/28 16:16,Batch 2 · 207
1003,27.77,90.84,0,2026/8/28 16:17,Batch 2 · 207
1003,27.77,90.86,0,2026/8/28 16:18,Batch 2 · 207
1002,27.78,90.86,0,2026/8/28 16:19,Batch 2 · 207
1005,27.78,90.83,0,2026/8/28 16:20,Batch 2 · 207
1007,27.8,90.84,0,2026/8/28 16:21,Batch 2 · 207
1009,27.78,90.81,0,2026/8/28 16:22,Batch 2 · 207
1007,27.8,90.77,0,2026/8/28 16:23,Batch 2 · 207
1007,27.8,90.79,0,2026/8/28 16:24,Batch 2 · 207
1009,27.75,90.7,0,2026/8/28 16:25,Batch 2 · 207
1009,27.74,90.69,0,2026/8/28 16:26,Batch 2 · 207
1011,27.75,90.68,0,2026/8/28 16:27,Batch 2 · 207
1011,27.75,90.66,0,2026/8/28 16:28,Batch 2 · 207
1013,27.77,90.66,0,2026/8/28 16:29,Batch 2 · 207
1015,27.73,90.64,0,2026/8/28 16:30,Batch 2 · 207
1013,27.73,90.63,0,2026/8/28 16:31,Batch 2 · 207
1013,27.71,90.63,0,2026/8/28 16:32,Batch 2 · 207
1014,27.73,90.61,0,2026/8/28 16:33,Batch 2 · 207
1014,27.71,90.64,0,2026/8/28 16:34,Batch 2 · 207
1016,27.71,90.61,0,2026/8/28 16:35,Batch 2 · 207
1015,27.68,90.6,0,2026/8/28 16:36,Batch 2 · 207
1018,27.68,90.58,0,2026/8/28 16:37,Batch 2 · 207
1019,27.68,90.59,0,2026/8/28 16:38,Batch 2 · 207
1019,27.67,90.62,0,2026/8/28 16:39,Batch 2 · 207
1020,27.67,90.59,0,2026/8/28 16:40,Batch 2 · 207
1020,27.67,90.59,0,2026/8/28 16:41,Batch 2 · 207
1020,27.65,90.61,0,2026/8/28 16:42,Batch 2 · 207
1021,27.63,90.61,0,2026/8/28 16:43,Batch 2 · 207
1021,27.64,90.61,0,2026/8/28 16:44,Batch 2 · 207
1021,27.64,90.6,0,2026/8/28 16:45,Batch 2 · 207
1020,27.63,90.63,0,2026/8/28 16:46,Batch 2 · 207
1022,27.64,90.62,0,2026/8/28 16:47,Batch 2 · 207
1027,27.65,90.66,0,2026/8/28 16:48,Batch 2 · 207
1024,27.64,90.65,0,2026/8/28 16:49,Batch 2 · 207
1023,27.64,90.68,0,2026/8/28 16:50,Batch 2 · 207
1024,27.63,90.68,0,2026/8/28 16:51,Batch 2 · 207
1027,27.63,90.69,0,2026/8/28 16:52,Batch 2 · 207
1026,27.63,90.71,0,2026/8/28 16:53,Batch 2 · 207
1026,27.63,90.74,0,2026/8/28 16:54,Batch 2 · 207
1028,27.64,90.73,0,2026/8/28 16:55,Batch 2 · 207
1027,27.65,90.77,0,2026/8/28 16:56,Batch 2 · 207
1029,27.65,90.75,0,2026/8/28 16:57,Batch 2 · 207
1029,27.64,90.78,0,2026/8/28 16:58,Batch 2 · 207
1032,27.64,90.78,0,2026/8/28 16:59,Batch 2 · 207
1031,27.67,90.8,0,2026/8/28 17:00,Batch 2 · 207
1031,27.64,90.81,0,2026/8/28 17:01,Batch 2 · 207
1032,27.64,90.81,0,2026/8/28 17:02,Batch 2 · 207
1033,27.64,90.81,0,2026/8/28 17:03,Batch 2 · 207
1033,27.64,90.8,0,2026/8/28 17:04,Batch 2 · 207
1035,27.65,90.82,0,2026/8/28 17:05,Batch 2 · 207
1036,27.65,90.84,0,2026/8/28 17:06,Batch 2 · 207
1033,27.65,90.84,0,2026/8/28 17:07,Batch 2 · 207
1036,27.65,90.83,0,2026/8/28 17:08,Batch 2 · 207
1037,27.67,90.86,0,2026/8/28 17:09,Batch 2 · 207
1037,27.67,90.89,0,2026/8/28 17:10,Batch 2 · 207
1040,27.67,90.81,0,2026/8/28 17:11,Batch 2 · 207
1039,27.68,90.83,0,2026/8/28 17:12,Batch 2 · 207
1038,27.65,90.79,0,2026/8/28 17:13,Batch 2 · 207
1039,27.65,90.77,0,2026/8/28 17:14,Batch 2 · 207
1040,27.64,90.77,0,2026/8/28 17:15,Batch 2 · 207
1042,27.64,90.7,0,2026/8/28 17:16,Batch 2 · 207
1041,27.63,90.72,0,2026/8/28 17:17,Batch 2 · 207
1041,27.63,90.68,0,2026/8/28 17:18,Batch 2 · 207
1039,27.6,90.66,0,2026/8/28 17:19,Batch 2 · 207
1041,27.58,90.64,0,2026/8/28 17:20,Batch 2 · 207
1043,27.56,90.61,0,2026/8/28 17:21,Batch 2 · 207
1045,27.57,90.58,0,2026/8/28 17:22,Batch 2 · 207
1046,27.53,90.54,0,2026/8/28 17:23,Batch 2 · 207
1046,27.5,90.54,0,2026/8/28 17:24,Batch 2 · 207
1045,27.48,90.56,0,2026/8/28 17:25,Batch 2 · 207
1048,27.48,90.51,0,2026/8/28 17:26,Batch 2 · 207
1047,27.48,90.54,0,2026/8/28 17:27,Batch 2 · 207
1047,27.48,90.6,0,2026/8/28 17:28,Batch 2 · 207
1050,27.46,90.6,0,2026/8/28 17:29,Batch 2 · 207
1051,27.44,90.58,0,2026/8/28 17:30,Batch 2 · 207
1049,27.43,90.64,0,2026/8/28 17:31,Batch 2 · 207
1051,27.44,90.63,0,2026/8/28 17:32,Batch 2 · 207
1051,27.46,90.69,0,2026/8/28 17:33,Batch 2 · 207
1052,27.44,90.73,0,2026/8/28 17:34,Batch 2 · 207
1050,27.46,90.75,0,2026/8/28 17:35,Batch 2 · 207
1052,27.46,90.83,0,2026/8/28 17:36,Batch 2 · 207
1054,27.47,90.84,0,2026/8/28 17:37,Batch 2 · 207
1055,27.46,90.85,0,2026/8/28 17:38,Batch 2 · 207
1057,27.5,90.9,0,2026/8/28 17:39,Batch 2 · 207
1058,27.5,90.94,0,2026/8/28 17:40,Batch 2 · 207
1059,27.51,90.96,0,2026/8/28 17:41,Batch 2 · 207
1059,27.53,91,0,2026/8/28 17:42,Batch 2 · 207
1061,27.56,91.02,0,2026/8/28 17:43,Batch 2 · 207
1060,27.56,91.05,0,2026/8/28 17:44,Batch 2 · 207
1060,27.58,91.07,0,2026/8/28 17:45,Batch 2 · 207
1059,27.6,91.11,0,2026/8/28 17:46,Batch 2 · 207
1060,27.61,91.13,0,2026/8/28 17:47,Batch 2 · 207
1063,27.64,91.13,0,2026/8/28 17:48,Batch 2 · 207
1062,27.63,91.11,0,2026/8/28 17:49,Batch 2 · 207
1061,27.63,91.11,0,2026/8/28 17:50,Batch 2 · 207
1063,27.65,91.14,0,2026/8/28 17:51,Batch 2 · 207
1064,27.64,91.1,0,2026/8/28 17:52,Batch 2 · 207
1061,27.63,91.1,0,2026/8/28 17:53,Batch 2 · 207
1063,27.63,91.06,0,2026/8/28 17:54,Batch 2 · 207
1065,27.67,91.08,0,2026/8/28 17:55,Batch 2 · 207
1068,27.67,91.06,0,2026/8/28 17:56,Batch 2 · 207
1069,27.67,91.05,0,2026/8/28 17:57,Batch 2 · 207
1068,27.68,91.06,0,2026/8/28 17:58,Batch 2 · 207
1068,27.67,91.05,0,2026/8/28 17:59,Batch 2 · 207
1069,27.67,91.03,0,2026/8/28 18:00,Batch 2 · 207
1068,27.67,91.07,0,2026/8/28 18:01,Batch 2 · 207
1070,27.7,91.05,0,2026/8/28 18:02,Batch 2 · 207
1071,27.67,91.05,0,2026/8/28 18:03,Batch 2 · 207
1072,27.7,91.07,0,2026/8/28 18:04,Batch 2 · 207
1074,27.71,91.05,0,2026/8/28 18:05,Batch 2 · 207
1072,27.7,91.06,0,2026/8/28 18:06,Batch 2 · 207
1074,27.73,91.07,0,2026/8/28 18:07,Batch 2 · 207
1073,27.71,91.08,0,2026/8/28 18:08,Batch 2 · 207
1076,27.74,91.08,0,2026/8/28 18:09,Batch 2 · 207
1077,27.74,91.08,0,2026/8/28 18:10,Batch 2 · 207
1077,27.75,91.07,0,2026/8/28 18:11,Batch 2 · 207
1078,27.75,91.06,0,2026/8/28 18:12,Batch 2 · 207
1081,27.73,91.04,0,2026/8/28 18:13,Batch 2 · 207
1082,27.77,91.03,0,2026/8/28 18:14,Batch 2 · 207
1082,27.75,91.06,0,2026/8/28 18:15,Batch 2 · 207
1079,27.75,91.05,0,2026/8/28 18:16,Batch 2 · 207
1080,27.78,91.02,0,2026/8/28 18:17,Batch 2 · 207
1082,27.77,91.01,0,2026/8/28 18:18,Batch 2 · 207
1082,27.77,91.02,0,2026/8/28 18:19,Batch 2 · 207
1084,27.77,91,0,2026/8/28 18:20,Batch 2 · 207
1084,27.74,90.97,0,2026/8/28 18:21,Batch 2 · 207
1083,27.75,90.93,0,2026/8/28 18:22,Batch 2 · 207
1083,27.73,90.91,0,2026/8/28 18:24,Batch 2 · 207
1086,27.73,90.88,0,2026/8/28 18:25,Batch 2 · 207
1085,27.74,90.86,0,2026/8/28 18:26,Batch 2 · 207
1084,27.73,90.81,0,2026/8/28 18:27,Batch 2 · 207
1087,27.68,90.8,0,2026/8/28 18:28,Batch 2 · 207
1091,27.68,90.83,0,2026/8/28 18:29,Batch 2 · 207
1088,27.67,90.8,0,2026/8/28 18:30,Batch 2 · 207
1087,27.65,90.77,0,2026/8/28 18:31,Batch 2 · 207
1089,27.67,90.79,0,2026/8/28 18:32,Batch 2 · 207
1092,27.65,90.8,0,2026/8/28 18:33,Batch 2 · 207
1094,27.67,90.8,0,2026/8/28 18:34,Batch 2 · 207
1091,27.65,90.81,0,2026/8/28 18:35,Batch 2 · 207
1090,27.64,90.83,0,2026/8/28 18:36,Batch 2 · 207
1094,27.63,90.83,0,2026/8/28 18:37,Batch 2 · 207
1094,27.64,90.87,0,2026/8/28 18:38,Batch 2 · 207
1095,27.65,90.93,0,2026/8/28 18:39,Batch 2 · 207
1096,27.64,90.91,0,2026/8/28 18:40,Batch 2 · 207
1095,27.67,90.93,0,2026/8/28 18:41,Batch 2 · 207
1095,27.68,90.99,0,2026/8/28 18:42,Batch 2 · 207
1097,27.7,91.01,0,2026/8/28 18:43,Batch 2 · 207
1098,27.68,90.99,0,2026/8/28 18:44,Batch 2 · 207
1100,27.68,90.99,0,2026/8/28 18:45,Batch 2 · 207
1100,27.7,91.02,0,2026/8/28 18:46,Batch 2 · 207
1102,27.67,91.05,0,2026/8/28 18:47,Batch 2 · 207
1100,27.71,91.03,0,2026/8/28 18:48,Batch 2 · 207
1101,27.7,91.04,0,2026/8/28 18:49,Batch 2 · 207
1103,27.74,91.05,0,2026/8/28 18:50,Batch 2 · 207
1102,27.74,91.11,0,2026/8/28 18:51,Batch 2 · 207
1105,27.74,91.08,0,2026/8/28 18:52,Batch 2 · 207
1106,27.73,91.05,0,2026/8/28 18:53,Batch 2 · 207
1103,27.74,91.04,0,2026/8/28 18:54,Batch 2 · 207
1104,27.74,91.05,0,2026/8/28 18:55,Batch 2 · 207
1106,27.74,91.04,0,2026/8/28 18:56,Batch 2 · 207
1107,27.73,91.03,0,2026/8/28 18:57,Batch 2 · 207
1109,27.74,91.03,0,2026/8/28 18:58,Batch 2 · 207
1111,27.75,91.03,0,2026/8/28 18:59,Batch 2 · 207
1110,27.74,91.01,0,2026/8/28 19:00,Batch 2 · 207
1107,27.71,90.93,0,2026/8/28 19:01,Batch 2 · 207
1109,27.73,90.98,0,2026/8/28 19:02,Batch 2 · 207
1109,27.73,90.94,0,2026/8/28 19:03,Batch 2 · 207
1112,27.7,90.87,0,2026/8/28 19:04,Batch 2 · 207
1113,27.68,90.85,0,2026/8/28 19:05,Batch 2 · 207
1111,27.65,90.83,0,2026/8/28 19:06,Batch 2 · 207
1114,27.67,90.76,0,2026/8/28 19:07,Batch 2 · 207
1114,27.63,90.72,0,2026/8/28 19:08,Batch 2 · 207
1116,27.61,90.71,0,2026/8/28 19:09,Batch 2 · 207
1116,27.6,90.66,0,2026/8/28 19:10,Batch 2 · 207
1116,27.57,90.63,0,2026/8/28 19:11,Batch 2 · 207
1117,27.54,90.58,0,2026/8/28 19:12,Batch 2 · 207
1116,27.53,90.59,0,2026/8/28 19:13,Batch 2 · 207
1118,27.54,90.57,0,2026/8/28 19:14,Batch 2 · 207
1120,27.48,90.48,0,2026/8/28 19:15,Batch 2 · 207
1118,27.48,90.51,0,2026/8/28 19:16,Batch 2 · 207
1120,27.43,90.5,0,2026/8/28 19:17,Batch 2 · 207
1121,27.44,90.53,0,2026/8/28 19:18,Batch 2 · 207
1121,27.46,90.59,0,2026/8/28 19:19,Batch 2 · 207
1123,27.46,90.68,0,2026/8/28 19:20,Batch 2 · 207
1123,27.46,90.68,0,2026/8/28 19:21,Batch 2 · 207
1120,27.46,90.74,0,2026/8/28 19:22,Batch 2 · 207
1122,27.48,90.8,0,2026/8/28 19:23,Batch 2 · 207
1123,27.47,90.8,0,2026/8/28 19:24,Batch 2 · 207
1124,27.48,90.81,0,2026/8/28 19:25,Batch 2 · 207
1125,27.48,90.86,0,2026/8/28 19:26,Batch 2 · 207
1127,27.44,90.86,0,2026/8/28 19:27,Batch 2 · 207
1127,27.47,90.9,0,2026/8/28 19:28,Batch 2 · 207
1128,27.47,90.9,0,2026/8/28 19:29,Batch 2 · 207
1128,27.48,90.93,0,2026/8/28 19:30,Batch 2 · 207
1128,27.5,90.94,0,2026/8/28 19:31,Batch 2 · 207
1131,27.5,90.97,0,2026/8/28 19:32,Batch 2 · 207
1130,27.5,90.97,0,2026/8/28 19:33,Batch 2 · 207
1131,27.5,90.99,0,2026/8/28 19:34,Batch 2 · 207
1129,27.48,91,0,2026/8/28 19:35,Batch 2 · 207
1132,27.53,90.99,0,2026/8/28 19:36,Batch 2 · 207
1131,27.51,90.98,0,2026/8/28 19:37,Batch 2 · 207
1132,27.5,90.97,0,2026/8/28 19:38,Batch 2 · 207
1134,27.51,90.94,0,2026/8/28 19:39,Batch 2 · 207
1134,27.51,90.92,0,2026/8/28 19:40,Batch 2 · 207
1136,27.5,90.93,0,2026/8/28 19:41,Batch 2 · 207
1138,27.5,90.89,0,2026/8/28 19:42,Batch 2 · 207
1137,27.5,90.9,0,2026/8/28 19:43,Batch 2 · 207
1139,27.46,90.88,0,2026/8/28 19:44,Batch 2 · 207
1139,27.48,90.82,0,2026/8/28 19:45,Batch 2 · 207
1139,27.44,90.81,0,2026/8/28 19:46,Batch 2 · 207
1139,27.47,90.82,0,2026/8/28 19:47,Batch 2 · 207
1141,27.44,90.81,0,2026/8/28 19:48,Batch 2 · 207
1142,27.43,90.75,0,2026/8/28 19:49,Batch 2 · 207
1140,27.43,90.75,0,2026/8/28 19:50,Batch 2 · 207
1143,27.44,90.76,0,2026/8/28 19:51,Batch 2 · 207
1142,27.42,90.77,0,2026/8/28 19:52,Batch 2 · 207
1144,27.42,90.77,0,2026/8/28 19:53,Batch 2 · 207
1144,27.43,90.8,0,2026/8/28 19:54,Batch 2 · 207
1145,27.44,90.84,0,2026/8/28 19:55,Batch 2 · 207
1146,27.43,90.87,0,2026/8/28 19:56,Batch 2 · 207
1146,27.44,90.88,0,2026/8/28 19:57,Batch 2 · 207
1145,27.43,90.92,0,2026/8/28 19:58,Batch 2 · 207
1149,27.43,90.94,0,2026/8/28 19:59,Batch 2 · 207
1151,27.47,90.99,0,2026/8/28 20:00,Batch 2 · 207
1151,27.47,90.98,0,2026/8/28 20:01,Batch 2 · 207
1149,27.48,91.02,0,2026/8/28 20:02,Batch 2 · 207
1152,27.48,91.01,0,2026/8/28 20:03,Batch 2 · 207
1151,27.51,91.07,0,2026/8/28 20:04,Batch 2 · 207
1152,27.53,91.06,0,2026/8/28 20:05,Batch 2 · 207
1155,27.51,91.08,0,2026/8/28 20:06,Batch 2 · 207
1155,27.54,91.08,0,2026/8/28 20:07,Batch 2 · 207
1156,27.54,91.12,0,2026/8/28 20:08,Batch 2 · 207
1158,27.56,91.1,0,2026/8/28 20:09,Batch 2 · 207
1158,27.6,91.09,0,2026/8/28 20:10,Batch 2 · 207
1157,27.58,91.11,0,2026/8/28 20:11,Batch 2 · 207
1155,27.58,91.13,0,2026/8/28 20:12,Batch 2 · 207
1157,27.58,91.12,0,2026/8/28 20:13,Batch 2 · 207
1160,27.6,91.13,0,2026/8/28 20:14,Batch 2 · 207
1160,27.63,91.13,0,2026/8/28 20:15,Batch 2 · 207
1159,27.65,91.17,0,2026/8/28 20:16,Batch 2 · 207
1160,27.65,91.16,0,2026/8/28 20:17,Batch 2 · 207
1162,27.65,91.16,0,2026/8/28 20:19,Batch 2 · 207
1163,27.67,91.16,0,2026/8/28 20:20,Batch 2 · 207
1164,27.7,91.2,0,2026/8/28 20:21,Batch 2 · 207
1165,27.71,91.18,0,2026/8/28 20:22,Batch 2 · 207
1165,27.71,91.13,0,2026/8/28 20:23,Batch 2 · 207
1166,27.68,91.12,0,2026/8/28 20:24,Batch 2 · 207
1166,27.7,91.06,0,2026/8/28 20:25,Batch 2 · 207
1167,27.73,91.08,0,2026/8/28 20:26,Batch 2 · 207
1165,27.68,91.05,0,2026/8/28 20:27,Batch 2 · 207
1167,27.7,90.95,0,2026/8/28 20:28,Batch 2 · 207
1170,27.68,90.95,0,2026/8/28 20:29,Batch 2 · 207
1172,27.67,90.93,0,2026/8/28 20:30,Batch 2 · 207
1169,27.65,90.85,0,2026/8/28 20:31,Batch 2 · 207
1172,27.67,90.87,0,2026/8/28 20:32,Batch 2 · 207
1170,27.68,90.86,0,2026/8/28 20:33,Batch 2 · 207
1170,27.68,90.83,0,2026/8/28 20:34,Batch 2 · 207
1173,27.65,90.87,0,2026/8/28 20:35,Batch 2 · 207
1174,27.65,90.82,0,2026/8/28 20:36,Batch 2 · 207
1175,27.64,90.8,0,2026/8/28 20:37,Batch 2 · 207
1174,27.63,90.8,0,2026/8/28 20:38,Batch 2 · 207
1178,27.64,90.75,0,2026/8/28 20:39,Batch 2 · 207
1178,27.61,90.74,0,2026/8/28 20:40,Batch 2 · 207
1178,27.6,90.68,0,2026/8/28 20:41,Batch 2 · 207
1178,27.6,90.67,0,2026/8/28 20:42,Batch 2 · 207
1180,27.57,90.67,0,2026/8/28 20:43,Batch 2 · 207
1180,27.57,90.59,0,2026/8/28 20:44,Batch 2 · 207
1181,27.54,90.61,0,2026/8/28 20:45,Batch 2 · 207
1183,27.51,90.57,0,2026/8/28 20:46,Batch 2 · 207
1181,27.48,90.53,0,2026/8/28 20:47,Batch 2 · 207
1182,27.5,90.57,0,2026/8/28 20:48,Batch 2 · 207
1183,27.48,90.54,0,2026/8/28 20:49,Batch 2 · 207
1186,27.44,90.5,0,2026/8/28 20:50,Batch 2 · 207
1186,27.42,90.47,0,2026/8/28 20:51,Batch 2 · 207
1187,27.42,90.49,0,2026/8/28 20:52,Batch 2 · 207
1190,27.43,90.48,0,2026/8/28 20:53,Batch 2 · 207
1191,27.43,90.52,0,2026/8/28 20:54,Batch 2 · 207
1192,27.42,90.58,0,2026/8/28 20:55,Batch 2 · 207
1195,27.42,90.59,0,2026/8/28 20:56,Batch 2 · 207
1194,27.42,90.64,0,2026/8/28 20:57,Batch 2 · 207
1194,27.43,90.7,0,2026/8/28 20:58,Batch 2 · 207
1196,27.42,90.77,0,2026/8/28 20:59,Batch 2 · 207
1198,27.43,90.77,0,2026/8/28 21:00,Batch 2 · 207
1197,27.43,90.82,0,2026/8/28 21:01,Batch 2 · 207
1196,27.46,90.87,0,2026/8/28 21:02,Batch 2 · 207
1198,27.44,90.9,0,2026/8/28 21:03,Batch 2 · 207
1199,27.48,90.95,0,2026/8/28 21:04,Batch 2 · 207
1200,27.47,90.98,0,2026/8/28 21:05,Batch 2 · 207
1203,27.48,90.97,0,2026/8/28 21:06,Batch 2 · 207
1204,27.5,90.97,0,2026/8/28 21:07,Batch 2 · 207
1204,27.5,91.01,0,2026/8/28 21:08,Batch 2 · 207
1205,27.53,91.04,0,2026/8/28 21:09,Batch 2 · 207
1203,27.53,90.95,0,2026/8/28 21:10,Batch 2 · 207
1203,27.53,90.98,0,2026/8/28 21:11,Batch 2 · 207
1204,27.53,90.97,0,2026/8/28 21:12,Batch 2 · 207
1206,27.54,90.99,0,2026/8/28 21:13,Batch 2 · 207
1206,27.54,90.97,0,2026/8/28 21:14,Batch 2 · 207
1207,27.57,90.98,0,2026/8/28 21:15,Batch 2 · 207
1209,27.56,90.96,0,2026/8/28 21:16,Batch 2 · 207
1209,27.54,90.97,0,2026/8/28 21:17,Batch 2 · 207
1213,27.56,90.94,0,2026/8/28 21:18,Batch 2 · 207
1213,27.56,90.93,0,2026/8/28 21:19,Batch 2 · 207
1215,27.57,90.92,0,2026/8/28 21:20,Batch 2 · 207
1214,27.56,90.88,0,2026/8/28 21:21,Batch 2 · 207
1214,27.58,90.91,0,2026/8/28 21:22,Batch 2 · 207
1216,27.56,90.85,0,2026/8/28 21:23,Batch 2 · 207
1218,27.56,90.85,0,2026/8/28 21:24,Batch 2 · 207
1219,27.54,90.82,0,2026/8/28 21:25,Batch 2 · 207
1219,27.56,90.77,0,2026/8/28 21:26,Batch 2 · 207
1219,27.53,90.73,0,2026/8/28 21:27,Batch 2 · 207
1223,27.51,90.72,0,2026/8/28 21:28,Batch 2 · 207
1220,27.51,90.72,0,2026/8/28 21:29,Batch 2 · 207
1222,27.5,90.7,0,2026/8/28 21:30,Batch 2 · 207
1221,27.51,90.7,0,2026/8/28 21:31,Batch 2 · 207
1222,27.51,90.73,0,2026/8/28 21:32,Batch 2 · 207
1221,27.51,90.73,0,2026/8/28 21:33,Batch 2 · 207
1223,27.51,90.76,0,2026/8/28 21:34,Batch 2 · 207
1225,27.51,90.78,0,2026/8/28 21:35,Batch 2 · 207
1227,27.54,90.77,0,2026/8/28 21:36,Batch 2 · 207
1226,27.5,90.8,0,2026/8/28 21:37,Batch 2 · 207
1231,27.54,90.8,0,2026/8/28 21:38,Batch 2 · 207
1230,27.53,90.79,0,2026/8/28 21:39,Batch 2 · 207
1230,27.56,90.84,0,2026/8/28 21:40,Batch 2 · 207
1232,27.57,90.82,0,2026/8/28 21:41,Batch 2 · 207
1231,27.54,90.83,0,2026/8/28 21:42,Batch 2 · 207
1232,27.53,90.84,0,2026/8/28 21:43,Batch 2 · 207
1235,27.54,90.85,0,2026/8/28 21:44,Batch 2 · 207
1235,27.57,90.84,0,2026/8/28 21:45,Batch 2 · 207
1237,27.58,90.88,0,2026/8/28 21:46,Batch 2 · 207
1239,27.58,90.88,0,2026/8/28 21:47,Batch 2 · 207
1238,27.58,90.88,0,2026/8/28 21:48,Batch 2 · 207
1239,27.57,90.88,0,2026/8/28 21:49,Batch 2 · 207
1240,27.6,90.89,0,2026/8/28 21:50,Batch 2 · 207
1240,27.6,90.87,0,2026/8/28 21:51,Batch 2 · 207
1240,27.57,90.83,0,2026/8/28 21:52,Batch 2 · 207
1243,27.57,90.84,0,2026/8/28 21:53,Batch 2 · 207
1241,27.6,90.85,0,2026/8/28 21:54,Batch 2 · 207
1243,27.6,90.86,0,2026/8/28 21:55,Batch 2 · 207
1243,27.58,90.83,0,2026/8/28 21:56,Batch 2 · 207
1242,27.58,90.83,0,2026/8/28 21:58,Batch 2 · 207
1245,27.6,90.82,0,2026/8/28 21:59,Batch 2 · 207
1245,27.6,90.82,0,2026/8/28 22:00,Batch 2 · 207
1247,27.6,90.78,0,2026/8/28 22:01,Batch 2 · 207
1248,27.6,90.78,0,2026/8/28 22:02,Batch 2 · 207
1248,27.61,90.81,0,2026/8/28 22:03,Batch 2 · 207
1250,27.6,90.77,0,2026/8/28 22:04,Batch 2 · 207
1249,27.61,90.79,0,2026/8/28 22:05,Batch 2 · 207
1250,27.58,90.77,0,2026/8/28 22:06,Batch 2 · 207
1250,27.61,90.78,0,2026/8/28 22:07,Batch 2 · 207
1252,27.58,90.78,0,2026/8/28 22:08,Batch 2 · 207
1253,27.57,90.78,0,2026/8/28 22:09,Batch 2 · 207
1254,27.6,90.79,0,2026/8/28 22:10,Batch 2 · 207
1252,27.6,90.78,0,2026/8/28 22:11,Batch 2 · 207
1254,27.6,90.75,0,2026/8/28 22:12,Batch 2 · 207
1257,27.58,90.75,0,2026/8/28 22:13,Batch 2 · 207
1257,27.6,90.71,0,2026/8/28 22:14,Batch 2 · 207
1256,27.58,90.72,0,2026/8/28 22:15,Batch 2 · 207
1257,27.58,90.71,0,2026/8/28 22:16,Batch 2 · 207
1256,27.58,90.69,0,2026/8/28 22:17,Batch 2 · 207
1262,27.58,90.71,0,2026/8/28 22:18,Batch 2 · 207
1264,27.57,90.67,0,2026/8/28 22:19,Batch 2 · 207
1261,27.56,90.7,0,2026/8/28 22:20,Batch 2 · 207
1261,27.54,90.64,0,2026/8/28 22:21,Batch 2 · 207
1259,27.56,90.66,0,2026/8/28 22:22,Batch 2 · 207
1264,27.53,90.64,0,2026/8/28 22:23,Batch 2 · 207
1266,27.54,90.64,0,2026/8/28 22:24,Batch 2 · 207
1266,27.53,90.57,0,2026/8/28 22:25,Batch 2 · 207
1268,27.53,90.57,0,2026/8/28 22:26,Batch 2 · 207
1268,27.51,90.55,0,2026/8/28 22:27,Batch 2 · 207
1269,27.5,90.55,0,2026/8/28 22:28,Batch 2 · 207
1270,27.47,90.46,0,2026/8/28 22:29,Batch 2 · 207
1270,27.46,90.46,0,2026/8/28 22:30,Batch 2 · 207
1272,27.43,90.44,0,2026/8/28 22:31,Batch 2 · 207
1270,27.42,90.43,0,2026/8/28 22:32,Batch 2 · 207
1272,27.42,90.44,0,2026/8/28 22:33,Batch 2 · 207
1274,27.42,90.41,0,2026/8/28 22:34,Batch 2 · 207
1274,27.39,90.43,0,2026/8/28 22:35,Batch 2 · 207
1273,27.4,90.42,0,2026/8/28 22:36,Batch 2 · 207
1275,27.37,90.45,0,2026/8/28 22:37,Batch 2 · 207
1277,27.36,90.5,0,2026/8/28 22:38,Batch 2 · 207
1280,27.35,90.47,0,2026/8/28 22:39,Batch 2 · 207
1279,27.35,90.47,0,2026/8/28 22:40,Batch 2 · 207
1279,27.33,90.48,0,2026/8/28 22:41,Batch 2 · 207
1280,27.36,90.55,0,2026/8/28 22:42,Batch 2 · 207
1280,27.33,90.54,0,2026/8/28 22:43,Batch 2 · 207
1282,27.32,90.56,0,2026/8/28 22:44,Batch 2 · 207
1284,27.35,90.61,0,2026/8/28 22:45,Batch 2 · 207
1282,27.33,90.65,0,2026/8/28 22:46,Batch 2 · 207
1281,27.35,90.68,0,2026/8/28 22:47,Batch 2 · 207
1283,27.33,90.74,0,2026/8/28 22:48,Batch 2 · 207
1285,27.37,90.8,0,2026/8/28 22:49,Batch 2 · 207
1284,27.36,90.86,0,2026/8/28 22:50,Batch 2 · 207
1286,27.39,90.88,0,2026/8/28 22:51,Batch 2 · 207
1286,27.43,90.93,0,2026/8/28 22:52,Batch 2 · 207
1285,27.43,90.97,0,2026/8/28 22:53,Batch 2 · 207
1288,27.43,91.01,0,2026/8/28 22:54,Batch 2 · 207
1289,27.44,90.99,0,2026/8/28 22:55,Batch 2 · 207
1291,27.47,91,0,2026/8/28 22:56,Batch 2 · 207
1290,27.47,91.05,0,2026/8/28 22:57,Batch 2 · 207
1293,27.5,91.1,0,2026/8/28 22:58,Batch 2 · 207
1294,27.53,91.07,0,2026/8/28 22:59,Batch 2 · 207
1296,27.53,91.11,0,2026/8/28 23:00,Batch 2 · 207
1295,27.56,91.13,0,2026/8/28 23:01,Batch 2 · 207
1298,27.56,91.14,0,2026/8/28 23:02,Batch 2 · 207
1296,27.58,91.14,0,2026/8/28 23:03,Batch 2 · 207
1295,27.61,91.14,0,2026/8/28 23:04,Batch 2 · 207
1299,27.64,91.15,0,2026/8/28 23:05,Batch 2 · 207
1301,27.64,91.17,0,2026/8/28 23:06,Batch 2 · 207
1300,27.65,91.19,0,2026/8/28 23:07,Batch 2 · 207
1303,27.68,91.19,0,2026/8/28 23:08,Batch 2 · 207
1302,27.7,91.19,0,2026/8/28 23:09,Batch 2 · 207
1302,27.71,91.22,0,2026/8/28 23:10,Batch 2 · 207
1304,27.74,91.2,0,2026/8/28 23:11,Batch 2 · 207
1305,27.77,91.21,0,2026/8/28 23:12,Batch 2 · 207
1305,27.78,91.2,0,2026/8/28 23:13,Batch 2 · 207
1306,27.78,91.21,0,2026/8/28 23:14,Batch 2 · 207
1311,27.84,91.19,0,2026/8/28 23:15,Batch 2 · 207
1312,27.81,91.19,0,2026/8/28 23:16,Batch 2 · 207
1308,27.85,91.18,0,2026/8/28 23:17,Batch 2 · 207
1308,27.87,91.2,0,2026/8/28 23:18,Batch 2 · 207
1312,27.91,91.19,0,2026/8/28 23:19,Batch 2 · 207
1316,27.91,91.19,0,2026/8/28 23:20,Batch 2 · 207
1315,27.91,91.19,0,2026/8/28 23:21,Batch 2 · 207
1312,27.97,91.16,0,2026/8/28 23:22,Batch 2 · 207
1312,27.97,91.2,0,2026/8/28 23:23,Batch 2 · 207
1315,27.97,91.15,0,2026/8/28 23:24,Batch 2 · 207
1316,28.01,91.14,0,2026/8/28 23:26,Batch 2 · 207
1314,28.02,91.14,0,2026/8/28 23:27,Batch 2 · 207
1316,28.05,91.15,0,2026/8/28 23:28,Batch 2 · 207
1319,28.08,91.13,0,2026/8/28 23:29,Batch 2 · 207
1320,28.08,91.13,0,2026/8/28 23:30,Batch 2 · 207
1321,28.09,91.12,0,2026/8/28 23:31,Batch 2 · 207
1323,28.13,91.13,0,2026/8/28 23:32,Batch 2 · 207
1322,28.13,91.12,0,2026/8/28 23:33,Batch 2 · 207
1322,28.16,91.1,0,2026/8/28 23:34,Batch 2 · 207
1325,28.19,91.07,0,2026/8/28 23:35,Batch 2 · 207
1326,28.18,91.08,0,2026/8/28 23:36,Batch 2 · 207
1327,28.22,91.1,0,2026/8/28 23:37,Batch 2 · 207
1328,28.2,91.05,0,2026/8/28 23:38,Batch 2 · 207
1330,28.25,91.05,0,2026/8/28 23:39,Batch 2 · 207
1329,28.28,91.05,0,2026/8/28 23:40,Batch 2 · 207
1330,28.26,91.05,0,2026/8/28 23:41,Batch 2 · 207
1332,28.28,91.02,0,2026/8/28 23:42,Batch 2 · 207
1334,28.3,91,0,2026/8/28 23:43,Batch 2 · 207
1334,28.3,90.99,0,2026/8/28 23:44,Batch 2 · 207
1335,28.33,91,0,2026/8/28 23:45,Batch 2 · 207
1337,28.33,90.98,0,2026/8/28 23:46,Batch 2 · 207
1338,28.37,91,0,2026/8/28 23:47,Batch 2 · 207
1340,28.37,90.95,0,2026/8/28 23:48,Batch 2 · 207
1340,28.4,90.95,0,2026/8/28 23:49,Batch 2 · 207
1338,28.42,90.94,0,2026/8/28 23:50,Batch 2 · 207
1341,28.43,90.91,0,2026/8/28 23:51,Batch 2 · 207
1342,28.43,90.91,0,2026/8/28 23:52,Batch 2 · 207
1346,28.44,90.91,0,2026/8/28 23:53,Batch 2 · 207
1345,28.49,90.88,0,2026/8/28 23:54,Batch 2 · 207
1346,28.47,90.89,0,2026/8/28 23:55,Batch 2 · 207
1348,28.5,90.91,0,2026/8/28 23:56,Batch 2 · 207
1352,28.51,90.88,0,2026/8/28 23:57,Batch 2 · 207
1351,28.53,90.87,0,2026/8/28 23:58,Batch 2 · 207
1351,28.53,90.82,0,2026/8/28 23:59,Batch 2 · 207
1353,28.54,90.81,0,2026/8/29 0:00,Batch 2 · 207
1354,28.56,90.82,0,2026/8/29 0:01,Batch 2 · 207
1352,28.57,90.83,0,2026/8/29 0:02,Batch 2 · 207
1350,28.6,90.84,0,2026/8/29 0:03,Batch 2 · 207
1355,28.58,90.76,0,2026/8/29 0:04,Batch 2 · 207
1356,28.6,90.77,0,2026/8/29 0:05,Batch 2 · 207
1358,28.64,90.77,0,2026/8/29 0:06,Batch 2 · 207
1362,28.64,90.78,0,2026/8/29 0:07,Batch 2 · 207
1361,28.65,90.76,0,2026/8/29 0:08,Batch 2 · 207
1362,28.68,90.76,0,2026/8/29 0:09,Batch 2 · 207
1363,28.67,90.72,0,2026/8/29 0:10,Batch 2 · 207
1362,28.65,90.73,0,2026/8/29 0:11,Batch 2 · 207
1365,28.71,90.73,0,2026/8/29 0:12,Batch 2 · 207
1366,28.71,90.69,0,2026/8/29 0:13,Batch 2 · 207
1365,28.72,90.68,0,2026/8/29 0:14,Batch 2 · 207
1367,28.74,90.66,0,2026/8/29 0:15,Batch 2 · 207
1369,28.75,90.7,0,2026/8/29 0:16,Batch 2 · 207
1369,28.74,90.66,0,2026/8/29 0:17,Batch 2 · 207
1367,28.78,90.68,0,2026/8/29 0:18,Batch 2 · 207
1369,28.78,90.65,0,2026/8/29 0:19,Batch 2 · 207
1371,28.81,90.66,0,2026/8/29 0:20,Batch 2 · 207
1374,28.81,90.61,0,2026/8/29 0:21,Batch 2 · 207
1375,28.83,90.64,0,2026/8/29 0:22,Batch 2 · 207
1377,28.83,90.62,0,2026/8/29 0:23,Batch 2 · 207
1376,28.84,90.61,0,2026/8/29 0:24,Batch 2 · 207
1378,28.83,90.59,0,2026/8/29 0:25,Batch 2 · 207
1378,28.87,90.59,0,2026/8/29 0:26,Batch 2 · 207
1380,28.88,90.59,0,2026/8/29 0:27,Batch 2 · 207
1381,28.87,90.56,0,2026/8/29 0:28,Batch 2 · 207
1380,28.89,90.56,0,2026/8/29 0:29,Batch 2 · 207
1383,28.89,90.58,0,2026/8/29 0:30,Batch 2 · 207
1385,28.92,90.56,0,2026/8/29 0:31,Batch 2 · 207
1386,28.91,90.54,0,2026/8/29 0:32,Batch 2 · 207
1387,28.92,90.52,0,2026/8/29 0:33,Batch 2 · 207
1388,28.94,90.56,0,2026/8/29 0:34,Batch 2 · 207
1389,28.95,90.54,0,2026/8/29 0:35,Batch 2 · 207
1391,28.95,90.5,0,2026/8/29 0:36,Batch 2 · 207
1392,28.96,90.53,0,2026/8/29 0:37,Batch 2 · 207
1393,28.96,90.51,0,2026/8/29 0:38,Batch 2 · 207
1393,28.98,90.53,0,2026/8/29 0:39,Batch 2 · 207
1395,28.99,90.49,0,2026/8/29 0:40,Batch 2 · 207
1397,29.01,90.46,0,2026/8/29 0:41,Batch 2 · 207
1395,29.01,90.48,0,2026/8/29 0:42,Batch 2 · 207
1395,29.01,90.47,0,2026/8/29 0:43,Batch 2 · 207
1400,29.04,90.47,0,2026/8/29 0:44,Batch 2 · 207
1400,29.05,90.45,0,2026/8/29 0:46,Batch 2 · 207
1402,29.06,90.46,0,2026/8/29 0:47,Batch 2 · 207
1403,29.06,90.44,0,2026/8/29 0:48,Batch 2 · 207
1402,29.06,90.44,0,2026/8/29 0:49,Batch 2 · 207
1402,29.08,90.42,0,2026/8/29 0:50,Batch 2 · 207
1401,29.11,90.41,0,2026/8/29 0:51,Batch 2 · 207
1400,29.12,90.43,0,2026/8/29 0:52,Batch 2 · 207
1404,29.11,90.4,0,2026/8/29 0:53,Batch 2 · 207
1406,29.13,90.4,0,2026/8/29 0:54,Batch 2 · 207
1406,29.12,90.35,0,2026/8/29 0:55,Batch 2 · 207
1407,29.11,90.4,0,2026/8/29 0:56,Batch 2 · 207
1410,29.12,90.35,0,2026/8/29 0:57,Batch 2 · 207
1409,29.15,90.37,0,2026/8/29 0:58,Batch 2 · 207
1410,29.18,90.37,0,2026/8/29 0:59,Batch 2 · 207
1411,29.18,90.37,0,2026/8/29 1:00,Batch 2 · 207
1412,29.16,90.37,0,2026/8/29 1:01,Batch 2 · 207
1414,29.18,90.35,0,2026/8/29 1:02,Batch 2 · 207
1416,29.18,90.36,0,2026/8/29 1:03,Batch 2 · 207
1420,29.19,90.33,0,2026/8/29 1:04,Batch 2 · 207
1422,29.2,90.34,0,2026/8/29 1:05,Batch 2 · 207
1419,29.2,90.33,0,2026/8/29 1:06,Batch 2 · 207
1420,29.23,90.34,0,2026/8/29 1:07,Batch 2 · 207
1423,29.22,90.31,0,2026/8/29 1:08,Batch 2 · 207
1421,29.23,90.33,0,2026/8/29 1:09,Batch 2 · 207
1423,29.22,90.26,0,2026/8/29 1:10,Batch 2 · 207
1425,29.26,90.28,0,2026/8/29 1:11,Batch 2 · 207
1425,29.26,90.3,0,2026/8/29 1:12,Batch 2 · 207
1424,29.24,90.27,0,2026/8/29 1:13,Batch 2 · 207
1425,29.27,90.29,0,2026/8/29 1:14,Batch 2 · 207
1426,29.27,90.3,0,2026/8/29 1:15,Batch 2 · 207
1426,29.29,90.27,0,2026/8/29 1:16,Batch 2 · 207
1429,29.29,90.25,0,2026/8/29 1:17,Batch 2 · 207
1431,29.27,90.21,0,2026/8/29 1:18,Batch 2 · 207
1432,29.32,90.22,0,2026/8/29 1:19,Batch 2 · 207
1435,29.3,90.23,0,2026/8/29 1:20,Batch 2 · 207
1435,29.33,90.21,0,2026/8/29 1:21,Batch 2 · 207
1434,29.32,90.27,0,2026/8/29 1:22,Batch 2 · 207
1434,29.3,90.23,0,2026/8/29 1:23,Batch 2 · 207
1435,29.33,90.18,0,2026/8/29 1:24,Batch 2 · 207
1435,29.36,90.21,0,2026/8/29 1:25,Batch 2 · 207
1439,29.33,90.21,0,2026/8/29 1:26,Batch 2 · 207
1439,29.34,90.19,0,2026/8/29 1:27,Batch 2 · 207
1438,29.39,90.19,0,2026/8/29 1:28,Batch 2 · 207
1441,29.39,90.2,0,2026/8/29 1:29,Batch 2 · 207
1442,29.4,90.19,0,2026/8/29 1:30,Batch 2 · 207
1442,29.4,90.21,0,2026/8/29 1:31,Batch 2 · 207
1443,29.39,90.19,0,2026/8/29 1:32,Batch 2 · 207
1447,29.39,90.16,0,2026/8/29 1:33,Batch 2 · 207
1444,29.38,90.15,0,2026/8/29 1:34,Batch 2 · 207
1445,29.39,90.16,0,2026/8/29 1:35,Batch 2 · 207
1447,29.42,90.15,0,2026/8/29 1:36,Batch 2 · 207
1450,29.44,90.16,0,2026/8/29 1:37,Batch 2 · 207
1451,29.42,90.15,0,2026/8/29 1:38,Batch 2 · 207
1449,29.43,90.15,0,2026/8/29 1:39,Batch 2 · 207
1445,29.44,90.12,0,2026/8/29 1:40,Batch 2 · 207
1450,29.44,90.12,0,2026/8/29 1:41,Batch 2 · 207
1454,29.46,90.13,0,2026/8/29 1:42,Batch 2 · 207
1455,29.46,90.12,0,2026/8/29 1:43,Batch 2 · 207
1454,29.47,90.15,0,2026/8/29 1:44,Batch 2 · 207
1454,29.44,90.09,0,2026/8/29 1:45,Batch 2 · 207
1458,29.47,90.13,0,2026/8/29 1:46,Batch 2 · 207
1457,29.46,90.13,0,2026/8/29 1:47,Batch 2 · 207
1459,29.47,90.11,0,2026/8/29 1:48,Batch 2 · 207
1462,29.5,90.09,0,2026/8/29 1:49,Batch 2 · 207
1462,29.49,90.12,0,2026/8/29 1:50,Batch 2 · 207
1461,29.51,90.07,0,2026/8/29 1:51,Batch 2 · 207
1462,29.51,90.08,0,2026/8/29 1:52,Batch 2 · 207
1465,29.49,90.05,0,2026/8/29 1:53,Batch 2 · 207
1464,29.51,90.09,0,2026/8/29 1:54,Batch 2 · 207
1467,29.5,90.07,0,2026/8/29 1:55,Batch 2 · 207
1471,29.53,90.08,0,2026/8/29 1:56,Batch 2 · 207
1470,29.54,90.09,0,2026/8/29 1:57,Batch 2 · 207
1470,29.51,90.08,0,2026/8/29 1:58,Batch 2 · 207
1473,29.53,90.05,0,2026/8/29 1:59,Batch 2 · 207
1471,29.56,90.05,0,2026/8/29 2:01,Batch 2 · 207
1472,29.56,90.06,0,2026/8/29 2:02,Batch 2 · 207
1471,29.54,90.04,0,2026/8/29 2:03,Batch 2 · 207
1471,29.56,90.04,0,2026/8/29 2:04,Batch 2 · 207
1476,29.56,90.07,0,2026/8/29 2:05,Batch 2 · 207
1476,29.57,90.05,0,2026/8/29 2:06,Batch 2 · 207
1475,29.58,90.05,0,2026/8/29 2:07,Batch 2 · 207
1479,29.58,90,0,2026/8/29 2:08,Batch 2 · 207
1479,29.58,90.02,0,2026/8/29 2:09,Batch 2 · 207
1479,29.6,90.02,0,2026/8/29 2:10,Batch 2 · 207
1479,29.6,90.01,0,2026/8/29 2:11,Batch 2 · 207
1482,29.57,89.99,0,2026/8/29 2:12,Batch 2 · 207
1483,29.6,90.01,0,2026/8/29 2:13,Batch 2 · 207
1486,29.61,90.01,0,2026/8/29 2:14,Batch 2 · 207
1487,29.61,90.01,0,2026/8/29 2:15,Batch 2 · 207
1486,29.61,90.01,0,2026/8/29 2:16,Batch 2 · 207
1489,29.64,90.01,0,2026/8/29 2:17,Batch 2 · 207
1488,29.64,90,0,2026/8/29 2:18,Batch 2 · 207
1490,29.61,89.97,0,2026/8/29 2:19,Batch 2 · 207
1492,29.63,90,0,2026/8/29 2:20,Batch 2 · 207
1491,29.66,89.96,0,2026/8/29 2:21,Batch 2 · 207
1493,29.64,89.97,0,2026/8/29 2:22,Batch 2 · 207
1492,29.63,89.96,0,2026/8/29 2:23,Batch 2 · 207
1493,29.66,90,0,2026/8/29 2:24,Batch 2 · 207
1493,29.63,89.95,0,2026/8/29 2:25,Batch 2 · 207
1496,29.67,90.01,6,2026/8/29 2:26,Batch 2 · 207
1497,29.66,89.95,6,2026/8/29 2:27,Batch 2 · 207
1499,29.66,89.94,6,2026/8/29 2:28,Batch 2 · 207
1499,29.68,89.94,6,2026/8/29 2:29,Batch 2 · 207
1500,29.68,90,6,2026/8/29 2:30,Batch 2 · 207
1504,29.7,89.97,6,2026/8/29 2:31,Batch 2 · 207
1505,29.7,89.96,6,2026/8/29 2:32,Batch 2 · 207
1504,29.7,89.96,6,2026/8/29 2:33,Batch 2 · 207
1504,29.7,89.94,6,2026/8/29 2:34,Batch 2 · 207
1505,29.73,89.94,6,2026/8/29 2:35,Batch 2 · 207
1508,29.7,89.9,6,2026/8/29 2:36,Batch 2 · 207
1511,29.71,89.91,6,2026/8/29 2:37,Batch 2 · 207
1509,29.71,89.94,6,2026/8/29 2:38,Batch 2 · 207
1510,29.7,89.9,6,2026/8/29 2:39,Batch 2 · 207
1514,29.71,89.9,6,2026/8/29 2:40,Batch 2 · 207
1513,29.74,89.91,6,2026/8/29 2:41,Batch 2 · 207
1513,29.74,89.91,6,2026/8/29 2:42,Batch 2 · 207
1515,29.73,89.89,6,2026/8/29 2:43,Batch 2 · 207
1516,29.75,89.89,6,2026/8/29 2:44,Batch 2 · 207
1515,29.75,89.88,6,2026/8/29 2:45,Batch 2 · 207
1516,29.74,89.87,6,2026/8/29 2:46,Batch 2 · 207
1515,29.75,89.9,6,2026/8/29 2:47,Batch 2 · 207
1516,29.77,89.86,6,2026/8/29 2:48,Batch 2 · 207
1521,29.75,89.88,6,2026/8/29 2:49,Batch 2 · 207
1521,29.77,89.87,6,2026/8/29 2:50,Batch 2 · 207
1519,29.77,89.85,6,2026/8/29 2:51,Batch 2 · 207
1522,29.78,89.88,6,2026/8/29 2:52,Batch 2 · 207
1525,29.77,89.86,6,2026/8/29 2:53,Batch 2 · 207
1524,29.79,89.87,6,2026/8/29 2:54,Batch 2 · 207
1526,29.78,89.83,6,2026/8/29 2:55,Batch 2 · 207
1527,29.81,89.84,6,2026/8/29 2:56,Batch 2 · 207
1528,29.79,89.84,6,2026/8/29 2:57,Batch 2 · 207
1530,29.82,89.84,7,2026/8/29 2:58,Batch 2 · 207
1531,29.82,89.85,7,2026/8/29 2:59,Batch 2 · 207
1534,29.82,89.86,7,2026/8/29 3:00,Batch 2 · 207
1533,29.82,89.87,7,2026/8/29 3:01,Batch 2 · 207
1533,29.81,89.83,7,2026/8/29 3:02,Batch 2 · 207
1531,29.82,89.81,7,2026/8/29 3:03,Batch 2 · 207
1536,29.84,89.83,7,2026/8/29 3:04,Batch 2 · 207
1535,29.82,89.83,7,2026/8/29 3:05,Batch 2 · 207
1536,29.84,89.83,7,2026/8/29 3:06,Batch 2 · 207
1536,29.84,89.8,7,2026/8/29 3:07,Batch 2 · 207
1539,29.85,89.81,7,2026/8/29 3:08,Batch 2 · 207
1540,29.87,89.81,7,2026/8/29 3:09,Batch 2 · 207
1542,29.87,89.81,7,2026/8/29 3:11,Batch 2 · 207
1543,29.88,89.79,7,2026/8/29 3:12,Batch 2 · 207
1542,29.88,89.81,7,2026/8/29 3:13,Batch 2 · 207
1542,29.87,89.79,7,2026/8/29 3:14,Batch 2 · 207
1545,29.88,89.77,7,2026/8/29 3:15,Batch 2 · 207
1546,29.87,89.77,7,2026/8/29 3:16,Batch 2 · 207
1547,29.88,89.76,7,2026/8/29 3:17,Batch 2 · 207
1548,29.88,89.74,7,2026/8/29 3:18,Batch 2 · 207
1548,29.88,89.76,7,2026/8/29 3:19,Batch 2 · 207
1549,29.9,89.75,8,2026/8/29 3:20,Batch 2 · 207
1551,29.91,89.73,8,2026/8/29 3:21,Batch 2 · 207
1554,29.88,89.76,8,2026/8/29 3:22,Batch 2 · 207
1552,29.91,89.76,8,2026/8/29 3:23,Batch 2 · 207
1555,29.91,89.76,8,2026/8/29 3:24,Batch 2 · 207
1557,29.9,89.71,8,2026/8/29 3:25,Batch 2 · 207
1556,29.94,89.71,8,2026/8/29 3:26,Batch 2 · 207
1555,29.91,89.72,8,2026/8/29 3:27,Batch 2 · 207
1553,29.92,89.71,8,2026/8/29 3:28,Batch 2 · 207
1555,29.95,89.71,8,2026/8/29 3:29,Batch 2 · 207
1557,29.92,89.72,8,2026/8/29 3:30,Batch 2 · 207
1555,29.92,89.72,8,2026/8/29 3:31,Batch 2 · 207
1554,29.94,89.69,8,2026/8/29 3:32,Batch 2 · 207
1557,29.95,89.72,8,2026/8/29 3:33,Batch 2 · 207
1560,29.95,89.7,8,2026/8/29 3:34,Batch 2 · 207
1562,29.94,89.67,8,2026/8/29 3:35,Batch 2 · 207
1563,29.97,89.69,8,2026/8/29 3:36,Batch 2 · 207
1564,29.94,89.67,8,2026/8/29 3:37,Batch 2 · 207
1565,29.95,89.67,8,2026/8/29 3:38,Batch 2 · 207
1567,29.99,89.67,8,2026/8/29 3:39,Batch 2 · 207
1565,29.98,89.67,8,2026/8/29 3:40,Batch 2 · 207
1573,29.95,89.66,8,2026/8/29 3:41,Batch 2 · 207
1570,29.99,89.66,8,2026/8/29 3:42,Batch 2 · 207
1568,29.97,89.64,8,2026/8/29 3:43,Batch 2 · 207
1569,29.99,89.67,8,2026/8/29 3:44,Batch 2 · 207
1572,29.99,89.66,8,2026/8/29 3:45,Batch 2 · 207
1571,30.01,89.64,8,2026/8/29 3:46,Batch 2 · 207
1573,30.01,89.63,8,2026/8/29 3:47,Batch 2 · 207
1575,30.02,89.66,8,2026/8/29 3:48,Batch 2 · 207
1576,30.01,89.63,8,2026/8/29 3:49,Batch 2 · 207
1577,30.02,89.63,9,2026/8/29 3:50,Batch 2 · 207
1578,30.02,89.64,9,2026/8/29 3:51,Batch 2 · 207
1579,30.02,89.63,9,2026/8/29 3:52,Batch 2 · 207
1582,30.02,89.62,9,2026/8/29 3:53,Batch 2 · 207
1581,30.05,89.63,9,2026/8/29 3:54,Batch 2 · 207
1581,30.02,89.62,9,2026/8/29 3:55,Batch 2 · 207
1581,30.03,89.57,9,2026/8/29 3:56,Batch 2 · 207
1584,30.01,89.61,9,2026/8/29 3:57,Batch 2 · 207
1584,30.03,89.59,9,2026/8/29 3:58,Batch 2 · 207
1585,30.06,89.62,9,2026/8/29 3:59,Batch 2 · 207
1586,30.02,89.58,9,2026/8/29 4:00,Batch 2 · 207
1587,30.03,89.56,9,2026/8/29 4:01,Batch 2 · 207
1587,30.05,89.56,9,2026/8/29 4:02,Batch 2 · 207
1591,30.05,89.58,9,2026/8/29 4:03,Batch 2 · 207
1590,30.05,89.56,9,2026/8/29 4:04,Batch 2 · 207
1594,30.06,89.56,9,2026/8/29 4:05,Batch 2 · 207
1591,30.08,89.6,9,2026/8/29 4:06,Batch 2 · 207
1592,30.06,89.56,9,2026/8/29 4:07,Batch 2 · 207
1593,30.08,89.57,9,2026/8/29 4:08,Batch 2 · 207
1596,30.06,89.52,9,2026/8/29 4:09,Batch 2 · 207
1595,30.08,89.53,9,2026/8/29 4:10,Batch 2 · 207
1595,30.09,89.54,9,2026/8/29 4:11,Batch 2 · 207
1595,30.06,89.52,9,2026/8/29 4:12,Batch 2 · 207
1597,30.08,89.55,9,2026/8/29 4:13,Batch 2 · 207
1599,30.09,89.52,9,2026/8/29 4:14,Batch 2 · 207
1600,30.08,89.52,9,2026/8/29 4:15,Batch 2 · 207
1598,30.1,89.53,9,2026/8/29 4:17,Batch 2 · 207
1601,30.09,89.52,9,2026/8/29 4:18,Batch 2 · 207
1601,30.09,89.5,9,2026/8/29 4:19,Batch 2 · 207
1605,30.12,89.52,9,2026/8/29 4:20,Batch 2 · 207
1606,30.1,89.5,9,2026/8/29 4:21,Batch 2 · 207
1608,30.1,89.51,9,2026/8/29 4:22,Batch 2 · 207
1609,30.1,89.48,9,2026/8/29 4:23,Batch 2 · 207
1607,30.13,89.52,9,2026/8/29 4:24,Batch 2 · 207
1607,30.1,89.52,9,2026/8/29 4:25,Batch 2 · 207
1611,30.1,89.48,9,2026/8/29 4:26,Batch 2 · 207
1612,30.13,89.5,9,2026/8/29 4:27,Batch 2 · 207
1614,30.12,89.5,9,2026/8/29 4:28,Batch 2 · 207
1617,30.13,89.47,9,2026/8/29 4:29,Batch 2 · 207
1613,30.15,89.47,9,2026/8/29 4:30,Batch 2 · 207
1615,30.12,89.47,9,2026/8/29 4:31,Batch 2 · 207
1619,30.13,89.46,9,2026/8/29 4:32,Batch 2 · 207
1617,30.15,89.46,9,2026/8/29 4:33,Batch 2 · 207
1618,30.13,89.47,9,2026/8/29 4:34,Batch 2 · 207
1619,30.15,89.44,9,2026/8/29 4:35,Batch 2 · 207
1618,30.18,89.46,9,2026/8/29 4:36,Batch 2 · 207
1622,30.12,89.42,9,2026/8/29 4:37,Batch 2 · 207
1622,30.15,89.46,10,2026/8/29 4:38,Batch 2 · 207
1621,30.15,89.42,10,2026/8/29 4:39,Batch 2 · 207
1624,30.18,89.42,10,2026/8/29 4:40,Batch 2 · 207
1625,30.18,89.45,10,2026/8/29 4:41,Batch 2 · 207
1624,30.19,89.43,10,2026/8/29 4:42,Batch 2 · 207
1623,30.19,89.42,10,2026/8/29 4:43,Batch 2 · 207
1624,30.16,89.4,10,2026/8/29 4:44,Batch 2 · 207
1627,30.18,89.42,10,2026/8/29 4:45,Batch 2 · 207
1630,30.19,89.43,10,2026/8/29 4:46,Batch 2 · 207
1631,30.19,89.42,10,2026/8/29 4:47,Batch 2 · 207
1628,30.19,89.4,10,2026/8/29 4:48,Batch 2 · 207
1628,30.2,89.39,10,2026/8/29 4:49,Batch 2 · 207
1632,30.16,89.39,10,2026/8/29 4:50,Batch 2 · 207
1634,30.22,89.39,10,2026/8/29 4:51,Batch 2 · 207
1634,30.19,89.4,10,2026/8/29 4:52,Batch 2 · 207
1634,30.2,89.44,10,2026/8/29 4:53,Batch 2 · 207
1638,30.23,89.4,10,2026/8/29 4:54,Batch 2 · 207
1639,30.19,89.39,10,2026/8/29 4:55,Batch 2 · 207
1641,30.22,89.36,10,2026/8/29 4:56,Batch 2 · 207
1642,30.23,89.38,10,2026/8/29 4:57,Batch 2 · 207
1640,30.2,89.39,10,2026/8/29 4:58,Batch 2 · 207
1644,30.23,89.33,10,2026/8/29 4:59,Batch 2 · 207
1643,30.22,89.37,10,2026/8/29 5:00,Batch 2 · 207
1645,30.25,89.38,10,2026/8/29 5:01,Batch 2 · 207
1645,30.23,89.35,10,2026/8/29 5:02,Batch 2 · 207
1648,30.25,89.38,10,2026/8/29 5:03,Batch 2 · 207
1649,30.23,89.39,10,2026/8/29 5:04,Batch 2 · 207
1648,30.23,89.35,10,2026/8/29 5:05,Batch 2 · 207
1650,30.22,89.36,10,2026/8/29 5:06,Batch 2 · 207
1650,30.23,89.36,10,2026/8/29 5:07,Batch 2 · 207
1651,30.26,89.36,10,2026/8/29 5:08,Batch 2 · 207
1651,30.26,89.36,10,2026/8/29 5:09,Batch 2 · 207
1652,30.26,89.37,10,2026/8/29 5:10,Batch 2 · 207
1653,30.25,89.32,10,2026/8/29 5:11,Batch 2 · 207
1654,30.26,89.34,10,2026/8/29 5:12,Batch 2 · 207
1655,30.26,89.34,10,2026/8/29 5:13,Batch 2 · 207
1656,30.29,89.36,10,2026/8/29 5:14,Batch 2 · 207
1658,30.27,89.31,10,2026/8/29 5:15,Batch 2 · 207
1659,30.27,89.37,10,2026/8/29 5:16,Batch 2 · 207
1656,30.26,89.32,10,2026/8/29 5:17,Batch 2 · 207
1659,30.25,89.3,10,2026/8/29 5:18,Batch 2 · 207
1661,30.27,89.33,10,2026/8/29 5:20,Batch 2 · 207
1666,30.29,89.33,10,2026/8/29 5:21,Batch 2 · 207
1667,30.26,89.31,10,2026/8/29 5:22,Batch 2 · 207
1663,30.3,89.32,10,2026/8/29 5:23,Batch 2 · 207
1665,30.27,89.33,10,2026/8/29 5:24,Batch 2 · 207
1667,30.29,89.31,10,2026/8/29 5:25,Batch 2 · 207
1668,30.29,89.28,10,2026/8/29 5:26,Batch 2 · 207
1667,30.29,89.31,10,2026/8/29 5:27,Batch 2 · 207
1668,30.3,89.3,10,2026/8/29 5:28,Batch 2 · 207
1668,30.32,89.29,10,2026/8/29 5:29,Batch 2 · 207
1669,30.29,89.29,10,2026/8/29 5:30,Batch 2 · 207
1670,30.29,89.29,10,2026/8/29 5:31,Batch 2 · 207
1672,30.29,89.33,10,2026/8/29 5:32,Batch 2 · 207
1672,30.3,89.29,11,2026/8/29 5:33,Batch 2 · 207
1673,30.3,89.3,10,2026/8/29 5:34,Batch 2 · 207
1676,30.3,89.27,11,2026/8/29 5:35,Batch 2 · 207
1677,30.3,89.23,11,2026/8/29 5:36,Batch 2 · 207
1676,30.33,89.26,11,2026/8/29 5:37,Batch 2 · 207
1677,30.3,89.24,11,2026/8/29 5:38,Batch 2 · 207
1677,30.33,89.26,11,2026/8/29 5:39,Batch 2 · 207
1677,30.32,89.24,11,2026/8/29 5:40,Batch 2 · 207
1678,30.33,89.27,11,2026/8/29 5:41,Batch 2 · 207
1681,30.32,89.27,11,2026/8/29 5:42,Batch 2 · 207
1682,30.35,89.25,11,2026/8/29 5:43,Batch 2 · 207
1683,30.33,89.25,11,2026/8/29 5:44,Batch 2 · 207
1685,30.35,89.28,11,2026/8/29 5:45,Batch 2 · 207
1688,30.33,89.26,11,2026/8/29 5:46,Batch 2 · 207
1686,30.32,89.28,11,2026/8/29 5:47,Batch 2 · 207
1689,30.32,89.25,11,2026/8/29 5:48,Batch 2 · 207
1690,30.36,89.27,11,2026/8/29 5:49,Batch 2 · 207
1688,30.32,89.23,11,2026/8/29 5:50,Batch 2 · 207
1688,30.33,89.24,11,2026/8/29 5:51,Batch 2 · 207
1692,30.35,89.23,11,2026/8/29 5:52,Batch 2 · 207
1693,30.35,89.23,11,2026/8/29 5:53,Batch 2 · 207
1694,30.35,89.23,11,2026/8/29 5:54,Batch 2 · 207
1694,30.36,89.23,11,2026/8/29 5:55,Batch 2 · 207
1693,30.36,89.23,11,2026/8/29 5:56,Batch 2 · 207
1694,30.36,89.27,11,2026/8/29 5:57,Batch 2 · 207
1698,30.37,89.2,11,2026/8/29 5:58,Batch 2 · 207
1699,30.36,89.19,11,2026/8/29 5:59,Batch 2 · 207
1700,30.36,89.24,11,2026/8/29 6:00,Batch 2 · 207
1700,30.36,89.23,11,2026/8/29 6:01,Batch 2 · 207
1704,30.37,89.19,11,2026/8/29 6:02,Batch 2 · 207
1702,30.35,89.21,11,2026/8/29 6:03,Batch 2 · 207
1703,30.36,89.22,11,2026/8/29 6:04,Batch 2 · 207
1702,30.36,89.21,11,2026/8/29 6:05,Batch 2 · 207
1706,30.36,89.2,11,2026/8/29 6:06,Batch 2 · 207
1704,30.4,89.2,11,2026/8/29 6:07,Batch 2 · 207
1703,30.37,89.19,11,2026/8/29 6:08,Batch 2 · 207
1706,30.36,89.18,11,2026/8/29 6:09,Batch 2 · 207
1708,30.37,89.18,11,2026/8/29 6:10,Batch 2 · 207
1708,30.4,89.17,11,2026/8/29 6:11,Batch 2 · 207
1708,30.39,89.16,11,2026/8/29 6:12,Batch 2 · 207
1709,30.39,89.2,11,2026/8/29 6:13,Batch 2 · 207
1709,30.39,89.17,11,2026/8/29 6:14,Batch 2 · 207
1711,30.4,89.17,11,2026/8/29 6:15,Batch 2 · 207
1714,30.39,89.17,11,2026/8/29 6:16,Batch 2 · 207
1714,30.4,89.15,11,2026/8/29 6:17,Batch 2 · 207
1715,30.42,89.21,11,2026/8/29 6:19,Batch 2 · 207
1716,30.42,89.19,11,2026/8/29 6:20,Batch 2 · 207
1716,30.4,89.2,11,2026/8/29 6:21,Batch 2 · 207
1718,30.4,89.14,11,2026/8/29 6:22,Batch 2 · 207
1719,30.39,89.15,11,2026/8/29 6:23,Batch 2 · 207
1722,30.39,89.15,11,2026/8/29 6:24,Batch 2 · 207
1721,30.42,89.16,11,2026/8/29 6:25,Batch 2 · 207
1723,30.4,89.19,11,2026/8/29 6:26,Batch 2 · 207
1724,30.4,89.17,11,2026/8/29 6:27,Batch 2 · 207
1724,30.43,89.18,11,2026/8/29 6:28,Batch 2 · 207
1724,30.4,89.15,11,2026/8/29 6:29,Batch 2 · 207
1727,30.43,89.16,11,2026/8/29 6:30,Batch 2 · 207
1728,30.43,89.18,11,2026/8/29 6:31,Batch 2 · 207
1725,30.44,89.17,11,2026/8/29 6:32,Batch 2 · 207
1725,30.44,89.15,11,2026/8/29 6:33,Batch 2 · 207
1730,30.43,89.15,11,2026/8/29 6:34,Batch 2 · 207
1732,30.46,89.18,11,2026/8/29 6:35,Batch 2 · 207
1731,30.44,89.15,11,2026/8/29 6:36,Batch 2 · 207
1732,30.44,89.1,11,2026/8/29 6:37,Batch 2 · 207
1733,30.44,89.15,11,2026/8/29 6:38,Batch 2 · 207
1735,30.46,89.14,11,2026/8/29 6:39,Batch 2 · 207
1736,30.46,89.12,11,2026/8/29 6:40,Batch 2 · 207
1733,30.44,89.13,11,2026/8/29 6:41,Batch 2 · 207
1735,30.47,89.12,11,2026/8/29 6:42,Batch 2 · 207
1736,30.46,89.11,11,2026/8/29 6:43,Batch 2 · 207
1740,30.44,89.09,11,2026/8/29 6:44,Batch 2 · 207
1739,30.46,89.14,11,2026/8/29 6:45,Batch 2 · 207
1740,30.46,89.14,11,2026/8/29 6:46,Batch 2 · 207
1741,30.49,89.09,11,2026/8/29 6:47,Batch 2 · 207
1743,30.47,89.09,11,2026/8/29 6:48,Batch 2 · 207
1744,30.44,89.09,11,2026/8/29 6:49,Batch 2 · 207
1748,30.47,89.1,11,2026/8/29 6:50,Batch 2 · 207
1749,30.47,89.08,11,2026/8/29 6:51,Batch 2 · 207
1748,30.47,89.07,11,2026/8/29 6:52,Batch 2 · 207
1744,30.47,89.06,11,2026/8/29 6:53,Batch 2 · 207
1745,30.49,89.08,11,2026/8/29 6:54,Batch 2 · 207
1750,30.47,89.08,11,2026/8/29 6:55,Batch 2 · 207
1749,30.49,89.09,11,2026/8/29 6:56,Batch 2 · 207
1750,30.47,89.06,11,2026/8/29 6:57,Batch 2 · 207
1750,30.5,89.09,11,2026/8/29 6:58,Batch 2 · 207
1753,30.52,89.09,11,2026/8/29 6:59,Batch 2 · 207
1756,30.49,89.1,11,2026/8/29 7:00,Batch 2 · 207
1755,30.49,89.06,11,2026/8/29 7:01,Batch 2 · 207
1755,30.5,89.09,11,2026/8/29 7:02,Batch 2 · 207
1752,30.49,89.05,11,2026/8/29 7:03,Batch 2 · 207
1755,30.52,89.06,11,2026/8/29 7:04,Batch 2 · 207
1759,30.49,89.06,11,2026/8/29 7:05,Batch 2 · 207
1758,30.5,89.05,11,2026/8/29 7:06,Batch 2 · 207
1759,30.49,89.06,11,2026/8/29 7:07,Batch 2 · 207
1759,30.53,89.06,11,2026/8/29 7:08,Batch 2 · 207
1763,30.52,89.09,11,2026/8/29 7:09,Batch 2 · 207
1763,30.52,89.06,11,2026/8/29 7:10,Batch 2 · 207
1763,30.52,89.07,11,2026/8/29 7:11,Batch 2 · 207
1762,30.53,89.01,11,2026/8/29 7:12,Batch 2 · 207
1764,30.52,89.06,11,2026/8/29 7:13,Batch 2 · 207
1763,30.52,89.02,12,2026/8/29 7:14,Batch 2 · 207
1764,30.53,89.06,11,2026/8/29 7:16,Batch 2 · 207
1766,30.54,89.08,11,2026/8/29 7:17,Batch 2 · 207
1769,30.53,89.06,12,2026/8/29 7:18,Batch 2 · 207
1770,30.54,89.02,12,2026/8/29 7:19,Batch 2 · 207
1768,30.52,89.06,11,2026/8/29 7:20,Batch 2 · 207
1769,30.56,89.06,12,2026/8/29 7:21,Batch 2 · 207
1770,30.56,89.07,12,2026/8/29 7:22,Batch 2 · 207
1772,30.53,89.04,12,2026/8/29 7:23,Batch 2 · 207
1771,30.56,89.04,12,2026/8/29 7:24,Batch 2 · 207
1773,30.56,89.02,12,2026/8/29 7:25,Batch 2 · 207
1776,30.54,89.04,12,2026/8/29 7:26,Batch 2 · 207
1777,30.54,89.04,12,2026/8/29 7:27,Batch 2 · 207
1776,30.56,89.03,12,2026/8/29 7:28,Batch 2 · 207
1777,30.57,89.02,12,2026/8/29 7:29,Batch 2 · 207
1777,30.54,89.03,12,2026/8/29 7:30,Batch 2 · 207
1778,30.57,89,12,2026/8/29 7:31,Batch 2 · 207
1782,30.56,89.02,12,2026/8/29 7:32,Batch 2 · 207
1783,30.57,88.99,12,2026/8/29 7:33,Batch 2 · 207
1784,30.59,89.01,12,2026/8/29 7:34,Batch 2 · 207
1783,30.6,89.01,12,2026/8/29 7:35,Batch 2 · 207
1787,30.57,89.02,12,2026/8/29 7:36,Batch 2 · 207
1785,30.57,88.99,12,2026/8/29 7:37,Batch 2 · 207
1785,30.6,88.98,12,2026/8/29 7:38,Batch 2 · 207
1786,30.57,88.98,12,2026/8/29 7:39,Batch 2 · 207
1786,30.61,88.99,12,2026/8/29 7:40,Batch 2 · 207
1788,30.61,89,12,2026/8/29 7:41,Batch 2 · 207
1790,30.61,88.99,12,2026/8/29 7:42,Batch 2 · 207
1793,30.6,88.99,12,2026/8/29 7:43,Batch 2 · 207
1791,30.59,88.97,12,2026/8/29 7:44,Batch 2 · 207
1792,30.6,89,12,2026/8/29 7:45,Batch 2 · 207
1793,30.6,88.96,12,2026/8/29 7:46,Batch 2 · 207
1793,30.6,88.96,12,2026/8/29 7:47,Batch 2 · 207
1794,30.63,89,12,2026/8/29 7:48,Batch 2 · 207
1797,30.6,88.96,12,2026/8/29 7:49,Batch 2 · 207
1795,30.6,88.94,12,2026/8/29 7:50,Batch 2 · 207
1796,30.61,88.95,12,2026/8/29 7:51,Batch 2 · 207
1799,30.6,88.95,12,2026/8/29 7:52,Batch 2 · 207
1802,30.61,88.98,12,2026/8/29 7:53,Batch 2 · 207
1801,30.6,88.95,12,2026/8/29 7:54,Batch 2 · 207
1802,30.6,88.95,12,2026/8/29 7:55,Batch 2 · 207
1801,30.61,88.96,12,2026/8/29 7:56,Batch 2 · 207
1802,30.63,88.96,12,2026/8/29 7:57,Batch 2 · 207
1805,30.61,88.95,12,2026/8/29 7:58,Batch 2 · 207
1805,30.63,88.97,12,2026/8/29 7:59,Batch 2 · 207
1807,30.63,88.95,12,2026/8/29 8:00,Batch 2 · 207
1805,30.65,88.97,12,2026/8/29 8:01,Batch 2 · 207
1806,30.6,88.93,12,2026/8/29 8:02,Batch 2 · 207
1807,30.63,88.93,12,2026/8/29 8:03,Batch 2 · 207
1808,30.64,88.91,12,2026/8/29 8:04,Batch 2 · 207
1808,30.63,88.9,12,2026/8/29 8:05,Batch 2 · 207
1811,30.64,88.93,12,2026/8/29 8:06,Batch 2 · 207
1813,30.65,88.93,12,2026/8/29 8:07,Batch 2 · 207
1815,30.63,88.92,12,2026/8/29 8:08,Batch 2 · 207
1813,30.67,88.95,12,2026/8/29 8:09,Batch 2 · 207
1815,30.65,88.96,12,2026/8/29 8:10,Batch 2 · 207
1816,30.65,88.93,12,2026/8/29 8:12,Batch 2 · 207
1816,30.65,88.92,12,2026/8/29 8:13,Batch 2 · 207
1819,30.68,88.95,12,2026/8/29 8:14,Batch 2 · 207
1819,30.65,88.92,12,2026/8/29 8:15,Batch 2 · 207
1819,30.67,88.91,12,2026/8/29 8:16,Batch 2 · 207
1820,30.67,88.93,12,2026/8/29 8:17,Batch 2 · 207
1821,30.67,88.93,12,2026/8/29 8:18,Batch 2 · 207
1823,30.65,88.93,12,2026/8/29 8:19,Batch 2 · 207
1824,30.65,88.94,12,2026/8/29 8:20,Batch 2 · 207
1827,30.64,88.92,12,2026/8/29 8:21,Batch 2 · 207
1825,30.65,88.93,12,2026/8/29 8:22,Batch 2 · 207
1826,30.65,88.93,12,2026/8/29 8:23,Batch 2 · 207
1826,30.7,88.9,12,2026/8/29 8:24,Batch 2 · 207
1829,30.67,88.8,12,2026/8/29 8:25,Batch 2 · 207
1828,30.64,88.73,12,2026/8/29 8:26,Batch 2 · 207
1830,30.63,88.65,12,2026/8/29 8:27,Batch 2 · 207
1830,30.61,88.53,12,2026/8/29 8:28,Batch 2 · 207
1830,30.54,88.37,12,2026/8/29 8:29,Batch 2 · 207
1828,30.53,88.24,12,2026/8/29 8:30,Batch 2 · 207
1830,30.47,88.13,12,2026/8/29 8:31,Batch 2 · 207
1832,30.42,87.99,12,2026/8/29 8:32,Batch 2 · 207
1830,30.37,87.89,12,2026/8/29 8:33,Batch 2 · 207
1834,30.35,87.81,12,2026/8/29 8:34,Batch 2 · 207
1834,30.27,87.71,11,2026/8/29 8:35,Batch 2 · 207
1836,30.2,87.67,11,2026/8/29 8:36,Batch 2 · 207
1838,30.15,87.59,11,2026/8/29 8:37,Batch 2 · 207
1840,30.09,87.55,11,2026/8/29 8:38,Batch 2 · 207
1836,30.03,87.57,11,2026/8/29 8:39,Batch 2 · 207
1838,29.99,87.59,11,2026/8/29 8:40,Batch 2 · 207
1839,29.94,87.66,11,2026/8/29 8:41,Batch 2 · 207
1841,29.92,87.68,11,2026/8/29 8:42,Batch 2 · 207
1841,29.88,87.77,10,2026/8/29 8:43,Batch 2 · 207
1841,29.85,87.85,10,2026/8/29 8:44,Batch 2 · 207
1843,29.81,87.89,10,2026/8/29 8:45,Batch 2 · 207
1842,29.79,87.98,10,2026/8/29 8:46,Batch 2 · 207
1842,29.78,88.02,10,2026/8/29 8:47,Batch 2 · 207
1844,29.75,88.02,10,2026/8/29 8:48,Batch 2 · 207
1843,29.74,88.06,10,2026/8/29 8:49,Batch 2 · 207
1844,29.67,88,10,2026/8/29 8:50,Batch 2 · 207
1845,29.63,88,10,2026/8/29 8:51,Batch 2 · 207
1846,29.58,87.96,10,2026/8/29 8:52,Batch 2 · 207
1850,29.56,87.94,9,2026/8/29 8:53,Batch 2 · 207
1848,29.53,87.92,9,2026/8/29 8:54,Batch 2 · 207
1851,29.51,87.95,9,2026/8/29 8:55,Batch 2 · 207
1852,29.47,88.03,9,2026/8/29 8:56,Batch 2 · 207
1850,29.44,88.03,9,2026/8/29 8:57,Batch 2 · 207
1854,29.42,88.16,9,2026/8/29 8:58,Batch 2 · 207
1853,29.42,88.2,9,2026/8/29 8:59,Batch 2 · 207
1853,29.38,88.23,9,2026/8/29 9:00,Batch 2 · 207
1853,29.38,88.26,9,2026/8/29 9:01,Batch 2 · 207
1852,29.33,88.3,9,2026/8/29 9:02,Batch 2 · 207
1853,29.32,88.38,9,2026/8/29 9:03,Batch 2 · 207
1854,29.32,88.38,9,2026/8/29 9:05,Batch 2 · 207
1856,29.29,88.38,9,2026/8/29 9:06,Batch 2 · 207
1857,29.27,88.4,9,2026/8/29 9:07,Batch 2 · 207
1859,29.24,88.46,9,2026/8/29 9:08,Batch 2 · 207
1858,29.23,88.44,8,2026/8/29 9:09,Batch 2 · 207
1858,29.19,88.41,8,2026/8/29 9:10,Batch 2 · 207
1861,29.19,88.42,8,2026/8/29 9:11,Batch 2 · 207
1861,29.15,88.43,8,2026/8/29 9:12,Batch 2 · 207
1860,29.13,88.39,8,2026/8/29 9:13,Batch 2 · 207
1860,29.11,88.35,8,2026/8/29 9:14,Batch 2 · 207
1862,29.09,88.34,8,2026/8/29 9:15,Batch 2 · 207
1862,29.08,88.35,8,2026/8/29 9:16,Batch 2 · 207
1864,29.05,88.3,8,2026/8/29 9:17,Batch 2 · 207
1868,28.99,88.26,8,2026/8/29 9:18,Batch 2 · 207
1867,28.96,88.24,8,2026/8/29 9:19,Batch 2 · 207
1866,28.94,88.23,8,2026/8/29 9:20,Batch 2 · 207
1868,28.91,88.21,8,2026/8/29 9:21,Batch 2 · 207
1867,28.89,88.17,8,2026/8/29 9:22,Batch 2 · 207
1869,28.84,88.17,8,2026/8/29 9:23,Batch 2 · 207
1870,28.83,88.15,7,2026/8/29 9:24,Batch 2 · 207
1869,28.78,88.16,7,2026/8/29 9:25,Batch 2 · 207
1872,28.74,88.15,7,2026/8/29 9:26,Batch 2 · 207
1870,28.7,88.16,7,2026/8/29 9:27,Batch 2 · 207
1868,28.68,88.13,7,2026/8/29 9:28,Batch 2 · 207
1872,28.67,88.15,7,2026/8/29 9:29,Batch 2 · 207
1875,28.62,88.21,7,2026/8/29 9:30,Batch 2 · 207
1874,28.61,88.25,7,2026/8/29 9:31,Batch 2 · 207
1874,28.56,88.28,7,2026/8/29 9:32,Batch 2 · 207
1874,28.57,88.31,7,2026/8/29 9:33,Batch 2 · 207
1877,28.53,88.33,7,2026/8/29 9:34,Batch 2 · 207
1874,28.54,88.42,7,2026/8/29 9:35,Batch 2 · 207
1881,28.5,88.45,7,2026/8/29 9:36,Batch 2 · 207
1882,28.49,88.44,6,2026/8/29 9:37,Batch 2 · 207
1881,28.47,88.5,6,2026/8/29 9:38,Batch 2 · 207
1887,28.44,88.51,6,2026/8/29 9:39,Batch 2 · 207
1885,28.46,88.55,6,2026/8/29 9:40,Batch 2 · 207
1889,28.44,88.55,6,2026/8/29 9:41,Batch 2 · 207
1887,28.43,88.6,6,2026/8/29 9:42,Batch 2 · 207
1884,28.39,88.6,6,2026/8/29 9:43,Batch 2 · 207
1887,28.4,88.6,6,2026/8/29 9:44,Batch 2 · 207
1889,28.39,88.62,6,2026/8/29 9:45,Batch 2 · 207
1890,28.35,88.67,6,2026/8/29 9:46,Batch 2 · 207
1893,28.33,88.64,6,2026/8/29 9:47,Batch 2 · 207
1890,28.32,88.66,6,2026/8/29 9:48,Batch 2 · 207
1887,28.3,88.67,6,2026/8/29 9:49,Batch 2 · 207
1892,28.32,88.68,6,2026/8/29 9:50,Batch 2 · 207
1895,28.29,88.67,6,2026/8/29 9:51,Batch 2 · 207
1895,28.26,88.62,6,2026/8/29 9:52,Batch 2 · 207
1895,28.26,88.65,6,2026/8/29 9:53,Batch 2 · 207
1894,28.23,88.66,6,2026/8/29 9:54,Batch 2 · 207
1896,28.18,88.61,6,2026/8/29 9:55,Batch 2 · 207
1902,28.19,88.63,6,2026/8/29 9:56,Batch 2 · 207
1906,28.16,88.65,6,2026/8/29 9:58,Batch 2 · 207
1905,28.18,88.68,6,2026/8/29 9:59,Batch 2 · 207
1904,28.15,88.65,6,2026/8/29 10:00,Batch 2 · 207
1905,28.15,88.68,6,2026/8/29 10:01,Batch 2 · 207
1905,28.1,88.68,0,2026/8/29 10:02,Batch 2 · 207
1908,28.13,88.73,0,2026/8/29 10:03,Batch 2 · 207
1907,28.09,88.75,0,2026/8/29 10:04,Batch 2 · 207
1911,28.1,88.73,0,2026/8/29 10:05,Batch 2 · 207
1911,28.08,88.72,0,2026/8/29 10:06,Batch 2 · 207
1908,28.08,88.72,0,2026/8/29 10:07,Batch 2 · 207
1907,28.06,88.75,0,2026/8/29 10:08,Batch 2 · 207
1908,28.03,88.75,0,2026/8/29 10:09,Batch 2 · 207
1911,28.01,88.73,0,2026/8/29 10:10,Batch 2 · 207
1912,28.02,88.74,0,2026/8/29 10:11,Batch 2 · 207
1911,27.98,88.7,0,2026/8/29 10:12,Batch 2 · 207
1915,27.98,88.66,0,2026/8/29 10:13,Batch 2 · 207
1917,27.97,88.65,0,2026/8/29 10:14,Batch 2 · 207
1914,27.95,88.64,0,2026/8/29 10:15,Batch 2 · 207
1914,27.94,88.65,0,2026/8/29 10:16,Batch 2 · 207
1915,27.92,88.69,0,2026/8/29 10:17,Batch 2 · 207
1916,27.92,88.68,0,2026/8/29 10:18,Batch 2 · 207
1920,27.9,88.68,0,2026/8/29 10:19,Batch 2 · 207
1920,27.9,88.68,0,2026/8/29 10:20,Batch 2 · 207
1918,27.9,88.66,0,2026/8/29 10:21,Batch 2 · 207
1917,27.85,88.71,0,2026/8/29 10:22,Batch 2 · 207
1918,27.85,88.69,0,2026/8/29 10:23,Batch 2 · 207
1918,27.85,88.71,0,2026/8/29 10:24,Batch 2 · 207
1919,27.82,88.69,0,2026/8/29 10:25,Batch 2 · 207
1928,27.81,88.68,0,2026/8/29 10:26,Batch 2 · 207
1929,27.77,88.65,0,2026/8/29 10:27,Batch 2 · 207
1923,27.8,88.66,0,2026/8/29 10:28,Batch 2 · 207
1928,27.78,88.68,0,2026/8/29 10:29,Batch 2 · 207
1933,27.77,88.69,0,2026/8/29 10:30,Batch 2 · 207
1933,27.74,88.69,0,2026/8/29 10:31,Batch 2 · 207
1931,27.74,88.71,0,2026/8/29 10:32,Batch 2 · 207
1930,27.73,88.71,0,2026/8/29 10:33,Batch 2 · 207
1934,27.71,88.75,0,2026/8/29 10:34,Batch 2 · 207
1935,27.7,88.76,0,2026/8/29 10:35,Batch 2 · 207
1937,27.68,88.76,0,2026/8/29 10:36,Batch 2 · 207
1935,27.7,88.77,0,2026/8/29 10:37,Batch 2 · 207
1935,27.68,88.77,0,2026/8/29 10:38,Batch 2 · 207
1940,27.68,88.82,0,2026/8/29 10:39,Batch 2 · 207
1942,27.65,88.85,0,2026/8/29 10:40,Batch 2 · 207
1941,27.64,88.86,0,2026/8/29 10:41,Batch 2 · 207
1941,27.64,88.86,0,2026/8/29 10:42,Batch 2 · 207
1944,27.65,88.92,0,2026/8/29 10:43,Batch 2 · 207
1947,27.65,88.93,0,2026/8/29 10:44,Batch 2 · 207
1945,27.65,88.93,0,2026/8/29 10:45,Batch 2 · 207
1943,27.63,88.94,0,2026/8/29 10:46,Batch 2 · 207
1947,27.65,88.95,0,2026/8/29 10:48,Batch 2 · 207
1946,27.63,88.95,0,2026/8/29 10:49,Batch 2 · 207
1946,27.63,88.99,0,2026/8/29 10:50,Batch 2 · 207
1948,27.64,88.93,0,2026/8/29 10:51,Batch 2 · 207
1949,27.63,88.97,0,2026/8/29 10:52,Batch 2 · 207
1950,27.61,88.97,0,2026/8/29 10:53,Batch 2 · 207
1949,27.63,88.97,0,2026/8/29 10:54,Batch 2 · 207
1950,27.61,89,0,2026/8/29 10:55,Batch 2 · 207
1955,27.6,89,0,2026/8/29 10:56,Batch 2 · 207
1956,27.61,88.99,0,2026/8/29 10:57,Batch 2 · 207
1954,27.58,88.98,0,2026/8/29 10:58,Batch 2 · 207
1956,27.6,88.97,0,2026/8/29 10:59,Batch 2 · 207
1959,27.56,88.99,0,2026/8/29 11:00,Batch 2 · 207
1958,27.58,88.98,0,2026/8/29 11:01,Batch 2 · 207
1958,27.6,88.97,0,2026/8/29 11:02,Batch 2 · 207
1958,27.58,88.95,0,2026/8/29 11:03,Batch 2 · 207
1960,27.54,88.94,0,2026/8/29 11:04,Batch 2 · 207
1958,27.56,88.92,0,2026/8/29 11:05,Batch 2 · 207
1957,27.57,88.92,0,2026/8/29 11:06,Batch 2 · 207
1963,27.54,88.9,0,2026/8/29 11:07,Batch 2 · 207
1963,27.51,88.86,0,2026/8/29 11:08,Batch 2 · 207
1965,27.53,88.92,0,2026/8/29 11:09,Batch 2 · 207
1970,27.5,88.93,0,2026/8/29 11:10,Batch 2 · 207
1969,27.51,88.98,0,2026/8/29 11:11,Batch 2 · 207
1971,27.53,89.08,0,2026/8/29 11:12,Batch 2 · 207
1966,27.56,89.12,0,2026/8/29 11:13,Batch 2 · 207
1969,27.56,89.22,0,2026/8/29 11:14,Batch 2 · 207
1969,27.58,89.26,0,2026/8/29 11:15,Batch 2 · 207
1973,27.58,89.3,0,2026/8/29 11:16,Batch 2 · 207
1972,27.61,89.31,0,2026/8/29 11:17,Batch 2 · 207
1973,27.6,89.33,0,2026/8/29 11:18,Batch 2 · 207
1970,27.6,89.29,0,2026/8/29 11:19,Batch 2 · 207
1974,27.63,89.32,0,2026/8/29 11:20,Batch 2 · 207
1975,27.63,89.29,0,2026/8/29 11:21,Batch 2 · 207
1976,27.63,89.28,0,2026/8/29 11:22,Batch 2 · 207
1982,27.64,89.24,0,2026/8/29 11:23,Batch 2 · 207
1977,27.64,89.2,0,2026/8/29 11:24,Batch 2 · 207
1978,27.63,89.15,0,2026/8/29 11:25,Batch 2 · 207
1983,27.61,89.11,0,2026/8/29 11:26,Batch 2 · 207
1983,27.6,89.08,0,2026/8/29 11:27,Batch 2 · 207
1984,27.61,89.04,0,2026/8/29 11:28,Batch 2 · 207
1985,27.61,88.98,0,2026/8/29 11:29,Batch 2 · 207
1985,27.58,88.95,0,2026/8/29 11:30,Batch 2 · 207
1985,27.6,88.94,0,2026/8/29 11:31,Batch 2 · 207
1987,27.56,88.91,0,2026/8/29 11:32,Batch 2 · 207
1990,27.56,88.87,0,2026/8/29 11:33,Batch 2 · 207
1993,27.57,88.86,0,2026/8/29 11:34,Batch 2 · 207
1991,27.53,88.83,0,2026/8/29 11:35,Batch 2 · 207
1994,27.56,88.8,0,2026/8/29 11:37,Batch 2 · 207
1989,27.53,88.8,0,2026/8/29 11:38,Batch 2 · 207
1996,27.5,88.8,0,2026/8/29 11:39,Batch 2 · 207
1998,27.48,88.75,0,2026/8/29 11:40,Batch 2 · 207
1999,27.48,88.78,0,2026/8/29 11:41,Batch 2 · 207
1999,27.48,88.78,0,2026/8/29 11:42,Batch 2 · 207
2001,27.51,88.77,0,2026/8/29 11:43,Batch 2 · 207
2002,27.48,88.75,0,2026/8/29 11:44,Batch 2 · 207
2001,27.47,88.78,0,2026/8/29 11:45,Batch 2 · 207
2002,27.47,88.8,0,2026/8/29 11:46,Batch 2 · 207
2002,27.48,88.83,0,2026/8/29 11:47,Batch 2 · 207
1999,27.46,88.84,0,2026/8/29 11:48,Batch 2 · 207
2002,27.46,88.88,0,2026/8/29 11:49,Batch 2 · 207
2006,27.47,88.92,0,2026/8/29 11:50,Batch 2 · 207
2007,27.48,88.95,0,2026/8/29 11:51,Batch 2 · 207
2009,27.5,89,0,2026/8/29 11:52,Batch 2 · 207
2007,27.5,89.02,0,2026/8/29 11:53,Batch 2 · 207
2010,27.5,89.04,0,2026/8/29 11:54,Batch 2 · 207
2015,27.51,89.06,0,2026/8/29 11:55,Batch 2 · 207
2010,27.53,89.05,0,2026/8/29 11:56,Batch 2 · 207
2010,27.54,89.02,0,2026/8/29 11:57,Batch 2 · 207
2010,27.51,89.02,0,2026/8/29 11:58,Batch 2 · 207
2012,27.5,88.98,0,2026/8/29 11:59,Batch 2 · 207
2012,27.51,88.96,0,2026/8/29 12:00,Batch 2 · 207
2011,27.51,88.96,0,2026/8/29 12:01,Batch 2 · 207
2012,27.5,88.91,0,2026/8/29 12:02,Batch 2 · 207
2017,27.46,88.89,0,2026/8/29 12:03,Batch 2 · 207
2021,27.5,88.87,0,2026/8/29 12:04,Batch 2 · 207
2019,27.48,88.83,0,2026/8/29 12:05,Batch 2 · 207
2017,27.48,88.8,0,2026/8/29 12:06,Batch 2 · 207
2018,27.46,88.78,0,2026/8/29 12:07,Batch 2 · 207
2022,27.46,88.75,0,2026/8/29 12:08,Batch 2 · 207
2021,27.43,88.77,0,2026/8/29 12:09,Batch 2 · 207
2026,27.44,88.74,0,2026/8/29 12:10,Batch 2 · 207
2027,27.43,88.73,0,2026/8/29 12:11,Batch 2 · 207
2025,27.42,88.71,0,2026/8/29 12:12,Batch 2 · 207
2027,27.39,88.66,0,2026/8/29 12:13,Batch 2 · 207
2028,27.4,88.7,0,2026/8/29 12:14,Batch 2 · 207
2027,27.4,88.75,0,2026/8/29 12:15,Batch 2 · 207
2030,27.37,88.78,0,2026/8/29 12:16,Batch 2 · 207
2032,27.42,88.84,0,2026/8/29 12:17,Batch 2 · 207
2033,27.39,88.89,0,2026/8/29 12:18,Batch 2 · 207
2036,27.43,88.96,0,2026/8/29 12:19,Batch 2 · 207
2030,27.43,89.02,0,2026/8/29 12:20,Batch 2 · 207
2029,27.44,89.06,0,2026/8/29 12:21,Batch 2 · 207
2034,27.46,89.16,0,2026/8/29 12:22,Batch 2 · 207
2038,27.48,89.17,0,2026/8/29 12:24,Batch 2 · 207
2038,27.5,89.23,0,2026/8/29 12:25,Batch 2 · 207
2039,27.54,89.24,0,2026/8/29 12:26,Batch 2 · 207
2042,27.51,89.19,0,2026/8/29 12:27,Batch 2 · 207
2046,27.56,89.26,0,2026/8/29 12:28,Batch 2 · 207
2044,27.57,89.26,0,2026/8/29 12:29,Batch 2 · 207
2040,27.56,89.23,0,2026/8/29 12:30,Batch 2 · 207
2043,27.57,89.21,0,2026/8/29 12:31,Batch 2 · 207
2040,27.6,89.21,0,2026/8/29 12:32,Batch 2 · 207
2047,27.58,89.16,0,2026/8/29 12:33,Batch 2 · 207
2048,27.6,89.15,0,2026/8/29 12:34,Batch 2 · 207
2048,27.61,89.1,0,2026/8/29 12:35,Batch 2 · 207
2052,27.58,89.03,0,2026/8/29 12:36,Batch 2 · 207
2049,27.58,88.98,0,2026/8/29 12:37,Batch 2 · 207
2050,27.57,88.93,0,2026/8/29 12:38,Batch 2 · 207
2053,27.57,88.91,0,2026/8/29 12:39,Batch 2 · 207
2051,27.56,88.85,0,2026/8/29 12:40,Batch 2 · 207
2048,27.56,88.83,0,2026/8/29 12:41,Batch 2 · 207
2055,27.53,88.77,0,2026/8/29 12:42,Batch 2 · 207
2056,27.53,88.72,0,2026/8/29 12:43,Batch 2 · 207
2056,27.51,88.73,0,2026/8/29 12:44,Batch 2 · 207
2055,27.51,88.69,0,2026/8/29 12:45,Batch 2 · 207
2059,27.5,88.67,0,2026/8/29 12:46,Batch 2 · 207
2063,27.48,88.68,0,2026/8/29 12:47,Batch 2 · 207
2058,27.46,88.67,0,2026/8/29 12:48,Batch 2 · 207
2058,27.48,88.63,0,2026/8/29 12:49,Batch 2 · 207
2064,27.44,88.63,0,2026/8/29 12:50,Batch 2 · 207
2067,27.46,88.62,0,2026/8/29 12:51,Batch 2 · 207
2062,27.43,88.64,0,2026/8/29 12:52,Batch 2 · 207
2062,27.46,88.68,0,2026/8/29 12:53,Batch 2 · 207
2066,27.43,88.7,0,2026/8/29 12:54,Batch 2 · 207
2065,27.43,88.77,0,2026/8/29 12:55,Batch 2 · 207
2070,27.4,88.8,0,2026/8/29 12:56,Batch 2 · 207
2077,27.44,88.87,0,2026/8/29 12:57,Batch 2 · 207
2074,27.47,88.97,0,2026/8/29 12:58,Batch 2 · 207
2073,27.47,89.02,0,2026/8/29 12:59,Batch 2 · 207
2076,27.48,89.08,0,2026/8/29 13:00,Batch 2 · 207
2080,27.5,89.14,0,2026/8/29 13:01,Batch 2 · 207
2077,27.53,89.19,0,2026/8/29 13:02,Batch 2 · 207
2077,27.56,89.23,0,2026/8/29 13:03,Batch 2 · 207
2076,27.57,89.22,0,2026/8/29 13:04,Batch 2 · 207
2077,27.58,89.25,0,2026/8/29 13:05,Batch 2 · 207
2082,27.57,89.22,0,2026/8/29 13:06,Batch 2 · 207
2082,27.58,89.21,0,2026/8/29 13:07,Batch 2 · 207
2080,27.57,89.13,0,2026/8/29 13:08,Batch 2 · 207
2078,27.58,89.14,0,2026/8/29 13:09,Batch 2 · 207
2078,27.63,89.1,0,2026/8/29 13:10,Batch 2 · 207
2082,27.64,89.14,0,2026/8/29 13:11,Batch 2 · 207
2082,27.61,89.14,0,2026/8/29 13:13,Batch 2 · 207
2085,27.65,89.13,0,2026/8/29 13:14,Batch 2 · 207
2089,27.68,89.16,0,2026/8/29 13:15,Batch 2 · 207
2091,27.68,89.19,0,2026/8/29 13:16,Batch 2 · 207
2088,27.68,89.22,0,2026/8/29 13:17,Batch 2 · 207
2089,27.73,89.22,0,2026/8/29 13:18,Batch 2 · 207
2095,27.74,89.22,0,2026/8/29 13:19,Batch 2 · 207
2095,27.77,89.24,0,2026/8/29 13:20,Batch 2 · 207
2093,27.75,89.22,0,2026/8/29 13:21,Batch 2 · 207
2094,27.8,89.19,0,2026/8/29 13:22,Batch 2 · 207
2096,27.8,89.18,0,2026/8/29 13:23,Batch 2 · 207
2096,27.81,89.18,0,2026/8/29 13:24,Batch 2 · 207
2096,27.78,89.14,0,2026/8/29 13:25,Batch 2 · 207
2096,27.81,89.13,0,2026/8/29 13:26,Batch 2 · 207
2098,27.81,89.08,0,2026/8/29 13:27,Batch 2 · 207
2101,27.82,89.05,0,2026/8/29 13:28,Batch 2 · 207
2102,27.82,88.98,0,2026/8/29 13:29,Batch 2 · 207
2105,27.84,88.96,0,2026/8/29 13:30,Batch 2 · 207
2100,27.81,88.92,0,2026/8/29 13:31,Batch 2 · 207
2105,27.82,88.9,0,2026/8/29 13:32,Batch 2 · 207
2106,27.8,88.88,0,2026/8/29 13:33,Batch 2 · 207
2105,27.82,88.9,0,2026/8/29 13:34,Batch 2 · 207
2105,27.81,88.84,0,2026/8/29 13:35,Batch 2 · 207
2106,27.81,88.82,0,2026/8/29 13:36,Batch 2 · 207
2106,27.78,88.81,0,2026/8/29 13:37,Batch 2 · 207
2111,27.8,88.8,0,2026/8/29 13:38,Batch 2 · 207
2111,27.82,88.81,0,2026/8/29 13:39,Batch 2 · 207
2109,27.78,88.75,0,2026/8/29 13:40,Batch 2 · 207
2108,27.78,88.73,0,2026/8/29 13:41,Batch 2 · 207
2110,27.78,88.76,0,2026/8/29 13:42,Batch 2 · 207
2115,27.77,88.76,0,2026/8/29 13:43,Batch 2 · 207
2116,27.77,88.77,0,2026/8/29 13:44,Batch 2 · 207
2118,27.77,88.75,0,2026/8/29 13:45,Batch 2 · 207
2118,27.77,88.74,0,2026/8/29 13:46,Batch 2 · 207
2119,27.77,88.76,0,2026/8/29 13:47,Batch 2 · 207
2117,27.75,88.76,0,2026/8/29 13:48,Batch 2 · 207
2117,27.77,88.79,0,2026/8/29 13:49,Batch 2 · 207
2119,27.77,88.77,0,2026/8/29 13:50,Batch 2 · 207
2119,27.75,88.78,0,2026/8/29 13:51,Batch 2 · 207
2123,27.75,88.8,0,2026/8/29 13:52,Batch 2 · 207
2122,27.75,88.75,0,2026/8/29 13:53,Batch 2 · 207
2121,27.77,88.77,0,2026/8/29 13:54,Batch 2 · 207
2124,27.75,88.79,0,2026/8/29 13:55,Batch 2 · 207
2127,27.75,88.8,0,2026/8/29 13:56,Batch 2 · 207
2132,27.74,88.78,0,2026/8/29 13:58,Batch 2 · 207
2129,27.77,88.82,0,2026/8/29 13:59,Batch 2 · 207
2124,27.77,88.8,0,2026/8/29 14:00,Batch 2 · 207
2126,27.77,88.82,0,2026/8/29 14:01,Batch 2 · 207
2132,27.8,88.83,0,2026/8/29 14:02,Batch 2 · 207
2132,27.75,88.83,0,2026/8/29 14:03,Batch 2 · 207
2130,27.74,88.83,0,2026/8/29 14:04,Batch 2 · 207
2131,27.75,88.81,0,2026/8/29 14:05,Batch 2 · 207
2136,27.74,88.83,0,2026/8/29 14:06,Batch 2 · 207
2133,27.75,88.82,0,2026/8/29 14:07,Batch 2 · 207
2134,27.77,88.81,0,2026/8/29 14:08,Batch 2 · 207
2139,27.77,88.86,0,2026/8/29 14:09,Batch 2 · 207
2138,27.77,88.86,0,2026/8/29 14:10,Batch 2 · 207
2139,27.78,88.88,0,2026/8/29 14:11,Batch 2 · 207
2140,27.8,88.91,0,2026/8/29 14:12,Batch 2 · 207
2141,27.78,88.89,0,2026/8/29 14:13,Batch 2 · 207
2141,27.78,88.9,0,2026/8/29 14:14,Batch 2 · 207
2137,27.81,88.92,0,2026/8/29 14:15,Batch 2 · 207
2139,27.84,88.88,0,2026/8/29 14:16,Batch 2 · 207
2140,27.8,88.88,0,2026/8/29 14:17,Batch 2 · 207
2142,27.82,88.85,0,2026/8/29 14:18,Batch 2 · 207
2144,27.81,88.83,0,2026/8/29 14:19,Batch 2 · 207
2146,27.82,88.83,0,2026/8/29 14:20,Batch 2 · 207
2144,27.82,88.79,0,2026/8/29 14:21,Batch 2 · 207
2142,27.82,88.77,0,2026/8/29 14:22,Batch 2 · 207
2147,27.81,88.76,0,2026/8/29 14:23,Batch 2 · 207
2146,27.84,88.79,0,2026/8/29 14:24,Batch 2 · 207
2149,27.84,88.75,0,2026/8/29 14:25,Batch 2 · 207
2148,27.84,88.72,0,2026/8/29 14:26,Batch 2 · 207
2148,27.81,88.75,0,2026/8/29 14:27,Batch 2 · 207
2150,27.81,88.71,0,2026/8/29 14:28,Batch 2 · 207
2151,27.82,88.71,0,2026/8/29 14:29,Batch 2 · 207
2155,27.82,88.71,0,2026/8/29 14:30,Batch 2 · 207
2153,27.81,88.69,0,2026/8/29 14:31,Batch 2 · 207
2155,27.81,88.69,0,2026/8/29 14:32,Batch 2 · 207
2151,27.8,88.7,0,2026/8/29 14:33,Batch 2 · 207
2154,27.81,88.71,0,2026/8/29 14:34,Batch 2 · 207
2161,27.8,88.68,0,2026/8/29 14:35,Batch 2 · 207
2158,27.77,88.68,0,2026/8/29 14:36,Batch 2 · 207
2159,27.78,88.68,0,2026/8/29 14:37,Batch 2 · 207
2158,27.78,88.67,0,2026/8/29 14:38,Batch 2 · 207
2158,27.77,88.68,0,2026/8/29 14:39,Batch 2 · 207
2160,27.8,88.68,0,2026/8/29 14:40,Batch 2 · 207
2161,27.77,88.65,0,2026/8/29 14:42,Batch 2 · 207
2164,27.77,88.64,0,2026/8/29 14:43,Batch 2 · 207
2162,27.77,88.67,0,2026/8/29 14:44,Batch 2 · 207
2162,27.77,88.66,0,2026/8/29 14:45,Batch 2 · 207
2161,27.77,88.66,0,2026/8/29 14:46,Batch 2 · 207
2165,27.74,88.67,0,2026/8/29 14:47,Batch 2 · 207
2168,27.75,88.69,0,2026/8/29 14:48,Batch 2 · 207
2171,27.74,88.66,0,2026/8/29 14:49,Batch 2 · 207
2171,27.73,88.65,0,2026/8/29 14:50,Batch 2 · 207
2176,27.75,88.66,0,2026/8/29 14:51,Batch 2 · 207
2173,27.73,88.62,0,2026/8/29 14:52,Batch 2 · 207
2171,27.71,88.59,0,2026/8/29 14:53,Batch 2 · 207
2174,27.7,88.6,0,2026/8/29 14:54,Batch 2 · 207
2175,27.71,88.65,0,2026/8/29 14:55,Batch 2 · 207
2173,27.71,88.62,0,2026/8/29 14:56,Batch 2 · 207
2175,27.73,88.61,0,2026/8/29 14:57,Batch 2 · 207
2178,27.71,88.61,0,2026/8/29 14:58,Batch 2 · 207
2174,27.68,88.62,0,2026/8/29 14:59,Batch 2 · 207
2173,27.71,88.66,0,2026/8/29 15:00,Batch 2 · 207
2179,27.67,88.65,0,2026/8/29 15:01,Batch 2 · 207
2186,27.67,88.65,0,2026/8/29 15:02,Batch 2 · 207
2180,27.65,88.67,0,2026/8/29 15:03,Batch 2 · 207
2182,27.65,88.67,0,2026/8/29 15:04,Batch 2 · 207
2185,27.67,88.69,0,2026/8/29 15:05,Batch 2 · 207
2186,27.64,88.73,0,2026/8/29 15:06,Batch 2 · 207
2186,27.65,88.69,0,2026/8/29 15:07,Batch 2 · 207
2187,27.65,88.72,0,2026/8/29 15:08,Batch 2 · 207
2188,27.64,88.72,0,2026/8/29 15:09,Batch 2 · 207
2191,27.65,88.75,0,2026/8/29 15:10,Batch 2 · 207
2193,27.67,88.74,0,2026/8/29 15:11,Batch 2 · 207
2189,27.65,88.76,0,2026/8/29 15:12,Batch 2 · 207
2194,27.65,88.73,0,2026/8/29 15:13,Batch 2 · 207
2194,27.65,88.76,0,2026/8/29 15:14,Batch 2 · 207
2195,27.67,88.77,0,2026/8/29 15:15,Batch 2 · 207
2194,27.67,88.77,0,2026/8/29 15:16,Batch 2 · 207
2192,27.68,88.77,0,2026/8/29 15:17,Batch 2 · 207
2196,27.67,88.78,0,2026/8/29 15:18,Batch 2 · 207
805,26.16,77.87,0,2026/8/28 15:18,Batch 2 · 324
815,26.23,80.56,0,2026/8/28 15:19,Batch 2 · 324
817,26.29,82.45,0,2026/8/28 15:20,Batch 2 · 324
822,26.33,83.38,0,2026/8/28 15:21,Batch 2 · 324
824,26.41,84.5,0,2026/8/28 15:22,Batch 2 · 324
825,26.47,85.45,0,2026/8/28 15:23,Batch 2 · 324
824,26.52,86.15,0,2026/8/28 15:24,Batch 2 · 324
823,26.57,86.65,0,2026/8/28 15:25,Batch 2 · 324
825,26.62,87.09,0,2026/8/28 15:26,Batch 2 · 324
826,26.65,87.44,0,2026/8/28 15:27,Batch 2 · 324
828,26.69,87.77,0,2026/8/28 15:28,Batch 2 · 324
827,26.74,88.02,0,2026/8/28 15:29,Batch 2 · 324
829,26.78,88.24,0,2026/8/28 15:30,Batch 2 · 324
829,26.79,88.44,0,2026/8/28 15:31,Batch 2 · 324
830,26.85,88.64,0,2026/8/28 15:32,Batch 2 · 324
832,26.88,88.75,0,2026/8/28 15:33,Batch 2 · 324
833,26.93,88.93,0,2026/8/28 15:34,Batch 2 · 324
834,26.96,89.05,0,2026/8/28 15:35,Batch 2 · 324
835,27,89.17,0,2026/8/28 15:36,Batch 2 · 324
835,27.06,89.24,0,2026/8/28 15:37,Batch 2 · 324
837,27.06,89.32,0,2026/8/28 15:38,Batch 2 · 324
839,27.11,89.36,0,2026/8/28 15:39,Batch 2 · 324
839,27.16,89.44,0,2026/8/28 15:40,Batch 2 · 324
840,27.17,89.48,0,2026/8/28 15:41,Batch 2 · 324
843,27.2,89.56,0,2026/8/28 15:42,Batch 2 · 324
843,27.24,89.56,0,2026/8/28 15:43,Batch 2 · 324
843,27.28,89.6,0,2026/8/28 15:44,Batch 2 · 324
845,27.33,89.66,0,2026/8/28 15:45,Batch 2 · 324
846,27.35,89.67,0,2026/8/28 15:46,Batch 2 · 324
848,27.38,89.73,0,2026/8/28 15:47,Batch 2 · 324
848,27.41,89.75,0,2026/8/28 15:48,Batch 2 · 324
850,27.42,89.79,0,2026/8/28 15:49,Batch 2 · 324
851,27.5,89.85,0,2026/8/28 15:50,Batch 2 · 324
853,27.5,89.88,0,2026/8/28 15:51,Batch 2 · 324
853,27.55,89.87,0,2026/8/28 15:52,Batch 2 · 324
855,27.56,89.88,0,2026/8/28 15:53,Batch 2 · 324
855,27.62,89.91,0,2026/8/28 15:54,Batch 2 · 324
857,27.62,89.9,0,2026/8/28 15:55,Batch 2 · 324
860,27.66,89.91,0,2026/8/28 15:56,Batch 2 · 324
860,27.68,89.96,0,2026/8/28 15:57,Batch 2 · 324
861,27.7,89.94,0,2026/8/28 15:58,Batch 2 · 324
862,27.74,89.96,0,2026/8/28 15:59,Batch 2 · 324
864,27.76,89.95,0,2026/8/28 16:00,Batch 2 · 324
865,27.76,89.95,0,2026/8/28 16:01,Batch 2 · 324
866,27.79,89.96,0,2026/8/28 16:02,Batch 2 · 324
867,27.79,89.97,0,2026/8/28 16:03,Batch 2 · 324
868,27.85,89.98,0,2026/8/28 16:04,Batch 2 · 324
870,27.86,90.01,0,2026/8/28 16:05,Batch 2 · 324
872,27.86,90,0,2026/8/28 16:06,Batch 2 · 324
870,27.92,90.01,0,2026/8/28 16:07,Batch 2 · 324
871,27.9,90.02,0,2026/8/28 16:08,Batch 2 · 324
873,27.93,90,0,2026/8/28 16:09,Batch 2 · 324
876,27.99,90.03,0,2026/8/28 16:11,Batch 2 · 324
878,27.97,90.01,0,2026/8/28 16:12,Batch 2 · 324
879,27.97,90.05,0,2026/8/28 16:13,Batch 2 · 324
882,28.01,90.07,0,2026/8/28 16:14,Batch 2 · 324
881,28.04,90.08,0,2026/8/28 16:15,Batch 2 · 324
881,28.1,90.09,0,2026/8/28 16:16,Batch 2 · 324
886,28.08,90.08,0,2026/8/28 16:17,Batch 2 · 324
886,28.1,90.08,0,2026/8/28 16:18,Batch 2 · 324
887,28.11,90.06,0,2026/8/28 16:19,Batch 2 · 324
888,28.11,90.05,0,2026/8/28 16:20,Batch 2 · 324
888,28.14,90.05,0,2026/8/28 16:21,Batch 2 · 324
892,28.13,90.07,0,2026/8/28 16:22,Batch 2 · 324
893,28.17,90.06,0,2026/8/28 16:23,Batch 2 · 324
895,28.17,90.02,0,2026/8/28 16:24,Batch 2 · 324
896,28.16,89.97,0,2026/8/28 16:25,Batch 2 · 324
898,28.17,89.99,0,2026/8/28 16:26,Batch 2 · 324
901,28.17,89.96,0,2026/8/28 16:27,Batch 2 · 324
900,28.17,89.97,0,2026/8/28 16:28,Batch 2 · 324
900,28.17,89.99,0,2026/8/28 16:29,Batch 2 · 324
900,28.18,89.96,0,2026/8/28 16:30,Batch 2 · 324
901,28.17,89.9,0,2026/8/28 16:31,Batch 2 · 324
903,28.18,89.91,0,2026/8/28 16:32,Batch 2 · 324
906,28.18,89.95,0,2026/8/28 16:33,Batch 2 · 324
904,28.18,89.95,0,2026/8/28 16:34,Batch 2 · 324
909,28.2,89.94,0,2026/8/28 16:35,Batch 2 · 324
912,28.2,89.97,0,2026/8/28 16:36,Batch 2 · 324
913,28.18,89.92,0,2026/8/28 16:37,Batch 2 · 324
913,28.18,89.96,0,2026/8/28 16:38,Batch 2 · 324
917,28.17,89.92,0,2026/8/28 16:39,Batch 2 · 324
916,28.17,89.91,0,2026/8/28 16:40,Batch 2 · 324
916,28.18,89.9,0,2026/8/28 16:41,Batch 2 · 324
921,28.18,89.92,0,2026/8/28 16:42,Batch 2 · 324
925,28.18,89.96,0,2026/8/28 16:43,Batch 2 · 324
924,28.18,89.95,0,2026/8/28 16:44,Batch 2 · 324
925,28.18,89.96,0,2026/8/28 16:45,Batch 2 · 324
928,28.2,89.95,0,2026/8/28 16:46,Batch 2 · 324
931,28.2,89.96,0,2026/8/28 16:47,Batch 2 · 324
927,28.18,89.96,0,2026/8/28 16:48,Batch 2 · 324
930,28.18,90,0,2026/8/28 16:49,Batch 2 · 324
933,28.2,89.99,0,2026/8/28 16:50,Batch 2 · 324
935,28.21,89.99,0,2026/8/28 16:51,Batch 2 · 324
937,28.2,90,0,2026/8/28 16:52,Batch 2 · 324
940,28.2,90,0,2026/8/28 16:53,Batch 2 · 324
942,28.21,90.03,0,2026/8/28 16:54,Batch 2 · 324
944,28.22,90.05,0,2026/8/28 16:55,Batch 2 · 324
944,28.21,90.01,0,2026/8/28 16:56,Batch 2 · 324
947,28.24,90.03,0,2026/8/28 16:57,Batch 2 · 324
948,28.25,90.08,0,2026/8/28 16:58,Batch 2 · 324
953,28.21,90.05,0,2026/8/28 16:59,Batch 2 · 324
952,28.25,90.06,0,2026/8/28 17:00,Batch 2 · 324
953,28.22,90.07,0,2026/8/28 17:01,Batch 2 · 324
956,28.25,90.11,0,2026/8/28 17:02,Batch 2 · 324
957,28.25,90.09,0,2026/8/28 17:03,Batch 2 · 324
957,28.27,90.07,0,2026/8/28 17:04,Batch 2 · 324
963,28.25,90.06,0,2026/8/28 17:05,Batch 2 · 324
964,28.28,90.11,0,2026/8/28 17:06,Batch 2 · 324
966,28.27,90.13,0,2026/8/28 17:07,Batch 2 · 324
967,28.28,90.12,0,2026/8/28 17:08,Batch 2 · 324
968,28.28,90.11,0,2026/8/28 17:09,Batch 2 · 324
969,28.27,90.12,0,2026/8/28 17:10,Batch 2 · 324
970,28.28,90.12,0,2026/8/28 17:11,Batch 2 · 324
974,28.28,90.14,0,2026/8/28 17:12,Batch 2 · 324
976,28.27,90.06,0,2026/8/28 17:13,Batch 2 · 324
976,28.27,90.13,0,2026/8/28 17:14,Batch 2 · 324
978,28.27,90.08,0,2026/8/28 17:15,Batch 2 · 324
978,28.27,90.06,0,2026/8/28 17:16,Batch 2 · 324
981,28.25,90.04,0,2026/8/28 17:17,Batch 2 · 324
985,28.25,90.04,0,2026/8/28 17:18,Batch 2 · 324
985,28.22,90.02,0,2026/8/28 17:19,Batch 2 · 324
987,28.24,90,0,2026/8/28 17:20,Batch 2 · 324
990,28.21,90,0,2026/8/28 17:21,Batch 2 · 324
992,28.22,90.01,0,2026/8/28 17:22,Batch 2 · 324
993,28.24,89.97,0,2026/8/28 17:23,Batch 2 · 324
994,28.18,89.95,0,2026/8/28 17:24,Batch 2 · 324
998,28.18,89.95,0,2026/8/28 17:25,Batch 2 · 324
998,28.18,89.96,0,2026/8/28 17:26,Batch 2 · 324
1000,28.17,89.97,0,2026/8/28 17:27,Batch 2 · 324
1002,28.17,89.99,6,2026/8/28 17:28,Batch 2 · 324
1001,28.14,89.98,6,2026/8/28 17:29,Batch 2 · 324
1006,28.14,89.99,6,2026/8/28 17:30,Batch 2 · 324
1008,28.16,90.02,6,2026/8/28 17:31,Batch 2 · 324
1009,28.14,90.07,6,2026/8/28 17:32,Batch 2 · 324
1010,28.16,90.05,6,2026/8/28 17:33,Batch 2 · 324
1011,28.14,90.11,6,2026/8/28 17:34,Batch 2 · 324
1013,28.17,90.11,6,2026/8/28 17:35,Batch 2 · 324
1018,28.16,90.16,6,2026/8/28 17:36,Batch 2 · 324
1020,28.16,90.14,6,2026/8/28 17:37,Batch 2 · 324
1020,28.18,90.2,6,2026/8/28 17:38,Batch 2 · 324
1022,28.2,90.22,6,2026/8/28 17:39,Batch 2 · 324
1023,28.2,90.25,6,2026/8/28 17:40,Batch 2 · 324
1023,28.21,90.26,6,2026/8/28 17:41,Batch 2 · 324
1025,28.2,90.29,6,2026/8/28 17:42,Batch 2 · 324
1030,28.2,90.3,7,2026/8/28 17:43,Batch 2 · 324
1029,28.21,90.3,7,2026/8/28 17:44,Batch 2 · 324
1030,28.22,90.32,7,2026/8/28 17:45,Batch 2 · 324
1035,28.24,90.32,7,2026/8/28 17:46,Batch 2 · 324
1037,28.24,90.32,7,2026/8/28 17:47,Batch 2 · 324
1038,28.27,90.37,7,2026/8/28 17:48,Batch 2 · 324
1037,28.25,90.34,7,2026/8/28 17:49,Batch 2 · 324
1041,28.27,90.38,7,2026/8/28 17:50,Batch 2 · 324
1041,28.3,90.36,7,2026/8/28 17:51,Batch 2 · 324
1042,28.3,90.36,7,2026/8/28 17:52,Batch 2 · 324
1046,28.28,90.34,8,2026/8/28 17:53,Batch 2 · 324
1047,28.3,90.38,8,2026/8/28 17:54,Batch 2 · 324
1048,28.3,90.35,8,2026/8/28 17:55,Batch 2 · 324
1051,28.32,90.36,8,2026/8/28 17:56,Batch 2 · 324
1052,28.31,90.37,8,2026/8/28 17:57,Batch 2 · 324
1054,28.32,90.33,8,2026/8/28 17:58,Batch 2 · 324
1057,28.32,90.38,8,2026/8/28 17:59,Batch 2 · 324
1060,28.32,90.35,8,2026/8/28 18:00,Batch 2 · 324
1062,28.35,90.37,8,2026/8/28 18:01,Batch 2 · 324
1063,28.35,90.37,8,2026/8/28 18:02,Batch 2 · 324
1064,28.34,90.4,8,2026/8/28 18:03,Batch 2 · 324
1069,28.35,90.39,9,2026/8/28 18:04,Batch 2 · 324
1071,28.4,90.39,9,2026/8/28 18:05,Batch 2 · 324
1074,28.37,90.42,9,2026/8/28 18:06,Batch 2 · 324
1073,28.37,90.41,9,2026/8/28 18:07,Batch 2 · 324
1073,28.35,90.39,9,2026/8/28 18:08,Batch 2 · 324
1076,28.4,90.43,9,2026/8/28 18:09,Batch 2 · 324
1076,28.38,90.37,9,2026/8/28 18:10,Batch 2 · 324
1079,28.42,90.47,9,2026/8/28 18:11,Batch 2 · 324
1083,28.41,90.4,9,2026/8/28 18:12,Batch 2 · 324
1083,28.41,90.39,9,2026/8/28 18:13,Batch 2 · 324
1087,28.42,90.39,9,2026/8/28 18:14,Batch 2 · 324
1086,28.42,90.44,10,2026/8/28 18:15,Batch 2 · 324
1088,28.41,90.39,10,2026/8/28 18:16,Batch 2 · 324
1090,28.44,90.42,10,2026/8/28 18:17,Batch 2 · 324
1092,28.45,90.42,10,2026/8/28 18:18,Batch 2 · 324
1095,28.42,90.39,10,2026/8/28 18:19,Batch 2 · 324
1095,28.44,90.37,10,2026/8/28 18:20,Batch 2 · 324
1097,28.41,90.36,10,2026/8/28 18:21,Batch 2 · 324
1100,28.42,90.38,10,2026/8/28 18:22,Batch 2 · 324
1103,28.4,90.35,10,2026/8/28 18:24,Batch 2 · 324
1104,28.41,90.33,10,2026/8/28 18:25,Batch 2 · 324
1107,28.38,90.26,10,2026/8/28 18:26,Batch 2 · 324
1109,28.4,90.3,10,2026/8/28 18:27,Batch 2 · 324
1107,28.4,90.3,10,2026/8/28 18:28,Batch 2 · 324
1107,28.37,90.27,11,2026/8/28 18:29,Batch 2 · 324
1110,28.38,90.29,11,2026/8/28 18:30,Batch 2 · 324
1114,28.35,90.26,11,2026/8/28 18:31,Batch 2 · 324
1114,28.38,90.28,11,2026/8/28 18:32,Batch 2 · 324
1119,28.37,90.29,11,2026/8/28 18:33,Batch 2 · 324
1121,28.37,90.32,11,2026/8/28 18:34,Batch 2 · 324
1122,28.38,90.32,11,2026/8/28 18:35,Batch 2 · 324
1123,28.35,90.3,11,2026/8/28 18:36,Batch 2 · 324
1124,28.38,90.32,11,2026/8/28 18:37,Batch 2 · 324
1126,28.37,90.35,11,2026/8/28 18:38,Batch 2 · 324
1128,28.35,90.36,11,2026/8/28 18:39,Batch 2 · 324
1128,28.35,90.33,11,2026/8/28 18:40,Batch 2 · 324
1131,28.37,90.35,11,2026/8/28 18:41,Batch 2 · 324
1135,28.37,90.37,11,2026/8/28 18:42,Batch 2 · 324
1136,28.37,90.35,12,2026/8/28 18:43,Batch 2 · 324
1139,28.38,90.43,12,2026/8/28 18:44,Batch 2 · 324
1141,28.37,90.4,12,2026/8/28 18:45,Batch 2 · 324
1141,28.4,90.4,12,2026/8/28 18:46,Batch 2 · 324
1142,28.4,90.43,12,2026/8/28 18:47,Batch 2 · 324
1144,28.41,90.42,12,2026/8/28 18:48,Batch 2 · 324
1144,28.42,90.47,12,2026/8/28 18:49,Batch 2 · 324
1149,28.44,90.45,12,2026/8/28 18:50,Batch 2 · 324
1149,28.41,90.43,12,2026/8/28 18:51,Batch 2 · 324
1149,28.44,90.45,12,2026/8/28 18:52,Batch 2 · 324
1152,28.42,90.44,12,2026/8/28 18:53,Batch 2 · 324
1154,28.44,90.44,12,2026/8/28 18:54,Batch 2 · 324
1155,28.44,90.43,13,2026/8/28 18:55,Batch 2 · 324
1159,28.46,90.41,13,2026/8/28 18:56,Batch 2 · 324
1160,28.42,90.42,13,2026/8/28 18:57,Batch 2 · 324
1161,28.44,90.45,13,2026/8/28 18:58,Batch 2 · 324
1164,28.42,90.41,13,2026/8/28 18:59,Batch 2 · 324
1166,28.42,90.42,13,2026/8/28 19:00,Batch 2 · 324
1170,28.44,90.39,13,2026/8/28 19:01,Batch 2 · 324
1174,28.44,90.41,13,2026/8/28 19:02,Batch 2 · 324
1174,28.42,90.42,13,2026/8/28 19:03,Batch 2 · 324
1173,28.41,90.37,13,2026/8/28 19:04,Batch 2 · 324
1174,28.41,90.33,13,2026/8/28 19:05,Batch 2 · 324
1177,28.41,90.34,13,2026/8/28 19:06,Batch 2 · 324
1180,28.4,90.31,13,2026/8/28 19:07,Batch 2 · 324
1179,28.37,90.27,14,2026/8/28 19:08,Batch 2 · 324
1184,28.35,90.28,14,2026/8/28 19:09,Batch 2 · 324
1184,28.34,90.26,14,2026/8/28 19:10,Batch 2 · 324
1186,28.31,90.23,14,2026/8/28 19:11,Batch 2 · 324
1189,28.3,90.22,14,2026/8/28 19:12,Batch 2 · 324
1189,28.3,90.21,14,2026/8/28 19:13,Batch 2 · 324
1191,28.27,90.2,14,2026/8/28 19:14,Batch 2 · 324
1193,28.27,90.18,14,2026/8/28 19:15,Batch 2 · 324
1195,28.24,90.16,14,2026/8/28 19:16,Batch 2 · 324
1196,28.22,90.2,14,2026/8/28 19:17,Batch 2 · 324
1201,28.2,90.18,14,2026/8/28 19:18,Batch 2 · 324
1204,28.2,90.21,14,2026/8/28 19:19,Batch 2 · 324
1203,28.21,90.26,14,2026/8/28 19:20,Batch 2 · 324
1206,28.18,90.27,14,2026/8/28 19:21,Batch 2 · 324
1209,28.2,90.3,14,2026/8/28 19:22,Batch 2 · 324
1209,28.24,90.38,14,2026/8/28 19:23,Batch 2 · 324
1213,28.22,90.37,14,2026/8/28 19:24,Batch 2 · 324
1212,28.21,90.41,14,2026/8/28 19:25,Batch 2 · 324
1215,28.21,90.4,15,2026/8/28 19:26,Batch 2 · 324
1215,28.22,90.39,15,2026/8/28 19:27,Batch 2 · 324
1215,28.22,90.45,15,2026/8/28 19:28,Batch 2 · 324
1218,28.24,90.43,15,2026/8/28 19:29,Batch 2 · 324
1219,28.22,90.45,15,2026/8/28 19:30,Batch 2 · 324
1221,28.24,90.45,15,2026/8/28 19:31,Batch 2 · 324
1223,28.22,90.47,15,2026/8/28 19:32,Batch 2 · 324
1224,28.22,90.44,15,2026/8/28 19:33,Batch 2 · 324
1228,28.22,90.46,15,2026/8/28 19:34,Batch 2 · 324
1229,28.25,90.49,15,2026/8/28 19:35,Batch 2 · 324
1233,28.22,90.48,15,2026/8/28 19:36,Batch 2 · 324
1233,28.24,90.47,15,2026/8/28 19:37,Batch 2 · 324
1234,28.24,90.47,15,2026/8/28 19:38,Batch 2 · 324
1234,28.24,90.47,15,2026/8/28 19:39,Batch 2 · 324
1238,28.21,90.45,16,2026/8/28 19:40,Batch 2 · 324
1242,28.24,90.45,16,2026/8/28 19:41,Batch 2 · 324
1240,28.24,90.45,16,2026/8/28 19:42,Batch 2 · 324
1245,28.22,90.46,16,2026/8/28 19:43,Batch 2 · 324
1243,28.25,90.44,16,2026/8/28 19:44,Batch 2 · 324
1245,28.18,90.43,16,2026/8/28 19:45,Batch 2 · 324
1245,28.21,90.43,16,2026/8/28 19:46,Batch 2 · 324
1248,28.2,90.42,16,2026/8/28 19:47,Batch 2 · 324
1250,28.21,90.4,16,2026/8/28 19:48,Batch 2 · 324
1254,28.17,90.41,16,2026/8/28 19:49,Batch 2 · 324
1257,28.18,90.42,16,2026/8/28 19:50,Batch 2 · 324
1258,28.17,90.4,16,2026/8/28 19:51,Batch 2 · 324
1258,28.17,90.44,16,2026/8/28 19:52,Batch 2 · 324
1259,28.17,90.42,16,2026/8/28 19:53,Batch 2 · 324
1263,28.18,90.44,16,2026/8/28 19:54,Batch 2 · 324
1263,28.16,90.47,16,2026/8/28 19:55,Batch 2 · 324
1264,28.18,90.49,17,2026/8/28 19:56,Batch 2 · 324
1267,28.18,90.48,17,2026/8/28 19:57,Batch 2 · 324
1268,28.2,90.5,17,2026/8/28 19:58,Batch 2 · 324
1273,28.18,90.5,17,2026/8/28 19:59,Batch 2 · 324
1270,28.21,90.57,17,2026/8/28 20:00,Batch 2 · 324
1273,28.2,90.54,17,2026/8/28 20:01,Batch 2 · 324
1275,28.22,90.56,17,2026/8/28 20:02,Batch 2 · 324
1275,28.22,90.57,17,2026/8/28 20:03,Batch 2 · 324
1280,28.22,90.57,17,2026/8/28 20:04,Batch 2 · 324
1279,28.24,90.61,17,2026/8/28 20:05,Batch 2 · 324
1282,28.24,90.59,17,2026/8/28 20:06,Batch 2 · 324
1284,28.24,90.61,17,2026/8/28 20:07,Batch 2 · 324
1287,28.25,90.62,17,2026/8/28 20:08,Batch 2 · 324
1290,28.27,90.63,17,2026/8/28 20:09,Batch 2 · 324
1291,28.28,90.7,18,2026/8/28 20:10,Batch 2 · 324
1292,28.27,90.66,18,2026/8/28 20:11,Batch 2 · 324
1294,28.3,90.69,18,2026/8/28 20:12,Batch 2 · 324
1295,28.28,90.66,18,2026/8/28 20:13,Batch 2 · 324
1297,28.31,90.68,18,2026/8/28 20:14,Batch 2 · 324
1298,28.32,90.65,18,2026/8/28 20:15,Batch 2 · 324
1299,28.32,90.71,18,2026/8/28 20:16,Batch 2 · 324
1300,28.34,90.73,18,2026/8/28 20:17,Batch 2 · 324
1303,28.35,90.73,18,2026/8/28 20:19,Batch 2 · 324
1305,28.37,90.74,19,2026/8/28 20:20,Batch 2 · 324
1305,28.37,90.72,19,2026/8/28 20:21,Batch 2 · 324
1309,28.38,90.71,19,2026/8/28 20:22,Batch 2 · 324
1310,28.4,90.77,19,2026/8/28 20:23,Batch 2 · 324
1312,28.4,90.72,19,2026/8/28 20:24,Batch 2 · 324
1315,28.4,90.7,19,2026/8/28 20:25,Batch 2 · 324
1315,28.41,90.7,19,2026/8/28 20:26,Batch 2 · 324
1314,28.4,90.65,19,2026/8/28 20:27,Batch 2 · 324
1317,28.41,90.63,19,2026/8/28 20:28,Batch 2 · 324
1323,28.4,90.6,20,2026/8/28 20:29,Batch 2 · 324
1321,28.4,90.62,20,2026/8/28 20:30,Batch 2 · 324
1325,28.4,90.6,20,2026/8/28 20:31,Batch 2 · 324
1323,28.4,90.62,20,2026/8/28 20:32,Batch 2 · 324
1326,28.4,90.58,20,2026/8/28 20:33,Batch 2 · 324
1327,28.41,90.56,20,2026/8/28 20:34,Batch 2 · 324
1331,28.37,90.53,20,2026/8/28 20:35,Batch 2 · 324
1333,28.38,90.59,20,2026/8/28 20:36,Batch 2 · 324
1333,28.38,90.54,20,2026/8/28 20:37,Batch 2 · 324
1338,28.37,90.54,20,2026/8/28 20:38,Batch 2 · 324
1340,28.37,90.53,20,2026/8/28 20:39,Batch 2 · 324
1339,28.34,90.46,20,2026/8/28 20:40,Batch 2 · 324
1342,28.34,90.48,20,2026/8/28 20:41,Batch 2 · 324
1343,28.35,90.47,20,2026/8/28 20:42,Batch 2 · 324
1345,28.31,90.47,21,2026/8/28 20:43,Batch 2 · 324
1348,28.3,90.43,21,2026/8/28 20:44,Batch 2 · 324
1349,28.28,90.39,21,2026/8/28 20:45,Batch 2 · 324
1351,28.28,90.39,21,2026/8/28 20:46,Batch 2 · 324
1355,28.28,90.37,21,2026/8/28 20:47,Batch 2 · 324
1353,28.25,90.38,21,2026/8/28 20:48,Batch 2 · 324
1355,28.25,90.39,21,2026/8/28 20:49,Batch 2 · 324
1358,28.22,90.35,21,2026/8/28 20:50,Batch 2 · 324
1359,28.22,90.35,21,2026/8/28 20:51,Batch 2 · 324
1363,28.18,90.36,21,2026/8/28 20:52,Batch 2 · 324
1363,28.18,90.39,21,2026/8/28 20:53,Batch 2 · 324
1364,28.18,90.38,21,2026/8/28 20:54,Batch 2 · 324
1367,28.18,90.39,21,2026/8/28 20:55,Batch 2 · 324
1369,28.17,90.4,21,2026/8/28 20:56,Batch 2 · 324
1373,28.18,90.44,21,2026/8/28 20:57,Batch 2 · 324
1373,28.17,90.49,21,2026/8/28 20:58,Batch 2 · 324
1375,28.17,90.46,21,2026/8/28 20:59,Batch 2 · 324
1376,28.18,90.5,21,2026/8/28 21:00,Batch 2 · 324
1377,28.18,90.55,21,2026/8/28 21:01,Batch 2 · 324
1379,28.2,90.59,21,2026/8/28 21:02,Batch 2 · 324
1381,28.2,90.59,21,2026/8/28 21:03,Batch 2 · 324
1384,28.2,90.57,21,2026/8/28 21:04,Batch 2 · 324
1383,28.22,90.62,21,2026/8/28 21:05,Batch 2 · 324
1384,28.24,90.66,21,2026/8/28 21:06,Batch 2 · 324
1389,28.2,90.64,21,2026/8/28 21:07,Batch 2 · 324
1390,28.25,90.66,21,2026/8/28 21:08,Batch 2 · 324
1390,28.25,90.66,21,2026/8/28 21:09,Batch 2 · 324
1392,28.24,90.63,22,2026/8/28 21:10,Batch 2 · 324
1394,28.27,90.63,22,2026/8/28 21:11,Batch 2 · 324
1396,28.27,90.66,22,2026/8/28 21:12,Batch 2 · 324
1397,28.27,90.66,22,2026/8/28 21:13,Batch 2 · 324
1400,28.28,90.67,22,2026/8/28 21:14,Batch 2 · 324
1401,28.3,90.68,22,2026/8/28 21:15,Batch 2 · 324
1405,28.3,90.67,22,2026/8/28 21:16,Batch 2 · 324
1404,28.31,90.65,22,2026/8/28 21:17,Batch 2 · 324
1407,28.28,90.64,22,2026/8/28 21:18,Batch 2 · 324
1408,28.3,90.66,22,2026/8/28 21:19,Batch 2 · 324
1412,28.3,90.67,22,2026/8/28 21:20,Batch 2 · 324
1413,28.32,90.66,22,2026/8/28 21:21,Batch 2 · 324
1417,28.3,90.65,22,2026/8/28 21:22,Batch 2 · 324
1416,28.3,90.66,22,2026/8/28 21:23,Batch 2 · 324
1418,28.31,90.59,22,2026/8/28 21:24,Batch 2 · 324
1417,28.31,90.62,22,2026/8/28 21:25,Batch 2 · 324
1419,28.3,90.6,22,2026/8/28 21:26,Batch 2 · 324
1422,28.3,90.55,22,2026/8/28 21:27,Batch 2 · 324
1423,28.28,90.55,22,2026/8/28 21:28,Batch 2 · 324
1424,28.27,90.58,23,2026/8/28 21:29,Batch 2 · 324
1431,28.27,90.6,23,2026/8/28 21:30,Batch 2 · 324
1432,28.28,90.64,23,2026/8/28 21:31,Batch 2 · 324
1432,28.27,90.6,23,2026/8/28 21:32,Batch 2 · 324
1434,28.27,90.58,23,2026/8/28 21:33,Batch 2 · 324
1438,28.25,90.61,23,2026/8/28 21:34,Batch 2 · 324
1438,28.27,90.63,23,2026/8/28 21:35,Batch 2 · 324
1440,28.28,90.64,23,2026/8/28 21:36,Batch 2 · 324
1441,28.28,90.6,23,2026/8/28 21:37,Batch 2 · 324
1443,28.28,90.61,23,2026/8/28 21:38,Batch 2 · 324
1444,28.28,90.62,23,2026/8/28 21:39,Batch 2 · 324
1449,28.3,90.66,23,2026/8/28 21:40,Batch 2 · 324
1448,28.3,90.65,23,2026/8/28 21:41,Batch 2 · 324
1452,28.28,90.64,23,2026/8/28 21:42,Batch 2 · 324
1450,28.3,90.64,23,2026/8/28 21:43,Batch 2 · 324
1452,28.3,90.66,23,2026/8/28 21:44,Batch 2 · 324
1458,28.31,90.66,23,2026/8/28 21:45,Batch 2 · 324
1458,28.3,90.65,23,2026/8/28 21:46,Batch 2 · 324
1461,28.31,90.65,23,2026/8/28 21:47,Batch 2 · 324
1461,28.31,90.67,23,2026/8/28 21:48,Batch 2 · 324
1464,28.34,90.65,23,2026/8/28 21:49,Batch 2 · 324
1465,28.32,90.66,23,2026/8/28 21:50,Batch 2 · 324
1465,28.34,90.68,24,2026/8/28 21:51,Batch 2 · 324
1467,28.32,90.68,24,2026/8/28 21:52,Batch 2 · 324
1468,28.35,90.7,24,2026/8/28 21:53,Batch 2 · 324
1469,28.34,90.67,24,2026/8/28 21:54,Batch 2 · 324
1472,28.34,90.65,24,2026/8/28 21:55,Batch 2 · 324
1474,28.34,90.66,24,2026/8/28 21:56,Batch 2 · 324
1474,28.34,90.65,24,2026/8/28 21:58,Batch 2 · 324
1476,28.35,90.66,24,2026/8/28 21:59,Batch 2 · 324
1478,28.34,90.64,24,2026/8/28 22:00,Batch 2 · 324
1481,28.34,90.67,24,2026/8/28 22:01,Batch 2 · 324
1482,28.34,90.63,24,2026/8/28 22:02,Batch 2 · 324
1485,28.32,90.68,24,2026/8/28 22:03,Batch 2 · 324
1487,28.35,90.66,24,2026/8/28 22:04,Batch 2 · 324
1489,28.35,90.66,24,2026/8/28 22:05,Batch 2 · 324
1489,28.34,90.64,24,2026/8/28 22:06,Batch 2 · 324
1491,28.37,90.67,25,2026/8/28 22:07,Batch 2 · 324
1495,28.35,90.63,25,2026/8/28 22:08,Batch 2 · 324
1496,28.35,90.66,25,2026/8/28 22:09,Batch 2 · 324
1498,28.35,90.66,25,2026/8/28 22:10,Batch 2 · 324
1501,28.35,90.67,25,2026/8/28 22:11,Batch 2 · 324
1499,28.34,90.63,25,2026/8/28 22:12,Batch 2 · 324
1502,28.37,90.63,25,2026/8/28 22:13,Batch 2 · 324
1506,28.35,90.63,25,2026/8/28 22:14,Batch 2 · 324
1506,28.34,90.62,25,2026/8/28 22:15,Batch 2 · 324
1507,28.34,90.59,25,2026/8/28 22:16,Batch 2 · 324
1509,28.34,90.6,25,2026/8/28 22:17,Batch 2 · 324
1513,28.35,90.64,25,2026/8/28 22:18,Batch 2 · 324
1514,28.32,90.61,25,2026/8/28 22:19,Batch 2 · 324
1519,28.35,90.6,25,2026/8/28 22:20,Batch 2 · 324
1516,28.31,90.58,25,2026/8/28 22:21,Batch 2 · 324
1518,28.32,90.55,25,2026/8/28 22:22,Batch 2 · 324
1520,28.32,90.56,25,2026/8/28 22:23,Batch 2 · 324
1519,28.34,90.61,25,2026/8/28 22:24,Batch 2 · 324
1524,28.34,90.55,25,2026/8/28 22:25,Batch 2 · 324
1528,28.3,90.5,25,2026/8/28 22:26,Batch 2 · 324
1528,28.3,90.53,25,2026/8/28 22:27,Batch 2 · 324
1529,28.27,90.51,25,2026/8/28 22:28,Batch 2 · 324
1532,28.28,90.5,25,2026/8/28 22:29,Batch 2 · 324
1534,28.27,90.45,25,2026/8/28 22:30,Batch 2 · 324
1536,28.24,90.39,25,2026/8/28 22:31,Batch 2 · 324
1536,28.24,90.45,25,2026/8/28 22:32,Batch 2 · 324
1539,28.21,90.43,25,2026/8/28 22:33,Batch 2 · 324
1540,28.18,90.41,25,2026/8/28 22:34,Batch 2 · 324
1543,28.17,90.41,25,2026/8/28 22:35,Batch 2 · 324
1545,28.18,90.4,25,2026/8/28 22:36,Batch 2 · 324
1545,28.17,90.42,25,2026/8/28 22:37,Batch 2 · 324
1549,28.18,90.42,25,2026/8/28 22:38,Batch 2 · 324
1551,28.16,90.41,25,2026/8/28 22:39,Batch 2 · 324
1552,28.16,90.44,25,2026/8/28 22:40,Batch 2 · 324
1552,28.13,90.42,25,2026/8/28 22:41,Batch 2 · 324
1555,28.16,90.42,25,2026/8/28 22:42,Batch 2 · 324
1556,28.13,90.44,25,2026/8/28 22:43,Batch 2 · 324
1561,28.13,90.46,25,2026/8/28 22:44,Batch 2 · 324
1563,28.11,90.47,25,2026/8/28 22:45,Batch 2 · 324
1563,28.14,90.51,25,2026/8/28 22:46,Batch 2 · 324
1565,28.11,90.5,25,2026/8/28 22:47,Batch 2 · 324
1565,28.11,90.5,25,2026/8/28 22:48,Batch 2 · 324
1566,28.13,90.53,25,2026/8/28 22:49,Batch 2 · 324
1570,28.14,90.57,25,2026/8/28 22:50,Batch 2 · 324
1570,28.13,90.57,25,2026/8/28 22:51,Batch 2 · 324
1572,28.13,90.6,25,2026/8/28 22:52,Batch 2 · 324
1573,28.13,90.63,25,2026/8/28 22:53,Batch 2 · 324
1576,28.16,90.66,25,2026/8/28 22:54,Batch 2 · 324
1577,28.18,90.7,26,2026/8/28 22:55,Batch 2 · 324
1575,28.17,90.67,26,2026/8/28 22:56,Batch 2 · 324
1580,28.18,90.72,26,2026/8/28 22:57,Batch 2 · 324
1583,28.18,90.7,26,2026/8/28 22:58,Batch 2 · 324
1584,28.2,90.76,26,2026/8/28 22:59,Batch 2 · 324
1583,28.22,90.73,26,2026/8/28 23:00,Batch 2 · 324
1585,28.25,90.77,26,2026/8/28 23:01,Batch 2 · 324
1587,28.25,90.78,26,2026/8/28 23:02,Batch 2 · 324
1590,28.25,90.77,26,2026/8/28 23:03,Batch 2 · 324
1595,28.28,90.81,26,2026/8/28 23:04,Batch 2 · 324
1593,28.28,90.81,26,2026/8/28 23:05,Batch 2 · 324
1594,28.3,90.8,26,2026/8/28 23:06,Batch 2 · 324
1596,28.31,90.84,26,2026/8/28 23:07,Batch 2 · 324
1601,28.32,90.84,27,2026/8/28 23:08,Batch 2 · 324
1601,28.37,90.85,27,2026/8/28 23:09,Batch 2 · 324
1604,28.37,90.85,27,2026/8/28 23:10,Batch 2 · 324
1604,28.4,90.87,27,2026/8/28 23:11,Batch 2 · 324
1609,28.4,90.88,27,2026/8/28 23:12,Batch 2 · 324
1609,28.42,90.86,27,2026/8/28 23:13,Batch 2 · 324
1608,28.44,90.87,27,2026/8/28 23:14,Batch 2 · 324
1610,28.44,90.91,27,2026/8/28 23:15,Batch 2 · 324
1611,28.46,90.88,28,2026/8/28 23:16,Batch 2 · 324
1614,28.48,90.89,28,2026/8/28 23:17,Batch 2 · 324
1617,28.5,90.89,28,2026/8/28 23:18,Batch 2 · 324
1617,28.52,90.93,28,2026/8/28 23:19,Batch 2 · 324
1619,28.55,90.9,28,2026/8/28 23:20,Batch 2 · 324
1617,28.56,90.89,28,2026/8/28 23:21,Batch 2 · 324
1621,28.58,90.92,28,2026/8/28 23:22,Batch 2 · 324
1621,28.6,90.93,29,2026/8/28 23:23,Batch 2 · 324
1625,28.6,90.89,29,2026/8/28 23:24,Batch 2 · 324
1629,28.6,90.93,29,2026/8/28 23:26,Batch 2 · 324
1629,28.66,90.89,29,2026/8/28 23:27,Batch 2 · 324
1627,28.66,90.91,29,2026/8/28 23:28,Batch 2 · 324
1629,28.66,90.89,29,2026/8/28 23:29,Batch 2 · 324
1630,28.69,90.92,29,2026/8/28 23:30,Batch 2 · 324
1631,28.7,90.89,30,2026/8/28 23:31,Batch 2 · 324
1634,28.73,90.89,30,2026/8/28 23:32,Batch 2 · 324
1639,28.74,90.89,30,2026/8/28 23:33,Batch 2 · 324
1641,28.79,90.92,30,2026/8/28 23:34,Batch 2 · 324
1640,28.77,90.88,30,2026/8/28 23:35,Batch 2 · 324
1644,28.82,90.89,30,2026/8/28 23:36,Batch 2 · 324
1644,28.84,90.88,31,2026/8/28 23:37,Batch 2 · 324
1646,28.84,90.87,31,2026/8/28 23:38,Batch 2 · 324
1649,28.84,90.89,31,2026/8/28 23:39,Batch 2 · 324
1647,28.87,90.9,31,2026/8/28 23:40,Batch 2 · 324
1652,28.89,90.89,31,2026/8/28 23:41,Batch 2 · 324
1653,28.93,90.88,31,2026/8/28 23:42,Batch 2 · 324
1654,28.93,90.87,32,2026/8/28 23:43,Batch 2 · 324
1652,28.91,90.87,32,2026/8/28 23:44,Batch 2 · 324
1658,28.97,90.86,32,2026/8/28 23:45,Batch 2 · 324
1657,28.98,90.87,32,2026/8/28 23:46,Batch 2 · 324
1660,29.01,90.88,32,2026/8/28 23:47,Batch 2 · 324
1661,29.03,90.82,32,2026/8/28 23:48,Batch 2 · 324
1664,29.01,90.85,32,2026/8/28 23:49,Batch 2 · 324
1665,29.05,90.88,33,2026/8/28 23:50,Batch 2 · 324
1666,29.05,90.84,33,2026/8/28 23:51,Batch 2 · 324
1666,29.08,90.81,33,2026/8/28 23:52,Batch 2 · 324
1670,29.09,90.82,33,2026/8/28 23:53,Batch 2 · 324
1672,29.09,90.84,33,2026/8/28 23:54,Batch 2 · 324
1674,29.14,90.83,33,2026/8/28 23:55,Batch 2 · 324
1672,29.15,90.81,34,2026/8/28 23:56,Batch 2 · 324
1672,29.16,90.83,34,2026/8/28 23:57,Batch 2 · 324
1675,29.15,90.81,34,2026/8/28 23:58,Batch 2 · 324
1679,29.18,90.79,34,2026/8/28 23:59,Batch 2 · 324
1681,29.18,90.79,34,2026/8/29 0:00,Batch 2 · 324
1685,29.21,90.79,34,2026/8/29 0:01,Batch 2 · 324
1686,29.22,90.77,34,2026/8/29 0:02,Batch 2 · 324
1685,29.21,90.79,35,2026/8/29 0:03,Batch 2 · 324
1690,29.25,90.78,35,2026/8/29 0:04,Batch 2 · 324
1691,29.28,90.78,35,2026/8/29 0:05,Batch 2 · 324
1693,29.28,90.78,35,2026/8/29 0:06,Batch 2 · 324
1694,29.31,90.75,35,2026/8/29 0:07,Batch 2 · 324
1694,29.32,90.77,35,2026/8/29 0:08,Batch 2 · 324
1696,29.32,90.76,36,2026/8/29 0:09,Batch 2 · 324
1695,29.33,90.78,36,2026/8/29 0:10,Batch 2 · 324
1698,29.36,90.74,36,2026/8/29 0:11,Batch 2 · 324
1699,29.33,90.74,36,2026/8/29 0:12,Batch 2 · 324
1702,29.38,90.74,36,2026/8/29 0:13,Batch 2 · 324
1700,29.39,90.71,37,2026/8/29 0:14,Batch 2 · 324
1702,29.4,90.74,37,2026/8/29 0:15,Batch 2 · 324
1703,29.42,90.7,37,2026/8/29 0:16,Batch 2 · 324
1702,29.43,90.73,37,2026/8/29 0:17,Batch 2 · 324
1709,29.45,90.68,37,2026/8/29 0:18,Batch 2 · 324
1708,29.45,90.69,37,2026/8/29 0:19,Batch 2 · 324
1711,29.48,90.72,37,2026/8/29 0:20,Batch 2 · 324
1712,29.49,90.68,38,2026/8/29 0:21,Batch 2 · 324
1716,29.5,90.71,38,2026/8/29 0:22,Batch 2 · 324
1714,29.49,90.71,38,2026/8/29 0:23,Batch 2 · 324
1713,29.52,90.69,38,2026/8/29 0:24,Batch 2 · 324
1714,29.5,90.65,39,2026/8/29 0:25,Batch 2 · 324
1714,29.52,90.7,39,2026/8/29 0:26,Batch 2 · 324
1718,29.55,90.67,39,2026/8/29 0:27,Batch 2 · 324
1720,29.59,90.68,39,2026/8/29 0:28,Batch 2 · 324
1725,29.56,90.65,39,2026/8/29 0:29,Batch 2 · 324
1726,29.59,90.65,39,2026/8/29 0:30,Batch 2 · 324
1728,29.62,90.66,39,2026/8/29 0:31,Batch 2 · 324
1729,29.59,90.63,40,2026/8/29 0:32,Batch 2 · 324
1728,29.59,90.64,40,2026/8/29 0:33,Batch 2 · 324
1730,29.62,90.66,40,2026/8/29 0:34,Batch 2 · 324
1731,29.63,90.66,40,2026/8/29 0:35,Batch 2 · 324
1732,29.64,90.64,40,2026/8/29 0:36,Batch 2 · 324
1735,29.66,90.62,41,2026/8/29 0:37,Batch 2 · 324
1735,29.64,90.62,41,2026/8/29 0:38,Batch 2 · 324
1739,29.69,90.63,41,2026/8/29 0:39,Batch 2 · 324
1738,29.69,90.59,41,2026/8/29 0:40,Batch 2 · 324
1741,29.7,90.64,41,2026/8/29 0:41,Batch 2 · 324
1741,29.7,90.64,41,2026/8/29 0:42,Batch 2 · 324
1744,29.73,90.62,41,2026/8/29 0:43,Batch 2 · 324
1745,29.7,90.59,42,2026/8/29 0:44,Batch 2 · 324
1747,29.75,90.62,42,2026/8/29 0:46,Batch 2 · 324
1749,29.74,90.61,42,2026/8/29 0:47,Batch 2 · 324
1752,29.75,90.61,42,2026/8/29 0:48,Batch 2 · 324
1753,29.78,90.62,42,2026/8/29 0:49,Batch 2 · 324
1753,29.77,90.61,42,2026/8/29 0:50,Batch 2 · 324
1758,29.77,90.58,42,2026/8/29 0:51,Batch 2 · 324
1759,29.81,90.63,43,2026/8/29 0:52,Batch 2 · 324
1760,29.81,90.6,43,2026/8/29 0:53,Batch 2 · 324
1763,29.82,90.6,43,2026/8/29 0:54,Batch 2 · 324
1762,29.81,90.58,43,2026/8/29 0:55,Batch 2 · 324
1769,29.82,90.53,44,2026/8/29 0:56,Batch 2 · 324
1768,29.84,90.57,44,2026/8/29 0:57,Batch 2 · 324
1769,29.86,90.56,44,2026/8/29 0:58,Batch 2 · 324
1770,29.86,90.56,44,2026/8/29 0:59,Batch 2 · 324
1773,29.87,90.54,44,2026/8/29 1:00,Batch 2 · 324
1774,29.88,90.57,44,2026/8/29 1:01,Batch 2 · 324
1777,29.9,90.55,44,2026/8/29 1:02,Batch 2 · 324
1779,29.88,90.52,45,2026/8/29 1:03,Batch 2 · 324
1777,29.91,90.54,45,2026/8/29 1:04,Batch 2 · 324
1783,29.91,90.53,45,2026/8/29 1:05,Batch 2 · 324
1786,29.93,90.55,45,2026/8/29 1:06,Batch 2 · 324
1784,29.93,90.54,45,2026/8/29 1:07,Batch 2 · 324
1784,29.94,90.55,45,2026/8/29 1:08,Batch 2 · 324
1787,29.94,90.54,46,2026/8/29 1:09,Batch 2 · 324
1790,29.94,90.54,46,2026/8/29 1:10,Batch 2 · 324
1791,29.95,90.54,46,2026/8/29 1:11,Batch 2 · 324
1793,29.97,90.55,46,2026/8/29 1:12,Batch 2 · 324
1793,29.98,90.51,46,2026/8/29 1:13,Batch 2 · 324
1795,29.98,90.53,46,2026/8/29 1:14,Batch 2 · 324
1798,29.99,90.51,46,2026/8/29 1:15,Batch 2 · 324
1800,30.01,90.49,47,2026/8/29 1:16,Batch 2 · 324
1802,30.01,90.53,47,2026/8/29 1:17,Batch 2 · 324
1804,29.99,90.52,47,2026/8/29 1:18,Batch 2 · 324
1806,30.04,90.54,47,2026/8/29 1:19,Batch 2 · 324
1807,30.04,90.51,47,2026/8/29 1:20,Batch 2 · 324
1810,30.04,90.48,47,2026/8/29 1:21,Batch 2 · 324
1810,30.06,90.46,48,2026/8/29 1:22,Batch 2 · 324
1811,30.04,90.54,48,2026/8/29 1:23,Batch 2 · 324
1812,30.04,90.5,48,2026/8/29 1:24,Batch 2 · 324
1814,30.08,90.47,48,2026/8/29 1:25,Batch 2 · 324
1818,30.06,90.45,48,2026/8/29 1:26,Batch 2 · 324
1820,30.08,90.49,49,2026/8/29 1:27,Batch 2 · 324
1819,30.11,90.48,49,2026/8/29 1:28,Batch 2 · 324
1822,30.09,90.48,49,2026/8/29 1:29,Batch 2 · 324
1823,30.09,90.5,49,2026/8/29 1:30,Batch 2 · 324
1824,30.14,90.47,49,2026/8/29 1:31,Batch 2 · 324
1824,30.12,90.48,49,2026/8/29 1:32,Batch 2 · 324
1827,30.12,90.46,49,2026/8/29 1:33,Batch 2 · 324
1831,30.11,90.44,50,2026/8/29 1:34,Batch 2 · 324
1828,30.15,90.43,50,2026/8/29 1:35,Batch 2 · 324
1834,30.14,90.47,50,2026/8/29 1:36,Batch 2 · 324
1834,30.15,90.45,50,2026/8/29 1:37,Batch 2 · 324
1835,30.16,90.45,50,2026/8/29 1:38,Batch 2 · 324
1837,30.18,90.45,50,2026/8/29 1:39,Batch 2 · 324
1839,30.16,90.43,50,2026/8/29 1:40,Batch 2 · 324
1841,30.19,90.43,51,2026/8/29 1:41,Batch 2 · 324
1844,30.22,90.45,51,2026/8/29 1:42,Batch 2 · 324
1846,30.21,90.45,51,2026/8/29 1:43,Batch 2 · 324
1847,30.19,90.45,51,2026/8/29 1:44,Batch 2 · 324
1848,30.19,90.43,51,2026/8/29 1:45,Batch 2 · 324
1852,30.21,90.44,52,2026/8/29 1:46,Batch 2 · 324
1854,30.22,90.47,52,2026/8/29 1:47,Batch 2 · 324
1853,30.23,90.46,52,2026/8/29 1:48,Batch 2 · 324
1858,30.23,90.46,52,2026/8/29 1:49,Batch 2 · 324
1860,30.25,90.42,52,2026/8/29 1:50,Batch 2 · 324
1858,30.26,90.45,52,2026/8/29 1:51,Batch 2 · 324
1859,30.25,90.41,52,2026/8/29 1:52,Batch 2 · 324
1860,30.26,90.42,52,2026/8/29 1:53,Batch 2 · 324
1863,30.26,90.43,52,2026/8/29 1:54,Batch 2 · 324
1865,30.26,90.43,53,2026/8/29 1:55,Batch 2 · 324
1867,30.26,90.41,53,2026/8/29 1:56,Batch 2 · 324
1868,30.28,90.38,53,2026/8/29 1:57,Batch 2 · 324
1867,30.26,90.42,53,2026/8/29 1:58,Batch 2 · 324
1870,30.28,90.39,53,2026/8/29 1:59,Batch 2 · 324
1876,30.29,90.39,53,2026/8/29 2:01,Batch 2 · 324
1880,30.32,90.45,53,2026/8/29 2:02,Batch 2 · 324
1881,30.3,90.41,53,2026/8/29 2:03,Batch 2 · 324
1884,30.29,90.38,53,2026/8/29 2:04,Batch 2 · 324
1888,30.32,90.4,54,2026/8/29 2:05,Batch 2 · 324
1888,30.32,90.4,54,2026/8/29 2:06,Batch 2 · 324
1887,30.33,90.42,54,2026/8/29 2:07,Batch 2 · 324
1892,30.33,90.37,54,2026/8/29 2:08,Batch 2 · 324
1897,30.36,90.39,55,2026/8/29 2:09,Batch 2 · 324
1897,30.35,90.38,55,2026/8/29 2:10,Batch 2 · 324
1895,30.35,90.36,55,2026/8/29 2:11,Batch 2 · 324
1900,30.33,90.35,55,2026/8/29 2:12,Batch 2 · 324
1904,30.33,90.38,55,2026/8/29 2:13,Batch 2 · 324
1906,30.36,90.37,55,2026/8/29 2:14,Batch 2 · 324
1907,30.37,90.37,55,2026/8/29 2:15,Batch 2 · 324
1908,30.37,90.37,55,2026/8/29 2:16,Batch 2 · 324
1912,30.39,90.38,55,2026/8/29 2:17,Batch 2 · 324
1914,30.37,90.39,56,2026/8/29 2:18,Batch 2 · 324
1913,30.37,90.37,56,2026/8/29 2:19,Batch 2 · 324
1916,30.39,90.39,56,2026/8/29 2:20,Batch 2 · 324
1920,30.4,90.36,56,2026/8/29 2:21,Batch 2 · 324
1926,30.4,90.35,57,2026/8/29 2:22,Batch 2 · 324
1929,30.4,90.37,57,2026/8/29 2:23,Batch 2 · 324
1930,30.4,90.36,57,2026/8/29 2:24,Batch 2 · 324
1931,30.42,90.37,57,2026/8/29 2:25,Batch 2 · 324
1932,30.43,90.4,57,2026/8/29 2:26,Batch 2 · 324
1935,30.43,90.37,57,2026/8/29 2:27,Batch 2 · 324
1936,30.43,90.35,57,2026/8/29 2:28,Batch 2 · 324
1940,30.43,90.37,58,2026/8/29 2:29,Batch 2 · 324
1942,30.45,90.37,58,2026/8/29 2:30,Batch 2 · 324
1945,30.43,90.35,58,2026/8/29 2:31,Batch 2 · 324
1946,30.46,90.37,58,2026/8/29 2:32,Batch 2 · 324
1948,30.46,90.33,58,2026/8/29 2:33,Batch 2 · 324
1953,30.46,90.36,58,2026/8/29 2:34,Batch 2 · 324
1954,30.46,90.35,58,2026/8/29 2:35,Batch 2 · 324
1957,30.45,90.35,58,2026/8/29 2:36,Batch 2 · 324
1955,30.46,90.32,58,2026/8/29 2:37,Batch 2 · 324
1959,30.47,90.33,58,2026/8/29 2:38,Batch 2 · 324
1961,30.47,90.35,58,2026/8/29 2:39,Batch 2 · 324
1955,30.47,90.35,59,2026/8/29 2:40,Batch 2 · 324
1961,30.47,90.34,59,2026/8/29 2:41,Batch 2 · 324
1966,30.47,90.31,59,2026/8/29 2:42,Batch 2 · 324
1969,30.5,90.34,59,2026/8/29 2:43,Batch 2 · 324
1969,30.52,90.34,59,2026/8/29 2:44,Batch 2 · 324
1975,30.5,90.33,59,2026/8/29 2:45,Batch 2 · 324
1980,30.52,90.34,60,2026/8/29 2:46,Batch 2 · 324
1983,30.52,90.35,59,2026/8/29 2:47,Batch 2 · 324
1983,30.52,90.35,60,2026/8/29 2:48,Batch 2 · 324
1984,30.53,90.35,60,2026/8/29 2:49,Batch 2 · 324
1987,30.53,90.32,60,2026/8/29 2:50,Batch 2 · 324
1991,30.53,90.37,60,2026/8/29 2:51,Batch 2 · 324
1994,30.52,90.33,60,2026/8/29 2:52,Batch 2 · 324
1994,30.56,90.34,60,2026/8/29 2:53,Batch 2 · 324
1993,30.54,90.33,60,2026/8/29 2:54,Batch 2 · 324
1994,30.56,90.34,60,2026/8/29 2:55,Batch 2 · 324
2001,30.56,90.34,60,2026/8/29 2:56,Batch 2 · 324
2003,30.54,90.34,60,2026/8/29 2:57,Batch 2 · 324
2004,30.56,90.31,60,2026/8/29 2:58,Batch 2 · 324
2006,30.59,90.34,60,2026/8/29 2:59,Batch 2 · 324
2009,30.59,90.33,60,2026/8/29 3:00,Batch 2 · 324
2011,30.57,90.34,61,2026/8/29 3:01,Batch 2 · 324
2015,30.59,90.36,61,2026/8/29 3:02,Batch 2 · 324
2020,30.57,90.32,61,2026/8/29 3:03,Batch 2 · 324
2020,30.59,90.31,61,2026/8/29 3:04,Batch 2 · 324
2022,30.6,90.35,61,2026/8/29 3:05,Batch 2 · 324
2022,30.59,90.34,61,2026/8/29 3:06,Batch 2 · 324
2024,30.61,90.33,61,2026/8/29 3:07,Batch 2 · 324
2030,30.61,90.35,61,2026/8/29 3:08,Batch 2 · 324
2034,30.61,90.31,61,2026/8/29 3:09,Batch 2 · 324
2034,30.61,90.32,61,2026/8/29 3:11,Batch 2 · 324
2038,30.6,90.32,61,2026/8/29 3:12,Batch 2 · 324
2041,30.64,90.34,61,2026/8/29 3:13,Batch 2 · 324
2044,30.61,90.33,61,2026/8/29 3:14,Batch 2 · 324
2047,30.61,90.31,62,2026/8/29 3:15,Batch 2 · 324
2043,30.64,90.33,62,2026/8/29 3:16,Batch 2 · 324
2044,30.64,90.34,62,2026/8/29 3:17,Batch 2 · 324
2049,30.64,90.34,62,2026/8/29 3:18,Batch 2 · 324
2048,30.63,90.32,62,2026/8/29 3:19,Batch 2 · 324
2050,30.63,90.3,62,2026/8/29 3:20,Batch 2 · 324
2053,30.64,90.32,63,2026/8/29 3:21,Batch 2 · 324
2059,30.65,90.31,63,2026/8/29 3:22,Batch 2 · 324
2060,30.65,90.34,63,2026/8/29 3:23,Batch 2 · 324
2061,30.64,90.33,63,2026/8/29 3:24,Batch 2 · 324
2063,30.64,90.28,63,2026/8/29 3:25,Batch 2 · 324
2067,30.67,90.28,63,2026/8/29 3:26,Batch 2 · 324
2067,30.67,90.31,63,2026/8/29 3:27,Batch 2 · 324
2072,30.68,90.29,63,2026/8/29 3:28,Batch 2 · 324
2075,30.7,90.31,63,2026/8/29 3:29,Batch 2 · 324
2082,30.68,90.28,63,2026/8/29 3:30,Batch 2 · 324
2082,30.71,90.3,63,2026/8/29 3:31,Batch 2 · 324
2079,30.71,90.31,63,2026/8/29 3:32,Batch 2 · 324
2080,30.71,90.31,64,2026/8/29 3:33,Batch 2 · 324
2083,30.71,90.32,64,2026/8/29 3:34,Batch 2 · 324
2087,30.68,90.3,64,2026/8/29 3:35,Batch 2 · 324
2090,30.71,90.31,64,2026/8/29 3:36,Batch 2 · 324
2096,30.7,90.29,64,2026/8/29 3:37,Batch 2 · 324
2095,30.71,90.29,64,2026/8/29 3:38,Batch 2 · 324
2096,30.74,90.3,64,2026/8/29 3:39,Batch 2 · 324
2100,30.71,90.29,64,2026/8/29 3:40,Batch 2 · 324
2100,30.72,90.31,64,2026/8/29 3:41,Batch 2 · 324
2100,30.72,90.3,64,2026/8/29 3:42,Batch 2 · 324
2106,30.71,90.31,64,2026/8/29 3:43,Batch 2 · 324
2111,30.7,90.26,64,2026/8/29 3:44,Batch 2 · 324
2105,30.72,90.32,65,2026/8/29 3:45,Batch 2 · 324
2109,30.75,90.28,65,2026/8/29 3:46,Batch 2 · 324
2112,30.75,90.29,65,2026/8/29 3:47,Batch 2 · 324
2114,30.74,90.29,65,2026/8/29 3:48,Batch 2 · 324
2115,30.74,90.32,65,2026/8/29 3:49,Batch 2 · 324
2123,30.75,90.25,65,2026/8/29 3:50,Batch 2 · 324
2125,30.74,90.25,65,2026/8/29 3:51,Batch 2 · 324
2123,30.75,90.26,65,2026/8/29 3:52,Batch 2 · 324
2124,30.75,90.28,65,2026/8/29 3:53,Batch 2 · 324
2125,30.77,90.27,66,2026/8/29 3:54,Batch 2 · 324
2132,30.77,90.28,66,2026/8/29 3:55,Batch 2 · 324
2133,30.78,90.3,66,2026/8/29 3:56,Batch 2 · 324
2136,30.78,90.28,66,2026/8/29 3:57,Batch 2 · 324
2136,30.78,90.29,66,2026/8/29 3:58,Batch 2 · 324
2139,30.8,90.31,66,2026/8/29 3:59,Batch 2 · 324
2145,30.8,90.29,66,2026/8/29 4:00,Batch 2 · 324
2146,30.81,90.28,66,2026/8/29 4:01,Batch 2 · 324
2149,30.78,90.28,67,2026/8/29 4:02,Batch 2 · 324
2148,30.8,90.3,67,2026/8/29 4:03,Batch 2 · 324
2151,30.83,90.29,67,2026/8/29 4:04,Batch 2 · 324
2155,30.8,90.24,67,2026/8/29 4:05,Batch 2 · 324
2154,30.81,90.25,67,2026/8/29 4:06,Batch 2 · 324
2158,30.8,90.26,67,2026/8/29 4:07,Batch 2 · 324
2162,30.78,90.25,67,2026/8/29 4:08,Batch 2 · 324
2160,30.81,90.26,67,2026/8/29 4:09,Batch 2 · 324
2159,30.81,90.25,67,2026/8/29 4:10,Batch 2 · 324
2170,30.84,90.28,67,2026/8/29 4:11,Batch 2 · 324
2171,30.83,90.26,67,2026/8/29 4:12,Batch 2 · 324
2171,30.84,90.24,67,2026/8/29 4:13,Batch 2 · 324
2174,30.84,90.26,68,2026/8/29 4:14,Batch 2 · 324
2177,30.84,90.27,68,2026/8/29 4:15,Batch 2 · 324
2180,30.83,90.26,68,2026/8/29 4:17,Batch 2 · 324
2181,30.85,90.24,68,2026/8/29 4:18,Batch 2 · 324
2184,30.84,90.26,68,2026/8/29 4:19,Batch 2 · 324
2184,30.85,90.22,68,2026/8/29 4:20,Batch 2 · 324
2185,30.88,90.26,68,2026/8/29 4:21,Batch 2 · 324
2181,30.87,90.26,68,2026/8/29 4:22,Batch 2 · 324
2190,30.87,90.25,68,2026/8/29 4:23,Batch 2 · 324
2193,30.85,90.25,68,2026/8/29 4:24,Batch 2 · 324
2193,30.87,90.22,69,2026/8/29 4:25,Batch 2 · 324
2197,30.87,90.24,69,2026/8/29 4:26,Batch 2 · 324
2200,30.88,90.26,69,2026/8/29 4:27,Batch 2 · 324
2201,30.88,90.27,69,2026/8/29 4:28,Batch 2 · 324
2204,30.87,90.25,69,2026/8/29 4:29,Batch 2 · 324
2207,30.88,90.23,69,2026/8/29 4:30,Batch 2 · 324
2206,30.87,90.21,69,2026/8/29 4:31,Batch 2 · 324
2213,30.91,90.24,69,2026/8/29 4:32,Batch 2 · 324
2212,30.88,90.24,69,2026/8/29 4:33,Batch 2 · 324
2213,30.89,90.24,69,2026/8/29 4:34,Batch 2 · 324
2218,30.89,90.25,69,2026/8/29 4:35,Batch 2 · 324
2219,30.88,90.26,69,2026/8/29 4:36,Batch 2 · 324
2220,30.91,90.25,69,2026/8/29 4:37,Batch 2 · 324
2223,30.89,90.21,70,2026/8/29 4:38,Batch 2 · 324
2227,30.91,90.22,70,2026/8/29 4:39,Batch 2 · 324
2230,30.91,90.26,70,2026/8/29 4:40,Batch 2 · 324
2231,30.91,90.21,70,2026/8/29 4:41,Batch 2 · 324
2235,30.91,90.23,70,2026/8/29 4:42,Batch 2 · 324
2238,30.91,90.23,70,2026/8/29 4:43,Batch 2 · 324
2236,30.92,90.21,70,2026/8/29 4:44,Batch 2 · 324
2239,30.94,90.23,70,2026/8/29 4:45,Batch 2 · 324
2245,30.92,90.23,70,2026/8/29 4:46,Batch 2 · 324
2247,30.92,90.23,71,2026/8/29 4:47,Batch 2 · 324
2250,30.91,90.23,71,2026/8/29 4:48,Batch 2 · 324
2247,30.95,90.24,71,2026/8/29 4:49,Batch 2 · 324
2251,30.92,90.2,71,2026/8/29 4:50,Batch 2 · 324
2253,30.92,90.24,71,2026/8/29 4:51,Batch 2 · 324
2256,30.94,90.2,71,2026/8/29 4:52,Batch 2 · 324
2263,30.92,90.21,72,2026/8/29 4:53,Batch 2 · 324
2265,30.96,90.25,72,2026/8/29 4:54,Batch 2 · 324
2265,30.95,90.21,72,2026/8/29 4:55,Batch 2 · 324
2269,30.96,90.23,72,2026/8/29 4:56,Batch 2 · 324
2269,30.98,90.2,72,2026/8/29 4:57,Batch 2 · 324
2271,30.96,90.21,72,2026/8/29 4:58,Batch 2 · 324
2272,30.94,90.21,72,2026/8/29 4:59,Batch 2 · 324
2273,30.98,90.19,72,2026/8/29 5:00,Batch 2 · 324
2277,30.95,90.21,72,2026/8/29 5:01,Batch 2 · 324
2283,30.99,90.19,72,2026/8/29 5:02,Batch 2 · 324
2285,30.95,90.16,72,2026/8/29 5:03,Batch 2 · 324
2283,30.95,90.17,73,2026/8/29 5:04,Batch 2 · 324
2286,30.98,90.2,73,2026/8/29 5:05,Batch 2 · 324
2287,30.98,90.19,73,2026/8/29 5:06,Batch 2 · 324
2291,30.98,90.18,73,2026/8/29 5:07,Batch 2 · 324
2293,30.96,90.18,73,2026/8/29 5:08,Batch 2 · 324
2296,30.99,90.16,73,2026/8/29 5:09,Batch 2 · 324
2300,30.99,90.19,73,2026/8/29 5:10,Batch 2 · 324
2301,30.99,90.19,73,2026/8/29 5:11,Batch 2 · 324
2300,30.98,90.15,73,2026/8/29 5:12,Batch 2 · 324
2304,30.98,90.21,73,2026/8/29 5:13,Batch 2 · 324
2307,30.96,90.18,74,2026/8/29 5:14,Batch 2 · 324
2308,30.99,90.17,74,2026/8/29 5:15,Batch 2 · 324
2310,31.02,90.17,74,2026/8/29 5:16,Batch 2 · 324
2309,30.99,90.17,74,2026/8/29 5:17,Batch 2 · 324
2314,31.01,90.18,74,2026/8/29 5:18,Batch 2 · 324
2321,31.02,90.18,74,2026/8/29 5:20,Batch 2 · 324
2322,30.99,90.15,74,2026/8/29 5:21,Batch 2 · 324
2320,31.01,90.2,74,2026/8/29 5:22,Batch 2 · 324
2323,30.99,90.17,74,2026/8/29 5:23,Batch 2 · 324
2329,31.05,90.17,74,2026/8/29 5:24,Batch 2 · 324
2334,30.99,90.19,75,2026/8/29 5:25,Batch 2 · 324
2333,31.02,90.15,75,2026/8/29 5:26,Batch 2 · 324
2337,31.03,90.2,75,2026/8/29 5:27,Batch 2 · 324
2333,31.03,90.17,75,2026/8/29 5:28,Batch 2 · 324
2335,31.01,90.14,75,2026/8/29 5:29,Batch 2 · 324
2344,31.03,90.2,75,2026/8/29 5:30,Batch 2 · 324
2341,31.02,90.17,76,2026/8/29 5:31,Batch 2 · 324
2345,31.02,90.14,76,2026/8/29 5:32,Batch 2 · 324
2344,31.03,90.19,76,2026/8/29 5:33,Batch 2 · 324
2348,31.03,90.17,76,2026/8/29 5:34,Batch 2 · 324
2351,31.05,90.16,76,2026/8/29 5:35,Batch 2 · 324
2355,31.03,90.15,76,2026/8/29 5:36,Batch 2 · 324
2355,31.03,90.19,76,2026/8/29 5:37,Batch 2 · 324
2359,31.05,90.17,76,2026/8/29 5:38,Batch 2 · 324
2357,31.06,90.15,76,2026/8/29 5:39,Batch 2 · 324
2361,31.03,90.18,77,2026/8/29 5:40,Batch 2 · 324
2367,31.03,90.17,77,2026/8/29 5:41,Batch 2 · 324
2366,31.03,90.16,77,2026/8/29 5:42,Batch 2 · 324
2368,31.06,90.15,77,2026/8/29 5:43,Batch 2 · 324
2373,31.05,90.16,77,2026/8/29 5:44,Batch 2 · 324
2374,31.08,90.17,77,2026/8/29 5:45,Batch 2 · 324
2377,31.08,90.16,77,2026/8/29 5:46,Batch 2 · 324
2381,31.08,90.15,78,2026/8/29 5:47,Batch 2 · 324
2383,31.09,90.17,78,2026/8/29 5:48,Batch 2 · 324
2383,31.08,90.17,78,2026/8/29 5:49,Batch 2 · 324
2386,31.08,90.15,78,2026/8/29 5:50,Batch 2 · 324
2392,31.06,90.15,78,2026/8/29 5:51,Batch 2 · 324
2395,31.05,90.12,78,2026/8/29 5:52,Batch 2 · 324
2394,31.06,90.15,78,2026/8/29 5:53,Batch 2 · 324
2395,31.09,90.16,79,2026/8/29 5:54,Batch 2 · 324
2399,31.09,90.17,79,2026/8/29 5:55,Batch 2 · 324
2403,31.08,90.13,79,2026/8/29 5:56,Batch 2 · 324
2402,31.09,90.15,79,2026/8/29 5:57,Batch 2 · 324
2404,31.11,90.15,79,2026/8/29 5:58,Batch 2 · 324
2408,31.09,90.14,79,2026/8/29 5:59,Batch 2 · 324
2413,31.09,90.14,79,2026/8/29 6:00,Batch 2 · 324
2413,31.11,90.15,79,2026/8/29 6:01,Batch 2 · 324
2414,31.09,90.11,80,2026/8/29 6:02,Batch 2 · 324
2416,31.11,90.15,80,2026/8/29 6:03,Batch 2 · 324
2417,31.09,90.15,80,2026/8/29 6:04,Batch 2 · 324
2419,31.08,90.14,80,2026/8/29 6:05,Batch 2 · 324
2426,31.09,90.11,81,2026/8/29 6:06,Batch 2 · 324
2429,31.09,90.17,81,2026/8/29 6:07,Batch 2 · 324
2428,31.09,90.16,81,2026/8/29 6:08,Batch 2 · 324
2433,31.09,90.09,81,2026/8/29 6:09,Batch 2 · 324
2436,31.12,90.12,81,2026/8/29 6:10,Batch 2 · 324
2435,31.11,90.13,82,2026/8/29 6:11,Batch 2 · 324
2440,31.13,90.14,82,2026/8/29 6:12,Batch 2 · 324
2440,31.13,90.13,82,2026/8/29 6:13,Batch 2 · 324
2444,31.12,90.13,83,2026/8/29 6:14,Batch 2 · 324
2450,31.11,90.11,83,2026/8/29 6:15,Batch 2 · 324
2447,31.12,90.12,83,2026/8/29 6:16,Batch 2 · 324
2448,31.13,90.14,83,2026/8/29 6:17,Batch 2 · 324
2458,31.13,90.13,83,2026/8/29 6:19,Batch 2 · 324
2458,31.12,90.12,84,2026/8/29 6:20,Batch 2 · 324
2457,31.12,90.12,84,2026/8/29 6:21,Batch 2 · 324
2459,31.13,90.17,84,2026/8/29 6:22,Batch 2 · 324
2462,31.12,90.12,84,2026/8/29 6:23,Batch 2 · 324
2464,31.13,90.1,84,2026/8/29 6:24,Batch 2 · 324
2463,31.12,90.15,85,2026/8/29 6:25,Batch 2 · 324
2468,31.15,90.14,85,2026/8/29 6:26,Batch 2 · 324
2471,31.13,90.15,85,2026/8/29 6:27,Batch 2 · 324
2476,31.15,90.12,85,2026/8/29 6:28,Batch 2 · 324
2476,31.13,90.13,86,2026/8/29 6:29,Batch 2 · 324
2479,31.15,90.11,86,2026/8/29 6:30,Batch 2 · 324
2481,31.15,90.11,86,2026/8/29 6:31,Batch 2 · 324
2484,31.16,90.14,86,2026/8/29 6:32,Batch 2 · 324
2487,31.13,90.1,86,2026/8/29 6:33,Batch 2 · 324
2484,31.13,90.12,86,2026/8/29 6:34,Batch 2 · 324
2489,31.16,90.12,87,2026/8/29 6:35,Batch 2 · 324
2493,31.15,90.12,87,2026/8/29 6:36,Batch 2 · 324
2492,31.16,90.1,87,2026/8/29 6:37,Batch 2 · 324
2497,31.18,90.12,87,2026/8/29 6:38,Batch 2 · 324
2500,31.16,90.11,88,2026/8/29 6:39,Batch 2 · 324
2499,31.15,90.11,88,2026/8/29 6:40,Batch 2 · 324
2503,31.18,90.13,88,2026/8/29 6:41,Batch 2 · 324
2504,31.16,90.12,88,2026/8/29 6:42,Batch 2 · 324
2507,31.16,90.12,89,2026/8/29 6:43,Batch 2 · 324
2506,31.16,90.1,89,2026/8/29 6:44,Batch 2 · 324
2512,31.18,90.1,89,2026/8/29 6:45,Batch 2 · 324
2517,31.18,90.11,89,2026/8/29 6:46,Batch 2 · 324
2519,31.18,90.07,89,2026/8/29 6:47,Batch 2 · 324
2523,31.19,90.1,89,2026/8/29 6:48,Batch 2 · 324
2521,31.18,90.07,89,2026/8/29 6:49,Batch 2 · 324
2522,31.19,90.12,90,2026/8/29 6:50,Batch 2 · 324
2526,31.2,90.13,90,2026/8/29 6:51,Batch 2 · 324
2530,31.2,90.11,90,2026/8/29 6:52,Batch 2 · 324
2533,31.18,90.1,90,2026/8/29 6:53,Batch 2 · 324
2535,31.19,90.12,90,2026/8/29 6:54,Batch 2 · 324
2537,31.2,90.11,90,2026/8/29 6:55,Batch 2 · 324
2540,31.2,90.13,90,2026/8/29 6:56,Batch 2 · 324
2544,31.19,90.1,91,2026/8/29 6:57,Batch 2 · 324
2545,31.22,90.12,91,2026/8/29 6:58,Batch 2 · 324
2544,31.19,90.13,91,2026/8/29 6:59,Batch 2 · 324
2547,31.2,90.11,91,2026/8/29 7:00,Batch 2 · 324
2552,31.2,90.15,92,2026/8/29 7:01,Batch 2 · 324
2552,31.22,90.12,92,2026/8/29 7:02,Batch 2 · 324
2558,31.2,90.09,92,2026/8/29 7:03,Batch 2 · 324
2556,31.2,90.07,92,2026/8/29 7:04,Batch 2 · 324
2560,31.22,90.1,92,2026/8/29 7:05,Batch 2 · 324
2561,31.23,90.09,92,2026/8/29 7:06,Batch 2 · 324
2563,31.25,90.08,92,2026/8/29 7:07,Batch 2 · 324
2566,31.22,90.11,92,2026/8/29 7:08,Batch 2 · 324
2568,31.25,90.13,93,2026/8/29 7:09,Batch 2 · 324
2574,31.23,90.1,93,2026/8/29 7:10,Batch 2 · 324
2573,31.23,90.09,93,2026/8/29 7:11,Batch 2 · 324
2573,31.25,90.08,94,2026/8/29 7:12,Batch 2 · 324
2581,31.25,90.1,94,2026/8/29 7:13,Batch 2 · 324
2584,31.25,90.07,94,2026/8/29 7:14,Batch 2 · 324
2584,31.26,90.14,94,2026/8/29 7:16,Batch 2 · 324
2586,31.23,90.08,94,2026/8/29 7:17,Batch 2 · 324
2590,31.23,90.06,94,2026/8/29 7:18,Batch 2 · 324
2592,31.25,90.08,94,2026/8/29 7:19,Batch 2 · 324
2589,31.25,90.1,95,2026/8/29 7:20,Batch 2 · 324
2595,31.26,90.1,95,2026/8/29 7:21,Batch 2 · 324
2597,31.26,90.08,95,2026/8/29 7:22,Batch 2 · 324
2602,31.26,90.06,95,2026/8/29 7:23,Batch 2 · 324
2602,31.25,90.06,95,2026/8/29 7:24,Batch 2 · 324
2601,31.26,90.09,95,2026/8/29 7:25,Batch 2 · 324
2608,31.26,90.09,96,2026/8/29 7:26,Batch 2 · 324
2608,31.25,90.11,96,2026/8/29 7:27,Batch 2 · 324
2608,31.25,90.07,97,2026/8/29 7:28,Batch 2 · 324
2612,31.27,90.09,97,2026/8/29 7:29,Batch 2 · 324
2619,31.26,90.08,97,2026/8/29 7:30,Batch 2 · 324
2620,31.27,90.08,97,2026/8/29 7:31,Batch 2 · 324
2621,31.27,90.08,97,2026/8/29 7:32,Batch 2 · 324
2624,31.29,90.07,97,2026/8/29 7:33,Batch 2 · 324
2624,31.27,90.05,97,2026/8/29 7:34,Batch 2 · 324
2630,31.29,90.07,97,2026/8/29 7:35,Batch 2 · 324
2630,31.29,90.09,97,2026/8/29 7:36,Batch 2 · 324
2632,31.29,90.07,98,2026/8/29 7:37,Batch 2 · 324
2636,31.29,90.06,98,2026/8/29 7:38,Batch 2 · 324
2635,31.3,90.06,98,2026/8/29 7:39,Batch 2 · 324
2638,31.27,90.09,98,2026/8/29 7:40,Batch 2 · 324
2641,31.32,90.1,98,2026/8/29 7:41,Batch 2 · 324
2642,31.29,90.04,98,2026/8/29 7:42,Batch 2 · 324
2646,31.29,90.04,98,2026/8/29 7:43,Batch 2 · 324
2650,31.32,90.09,99,2026/8/29 7:44,Batch 2 · 324
2650,31.3,90.05,99,2026/8/29 7:45,Batch 2 · 324
2652,31.3,90.08,99,2026/8/29 7:46,Batch 2 · 324
2655,31.32,90.08,99,2026/8/29 7:47,Batch 2 · 324
2653,31.32,90.07,99,2026/8/29 7:48,Batch 2 · 324
2658,31.3,90.07,100,2026/8/29 7:49,Batch 2 · 324
2662,31.29,90.06,100,2026/8/29 7:50,Batch 2 · 324
2660,31.32,90.05,100,2026/8/29 7:51,Batch 2 · 324
2666,31.32,90.06,100,2026/8/29 7:52,Batch 2 · 324
2667,31.33,90.08,101,2026/8/29 7:53,Batch 2 · 324
2670,31.3,90.03,101,2026/8/29 7:54,Batch 2 · 324
2671,31.32,90.08,101,2026/8/29 7:55,Batch 2 · 324
2674,31.33,90.04,101,2026/8/29 7:56,Batch 2 · 324
2673,31.33,90.04,101,2026/8/29 7:57,Batch 2 · 324
2676,31.35,90.07,101,2026/8/29 7:58,Batch 2 · 324
2679,31.33,90.05,101,2026/8/29 7:59,Batch 2 · 324
2678,31.32,90.07,101,2026/8/29 8:00,Batch 2 · 324
2680,31.33,90.04,101,2026/8/29 8:01,Batch 2 · 324
2687,31.36,90.05,102,2026/8/29 8:02,Batch 2 · 324
2688,31.35,90.05,102,2026/8/29 8:03,Batch 2 · 324
2686,31.33,90.04,102,2026/8/29 8:04,Batch 2 · 324
2693,31.33,90.05,103,2026/8/29 8:05,Batch 2 · 324
2695,31.33,90.04,103,2026/8/29 8:06,Batch 2 · 324
2694,31.36,90.03,103,2026/8/29 8:07,Batch 2 · 324
2696,31.36,90,103,2026/8/29 8:08,Batch 2 · 324
2698,31.33,90.06,103,2026/8/29 8:09,Batch 2 · 324
2696,31.33,90.04,103,2026/8/29 8:10,Batch 2 · 324
2702,31.35,90.01,103,2026/8/29 8:12,Batch 2 · 324
2706,31.36,90.06,104,2026/8/29 8:13,Batch 2 · 324
2708,31.37,90.07,104,2026/8/29 8:14,Batch 2 · 324
2709,31.37,90.04,104,2026/8/29 8:15,Batch 2 · 324
2711,31.36,90.07,104,2026/8/29 8:16,Batch 2 · 324
2717,31.35,90.03,104,2026/8/29 8:17,Batch 2 · 324
2711,31.37,90.02,105,2026/8/29 8:18,Batch 2 · 324
2715,31.36,90.04,105,2026/8/29 8:19,Batch 2 · 324
2716,31.35,90.04,105,2026/8/29 8:20,Batch 2 · 324
2718,31.36,90.05,105,2026/8/29 8:21,Batch 2 · 324
2717,31.37,90.04,105,2026/8/29 8:22,Batch 2 · 324
2720,31.37,90.06,106,2026/8/29 8:23,Batch 2 · 324
2722,31.39,90,106,2026/8/29 8:24,Batch 2 · 324
2726,31.36,89.98,106,2026/8/29 8:25,Batch 2 · 324
2724,31.4,89.96,106,2026/8/29 8:26,Batch 2 · 324
2737,31.32,89.87,106,2026/8/29 8:27,Batch 2 · 324
2736,31.32,89.83,106,2026/8/29 8:28,Batch 2 · 324
2738,31.27,89.73,106,2026/8/29 8:29,Batch 2 · 324
2734,31.25,89.67,106,2026/8/29 8:30,Batch 2 · 324
2740,31.23,89.59,106,2026/8/29 8:31,Batch 2 · 324
2743,31.2,89.53,105,2026/8/29 8:32,Batch 2 · 324
2743,31.16,89.46,105,2026/8/29 8:33,Batch 2 · 324
2748,31.12,89.4,105,2026/8/29 8:34,Batch 2 · 324
2755,31.06,89.38,105,2026/8/29 8:35,Batch 2 · 324
2757,31.01,89.29,104,2026/8/29 8:36,Batch 2 · 324
2756,30.98,89.24,104,2026/8/29 8:37,Batch 2 · 324
2760,30.91,89.19,103,2026/8/29 8:38,Batch 2 · 324
2764,30.88,89.15,103,2026/8/29 8:39,Batch 2 · 324
2763,30.85,89.22,102,2026/8/29 8:40,Batch 2 · 324
2767,30.81,89.18,101,2026/8/29 8:41,Batch 2 · 324
2771,30.75,89.18,101,2026/8/29 8:42,Batch 2 · 324
2776,30.72,89.2,101,2026/8/29 8:43,Batch 2 · 324
2773,30.71,89.24,100,2026/8/29 8:44,Batch 2 · 324
2778,30.68,89.27,100,2026/8/29 8:45,Batch 2 · 324
2780,30.64,89.3,100,2026/8/29 8:46,Batch 2 · 324
2782,30.63,89.31,99,2026/8/29 8:47,Batch 2 · 324
2785,30.61,89.31,99,2026/8/29 8:48,Batch 2 · 324
2788,30.56,89.27,99,2026/8/29 8:49,Batch 2 · 324
2790,30.53,89.26,98,2026/8/29 8:50,Batch 2 · 324
2791,30.53,89.26,98,2026/8/29 8:51,Batch 2 · 324
2795,30.49,89.26,97,2026/8/29 8:52,Batch 2 · 324
2795,30.45,89.18,97,2026/8/29 8:53,Batch 2 · 324
2799,30.42,89.21,97,2026/8/29 8:54,Batch 2 · 324
2796,30.36,89.18,97,2026/8/29 8:55,Batch 2 · 324
2801,30.33,89.2,96,2026/8/29 8:56,Batch 2 · 324
2808,30.32,89.21,95,2026/8/29 8:57,Batch 2 · 324
2812,30.29,89.28,95,2026/8/29 8:58,Batch 2 · 324
2808,30.28,89.26,95,2026/8/29 8:59,Batch 2 · 324
2811,30.25,89.32,94,2026/8/29 9:00,Batch 2 · 324
2817,30.22,89.31,94,2026/8/29 9:01,Batch 2 · 324
2820,30.22,89.34,94,2026/8/29 9:02,Batch 2 · 324
2820,30.18,89.35,94,2026/8/29 9:03,Batch 2 · 324
2822,30.15,89.37,93,2026/8/29 9:05,Batch 2 · 324
2822,30.14,89.37,92,2026/8/29 9:06,Batch 2 · 324
2824,30.14,89.37,92,2026/8/29 9:07,Batch 2 · 324
2829,30.12,89.38,92,2026/8/29 9:08,Batch 2 · 324
2829,30.09,89.41,92,2026/8/29 9:09,Batch 2 · 324
2833,30.06,89.37,92,2026/8/29 9:10,Batch 2 · 324
2832,30.06,89.38,91,2026/8/29 9:11,Batch 2 · 324
2838,30.01,89.32,91,2026/8/29 9:12,Batch 2 · 324
2841,29.98,89.34,91,2026/8/29 9:13,Batch 2 · 324
2843,29.98,89.3,90,2026/8/29 9:14,Batch 2 · 324
2844,29.94,89.32,90,2026/8/29 9:15,Batch 2 · 324
2843,29.93,89.29,90,2026/8/29 9:16,Batch 2 · 324
2845,29.9,89.27,90,2026/8/29 9:17,Batch 2 · 324
2849,29.87,89.25,89,2026/8/29 9:18,Batch 2 · 324
2853,29.84,89.28,89,2026/8/29 9:19,Batch 2 · 324
2853,29.78,89.25,88,2026/8/29 9:20,Batch 2 · 324
2852,29.74,89.22,88,2026/8/29 9:21,Batch 2 · 324
2853,29.74,89.21,88,2026/8/29 9:22,Batch 2 · 324
2855,29.71,89.19,87,2026/8/29 9:23,Batch 2 · 324
2863,29.67,89.2,86,2026/8/29 9:24,Batch 2 · 324
2861,29.66,89.16,86,2026/8/29 9:25,Batch 2 · 324
2861,29.6,89.17,86,2026/8/29 9:26,Batch 2 · 324
2865,29.59,89.14,85,2026/8/29 9:27,Batch 2 · 324
2865,29.56,89.15,85,2026/8/29 9:28,Batch 2 · 324
2870,29.52,89.14,84,2026/8/29 9:29,Batch 2 · 324
2873,29.49,89.18,84,2026/8/29 9:30,Batch 2 · 324
2871,29.46,89.18,84,2026/8/29 9:31,Batch 2 · 324
2874,29.45,89.2,83,2026/8/29 9:32,Batch 2 · 324
2875,29.42,89.18,83,2026/8/29 9:33,Batch 2 · 324
2874,29.39,89.21,82,2026/8/29 9:34,Batch 2 · 324
2880,29.36,89.25,81,2026/8/29 9:35,Batch 2 · 324
2881,29.35,89.27,81,2026/8/29 9:36,Batch 2 · 324
2879,29.33,89.25,81,2026/8/29 9:37,Batch 2 · 324
2885,29.32,89.27,81,2026/8/29 9:38,Batch 2 · 324
2887,29.28,89.31,80,2026/8/29 9:39,Batch 2 · 324
2883,29.28,89.31,80,2026/8/29 9:40,Batch 2 · 324
2889,29.24,89.29,79,2026/8/29 9:41,Batch 2 · 324
2886,29.22,89.33,79,2026/8/29 9:42,Batch 2 · 324
2891,29.21,89.34,79,2026/8/29 9:43,Batch 2 · 324
2888,29.21,89.34,78,2026/8/29 9:44,Batch 2 · 324
2897,29.18,89.33,78,2026/8/29 9:45,Batch 2 · 324
2895,29.15,89.33,78,2026/8/29 9:46,Batch 2 · 324
2903,29.14,89.36,78,2026/8/29 9:47,Batch 2 · 324
2905,29.12,89.39,77,2026/8/29 9:48,Batch 2 · 324
2905,29.12,89.35,77,2026/8/29 9:49,Batch 2 · 324
2909,29.09,89.39,76,2026/8/29 9:50,Batch 2 · 324
2909,29.08,89.35,76,2026/8/29 9:51,Batch 2 · 324
2905,29.07,89.37,76,2026/8/29 9:52,Batch 2 · 324
2911,29.04,89.32,76,2026/8/29 9:53,Batch 2 · 324
2909,29.03,89.36,75,2026/8/29 9:54,Batch 2 · 324
2915,29.01,89.36,75,2026/8/29 9:55,Batch 2 · 324
2917,28.98,89.32,74,2026/8/29 9:56,Batch 2 · 324
2917,28.96,89.33,74,2026/8/29 9:58,Batch 2 · 324
2922,28.96,89.4,74,2026/8/29 9:59,Batch 2 · 324
2930,28.94,89.36,74,2026/8/29 10:00,Batch 2 · 324
2933,28.93,89.38,73,2026/8/29 10:01,Batch 2 · 324
2931,28.91,89.35,73,2026/8/29 10:02,Batch 2 · 324
2932,28.91,89.38,73,2026/8/29 10:03,Batch 2 · 324
2935,28.89,89.4,72,2026/8/29 10:04,Batch 2 · 324
2939,28.86,89.38,72,2026/8/29 10:05,Batch 2 · 324
2937,28.83,89.37,72,2026/8/29 10:06,Batch 2 · 324
2939,28.82,89.38,72,2026/8/29 10:07,Batch 2 · 324
2942,28.86,89.42,71,2026/8/29 10:08,Batch 2 · 324
2950,28.82,89.4,71,2026/8/29 10:09,Batch 2 · 324
2945,28.8,89.42,70,2026/8/29 10:10,Batch 2 · 324
2948,28.79,89.43,70,2026/8/29 10:11,Batch 2 · 324
2952,28.76,89.39,70,2026/8/29 10:12,Batch 2 · 324
2956,28.74,89.4,70,2026/8/29 10:13,Batch 2 · 324
2957,28.74,89.4,69,2026/8/29 10:14,Batch 2 · 324
2959,28.7,89.37,69,2026/8/29 10:15,Batch 2 · 324
2962,28.72,89.41,69,2026/8/29 10:16,Batch 2 · 324
2954,28.67,89.38,69,2026/8/29 10:17,Batch 2 · 324
2958,28.67,89.37,68,2026/8/29 10:18,Batch 2 · 324
2964,28.65,89.39,68,2026/8/29 10:19,Batch 2 · 324
2968,28.63,89.39,68,2026/8/29 10:20,Batch 2 · 324
2967,28.62,89.37,67,2026/8/29 10:21,Batch 2 · 324
2971,28.59,89.36,67,2026/8/29 10:22,Batch 2 · 324
2968,28.6,89.36,67,2026/8/29 10:23,Batch 2 · 324
2977,28.6,89.38,67,2026/8/29 10:24,Batch 2 · 324
2973,28.59,89.4,67,2026/8/29 10:25,Batch 2 · 324
2973,28.55,89.38,66,2026/8/29 10:26,Batch 2 · 324
2975,28.55,89.39,66,2026/8/29 10:27,Batch 2 · 324
2982,28.53,89.35,65,2026/8/29 10:28,Batch 2 · 324
2982,28.52,89.36,65,2026/8/29 10:29,Batch 2 · 324
2985,28.48,89.37,65,2026/8/29 10:30,Batch 2 · 324
2990,28.49,89.36,64,2026/8/29 10:31,Batch 2 · 324
2987,28.48,89.37,64,2026/8/29 10:32,Batch 2 · 324
2991,28.45,89.38,64,2026/8/29 10:33,Batch 2 · 324
2995,28.45,89.39,64,2026/8/29 10:34,Batch 2 · 324
2992,28.44,89.42,63,2026/8/29 10:35,Batch 2 · 324
2994,28.44,89.41,63,2026/8/29 10:36,Batch 2 · 324
2997,28.42,89.4,63,2026/8/29 10:37,Batch 2 · 324
2996,28.41,89.42,63,2026/8/29 10:38,Batch 2 · 324
3000,28.41,89.45,63,2026/8/29 10:39,Batch 2 · 324
3008,28.4,89.43,62,2026/8/29 10:40,Batch 2 · 324
3007,28.38,89.48,62,2026/8/29 10:41,Batch 2 · 324
3009,28.37,89.48,62,2026/8/29 10:42,Batch 2 · 324
3010,28.38,89.49,61,2026/8/29 10:43,Batch 2 · 324
3009,28.38,89.48,61,2026/8/29 10:44,Batch 2 · 324
3010,28.38,89.51,61,2026/8/29 10:45,Batch 2 · 324
3014,28.34,89.5,61,2026/8/29 10:46,Batch 2 · 324
3013,28.32,89.5,61,2026/8/29 10:48,Batch 2 · 324
3017,28.32,89.52,60,2026/8/29 10:49,Batch 2 · 324
3015,28.35,89.56,60,2026/8/29 10:50,Batch 2 · 324
3016,28.35,89.52,60,2026/8/29 10:51,Batch 2 · 324
3022,28.34,89.54,60,2026/8/29 10:52,Batch 2 · 324
3022,28.31,89.49,60,2026/8/29 10:53,Batch 2 · 324
3028,28.31,89.53,60,2026/8/29 10:54,Batch 2 · 324
3031,28.31,89.55,60,2026/8/29 10:55,Batch 2 · 324
3028,28.3,89.55,60,2026/8/29 10:56,Batch 2 · 324
3031,28.3,89.56,59,2026/8/29 10:57,Batch 2 · 324
3031,28.3,89.55,59,2026/8/29 10:58,Batch 2 · 324
3032,28.27,89.51,59,2026/8/29 10:59,Batch 2 · 324
3036,28.3,89.53,59,2026/8/29 11:00,Batch 2 · 324
3035,28.3,89.54,58,2026/8/29 11:01,Batch 2 · 324
3040,28.25,89.54,58,2026/8/29 11:02,Batch 2 · 324
3039,28.25,89.53,58,2026/8/29 11:03,Batch 2 · 324
3041,28.25,89.52,58,2026/8/29 11:04,Batch 2 · 324
3040,28.25,89.51,58,2026/8/29 11:05,Batch 2 · 324
3046,28.22,89.54,58,2026/8/29 11:06,Batch 2 · 324
3044,28.22,89.53,58,2026/8/29 11:07,Batch 2 · 324
3042,28.21,89.48,58,2026/8/29 11:08,Batch 2 · 324
3050,28.22,89.53,57,2026/8/29 11:09,Batch 2 · 324
3052,28.21,89.57,57,2026/8/29 11:10,Batch 2 · 324
3057,28.2,89.56,57,2026/8/29 11:11,Batch 2 · 324
3060,28.22,89.67,57,2026/8/29 11:12,Batch 2 · 324
3054,28.24,89.67,57,2026/8/29 11:13,Batch 2 · 324
3054,28.22,89.67,57,2026/8/29 11:14,Batch 2 · 324
3058,28.24,89.69,56,2026/8/29 11:15,Batch 2 · 324
3057,28.25,89.76,56,2026/8/29 11:16,Batch 2 · 324
3059,28.24,89.74,56,2026/8/29 11:17,Batch 2 · 324
3062,28.25,89.75,56,2026/8/29 11:18,Batch 2 · 324
3065,28.27,89.76,56,2026/8/29 11:19,Batch 2 · 324
3067,28.3,89.79,56,2026/8/29 11:20,Batch 2 · 324
3068,28.28,89.76,56,2026/8/29 11:21,Batch 2 · 324
3069,28.28,89.77,56,2026/8/29 11:22,Batch 2 · 324
3067,28.3,89.71,56,2026/8/29 11:23,Batch 2 · 324
3066,28.27,89.69,56,2026/8/29 11:24,Batch 2 · 324
3067,28.28,89.75,56,2026/8/29 11:25,Batch 2 · 324
3080,28.28,89.69,56,2026/8/29 11:26,Batch 2 · 324
3080,28.28,89.66,56,2026/8/29 11:27,Batch 2 · 324
3078,28.28,89.68,56,2026/8/29 11:28,Batch 2 · 324
3077,28.27,89.62,55,2026/8/29 11:29,Batch 2 · 324
3081,28.25,89.62,55,2026/8/29 11:30,Batch 2 · 324
3082,28.25,89.63,55,2026/8/29 11:31,Batch 2 · 324
3086,28.24,89.61,55,2026/8/29 11:32,Batch 2 · 324
3088,28.24,89.56,55,2026/8/29 11:33,Batch 2 · 324
3085,28.25,89.56,55,2026/8/29 11:34,Batch 2 · 324
3086,28.24,89.56,55,2026/8/29 11:35,Batch 2 · 324
3093,28.24,89.55,55,2026/8/29 11:37,Batch 2 · 324
3097,28.21,89.56,55,2026/8/29 11:38,Batch 2 · 324
3095,28.2,89.54,55,2026/8/29 11:39,Batch 2 · 324
3098,28.2,89.53,54,2026/8/29 11:40,Batch 2 · 324
3103,28.18,89.53,54,2026/8/29 11:41,Batch 2 · 324
3100,28.17,89.52,54,2026/8/29 11:42,Batch 2 · 324
3103,28.17,89.55,54,2026/8/29 11:43,Batch 2 · 324
3102,28.17,89.56,54,2026/8/29 11:44,Batch 2 · 324
3103,28.14,89.55,53,2026/8/29 11:45,Batch 2 · 324
3107,28.14,89.58,53,2026/8/29 11:46,Batch 2 · 324
3110,28.16,89.57,53,2026/8/29 11:47,Batch 2 · 324
3113,28.14,89.58,53,2026/8/29 11:48,Batch 2 · 324
3113,28.16,89.61,53,2026/8/29 11:49,Batch 2 · 324
3113,28.16,89.63,53,2026/8/29 11:50,Batch 2 · 324
3114,28.18,89.66,53,2026/8/29 11:51,Batch 2 · 324
3114,28.18,89.69,53,2026/8/29 11:52,Batch 2 · 324
3115,28.17,89.72,53,2026/8/29 11:53,Batch 2 · 324
3120,28.17,89.69,53,2026/8/29 11:54,Batch 2 · 324
3125,28.18,89.72,53,2026/8/29 11:55,Batch 2 · 324
3122,28.17,89.7,53,2026/8/29 11:56,Batch 2 · 324
3122,28.17,89.7,53,2026/8/29 11:57,Batch 2 · 324
3124,28.18,89.69,53,2026/8/29 11:58,Batch 2 · 324
3129,28.2,89.72,53,2026/8/29 11:59,Batch 2 · 324
3132,28.2,89.67,53,2026/8/29 12:00,Batch 2 · 324
3126,28.21,89.67,52,2026/8/29 12:01,Batch 2 · 324
3133,28.18,89.66,52,2026/8/29 12:02,Batch 2 · 324
3132,28.17,89.65,52,2026/8/29 12:03,Batch 2 · 324
3136,28.2,89.66,52,2026/8/29 12:04,Batch 2 · 324
3137,28.14,89.62,52,2026/8/29 12:05,Batch 2 · 324
3132,28.17,89.61,52,2026/8/29 12:06,Batch 2 · 324
3140,28.16,89.57,52,2026/8/29 12:07,Batch 2 · 324
3138,28.13,89.58,52,2026/8/29 12:08,Batch 2 · 324
3139,28.11,89.56,52,2026/8/29 12:09,Batch 2 · 324
3145,28.13,89.55,52,2026/8/29 12:10,Batch 2 · 324
3143,28.13,89.54,52,2026/8/29 12:11,Batch 2 · 324
3143,28.07,89.53,52,2026/8/29 12:12,Batch 2 · 324
3146,28.08,89.53,52,2026/8/29 12:13,Batch 2 · 324
3153,28.08,89.53,51,2026/8/29 12:14,Batch 2 · 324
3155,28.07,89.59,51,2026/8/29 12:15,Batch 2 · 324
3153,28.06,89.58,51,2026/8/29 12:16,Batch 2 · 324
3154,28.08,89.59,51,2026/8/29 12:17,Batch 2 · 324
3155,28.08,89.62,51,2026/8/29 12:18,Batch 2 · 324
3159,28.1,89.67,51,2026/8/29 12:19,Batch 2 · 324
3164,28.11,89.71,51,2026/8/29 12:20,Batch 2 · 324
3162,28.1,89.74,51,2026/8/29 12:21,Batch 2 · 324
3169,28.14,89.81,51,2026/8/29 12:22,Batch 2 · 324
3168,28.13,89.81,51,2026/8/29 12:24,Batch 2 · 324
3168,28.16,89.79,51,2026/8/29 12:25,Batch 2 · 324
3166,28.18,89.82,51,2026/8/29 12:26,Batch 2 · 324
3168,28.18,89.86,51,2026/8/29 12:27,Batch 2 · 324
3171,28.2,89.84,51,2026/8/29 12:28,Batch 2 · 324
3173,28.21,89.85,51,2026/8/29 12:29,Batch 2 · 324
3175,28.21,89.85,51,2026/8/29 12:30,Batch 2 · 324
3176,28.22,89.84,51,2026/8/29 12:31,Batch 2 · 324
3174,28.22,89.85,52,2026/8/29 12:32,Batch 2 · 324
3179,28.22,89.8,52,2026/8/29 12:33,Batch 2 · 324
3183,28.24,89.8,52,2026/8/29 12:34,Batch 2 · 324
3183,28.25,89.82,52,2026/8/29 12:35,Batch 2 · 324
3183,28.22,89.74,52,2026/8/29 12:36,Batch 2 · 324
3186,28.24,89.74,52,2026/8/29 12:37,Batch 2 · 324
3184,28.27,89.73,52,2026/8/29 12:38,Batch 2 · 324
3189,28.25,89.71,52,2026/8/29 12:39,Batch 2 · 324
3190,28.21,89.66,52,2026/8/29 12:40,Batch 2 · 324
3186,28.2,89.63,52,2026/8/29 12:41,Batch 2 · 324
3196,28.18,89.62,52,2026/8/29 12:42,Batch 2 · 324
3197,28.18,89.59,52,2026/8/29 12:43,Batch 2 · 324
3196,28.21,89.58,52,2026/8/29 12:44,Batch 2 · 324
3194,28.16,89.57,52,2026/8/29 12:45,Batch 2 · 324
3198,28.17,89.58,52,2026/8/29 12:46,Batch 2 · 324
3201,28.17,89.6,51,2026/8/29 12:47,Batch 2 · 324
3196,28.14,89.54,51,2026/8/29 12:48,Batch 2 · 324
3198,28.13,89.55,51,2026/8/29 12:49,Batch 2 · 324
3203,28.11,89.51,51,2026/8/29 12:50,Batch 2 · 324
3200,28.11,89.52,51,2026/8/29 12:51,Batch 2 · 324
3209,28.13,89.54,51,2026/8/29 12:52,Batch 2 · 324
3209,28.11,89.54,50,2026/8/29 12:53,Batch 2 · 324
3214,28.1,89.56,50,2026/8/29 12:54,Batch 2 · 324
3211,28.07,89.6,50,2026/8/29 12:55,Batch 2 · 324
3216,28.08,89.59,50,2026/8/29 12:56,Batch 2 · 324
3218,28.13,89.66,50,2026/8/29 12:57,Batch 2 · 324
3220,28.13,89.69,50,2026/8/29 12:58,Batch 2 · 324
3220,28.13,89.73,50,2026/8/29 12:59,Batch 2 · 324
3223,28.17,89.79,50,2026/8/29 13:00,Batch 2 · 324
3222,28.16,89.78,50,2026/8/29 13:01,Batch 2 · 324
3223,28.17,89.81,50,2026/8/29 13:02,Batch 2 · 324
3226,28.18,89.83,50,2026/8/29 13:03,Batch 2 · 324
3228,28.22,89.88,50,2026/8/29 13:04,Batch 2 · 324
3228,28.2,89.86,50,2026/8/29 13:05,Batch 2 · 324
3229,28.22,89.84,51,2026/8/29 13:06,Batch 2 · 324
3228,28.24,89.85,51,2026/8/29 13:07,Batch 2 · 324
3232,28.24,89.87,51,2026/8/29 13:08,Batch 2 · 324
3237,28.25,89.84,51,2026/8/29 13:09,Batch 2 · 324
3240,28.24,89.86,51,2026/8/29 13:10,Batch 2 · 324
3237,28.25,89.85,51,2026/8/29 13:11,Batch 2 · 324
3237,28.27,89.89,52,2026/8/29 13:13,Batch 2 · 324
3240,28.28,89.92,52,2026/8/29 13:14,Batch 2 · 324
3247,28.31,89.9,52,2026/8/29 13:15,Batch 2 · 324
3248,28.31,89.92,52,2026/8/29 13:16,Batch 2 · 324
3245,28.3,89.93,52,2026/8/29 13:17,Batch 2 · 324
3246,28.35,89.96,52,2026/8/29 13:18,Batch 2 · 324
3248,28.37,89.96,52,2026/8/29 13:19,Batch 2 · 324
3251,28.38,89.99,52,2026/8/29 13:20,Batch 2 · 324
3249,28.37,89.94,52,2026/8/29 13:21,Batch 2 · 324
3254,28.41,89.94,52,2026/8/29 13:22,Batch 2 · 324
3255,28.41,89.96,53,2026/8/29 13:23,Batch 2 · 324
3259,28.42,89.94,53,2026/8/29 13:24,Batch 2 · 324
3261,28.42,89.97,53,2026/8/29 13:25,Batch 2 · 324
3259,28.45,89.95,53,2026/8/29 13:26,Batch 2 · 324
3263,28.45,89.89,53,2026/8/29 13:27,Batch 2 · 324
3262,28.45,89.9,53,2026/8/29 13:28,Batch 2 · 324
3263,28.45,89.89,53,2026/8/29 13:29,Batch 2 · 324
3266,28.42,89.87,53,2026/8/29 13:30,Batch 2 · 324
3268,28.45,89.85,53,2026/8/29 13:31,Batch 2 · 324
3271,28.45,89.82,53,2026/8/29 13:32,Batch 2 · 324
3273,28.45,89.84,53,2026/8/29 13:33,Batch 2 · 324
3276,28.45,89.83,54,2026/8/29 13:34,Batch 2 · 324
3277,28.45,89.78,54,2026/8/29 13:35,Batch 2 · 324
3277,28.45,89.81,54,2026/8/29 13:36,Batch 2 · 324
3275,28.45,89.82,54,2026/8/29 13:37,Batch 2 · 324
3277,28.44,89.77,54,2026/8/29 13:38,Batch 2 · 324
3277,28.42,89.75,54,2026/8/29 13:39,Batch 2 · 324
3280,28.44,89.75,54,2026/8/29 13:40,Batch 2 · 324
3280,28.42,89.74,54,2026/8/29 13:41,Batch 2 · 324
3289,28.44,89.77,54,2026/8/29 13:42,Batch 2 · 324
3287,28.44,89.75,54,2026/8/29 13:43,Batch 2 · 324
3286,28.42,89.72,55,2026/8/29 13:44,Batch 2 · 324
3288,28.44,89.74,55,2026/8/29 13:45,Batch 2 · 324
3297,28.44,89.77,55,2026/8/29 13:46,Batch 2 · 324
3290,28.44,89.73,55,2026/8/29 13:47,Batch 2 · 324
3295,28.41,89.73,55,2026/8/29 13:48,Batch 2 · 324
3295,28.44,89.72,55,2026/8/29 13:49,Batch 2 · 324
3298,28.44,89.72,55,2026/8/29 13:50,Batch 2 · 324
3306,28.41,89.71,55,2026/8/29 13:51,Batch 2 · 324
3300,28.41,89.75,55,2026/8/29 13:52,Batch 2 · 324
3300,28.42,89.73,55,2026/8/29 13:53,Batch 2 · 324
3302,28.42,89.72,55,2026/8/29 13:54,Batch 2 · 324
3302,28.41,89.75,55,2026/8/29 13:55,Batch 2 · 324
3302,28.41,89.71,55,2026/8/29 13:56,Batch 2 · 324
3312,28.4,89.7,55,2026/8/29 13:58,Batch 2 · 324
3315,28.41,89.72,55,2026/8/29 13:59,Batch 2 · 324
3310,28.41,89.71,55,2026/8/29 14:00,Batch 2 · 324
3319,28.4,89.72,55,2026/8/29 14:01,Batch 2 · 324
3313,28.4,89.73,55,2026/8/29 14:02,Batch 2 · 324
3319,28.41,89.71,55,2026/8/29 14:03,Batch 2 · 324
3319,28.42,89.72,55,2026/8/29 14:04,Batch 2 · 324
3321,28.41,89.77,55,2026/8/29 14:05,Batch 2 · 324
3321,28.4,89.72,55,2026/8/29 14:06,Batch 2 · 324
3324,28.42,89.7,55,2026/8/29 14:07,Batch 2 · 324
3324,28.42,89.73,55,2026/8/29 14:08,Batch 2 · 324
3325,28.44,89.74,55,2026/8/29 14:09,Batch 2 · 324
3324,28.42,89.74,55,2026/8/29 14:10,Batch 2 · 324
3328,28.42,89.78,55,2026/8/29 14:11,Batch 2 · 324
3332,28.42,89.77,55,2026/8/29 14:12,Batch 2 · 324
3331,28.45,89.81,56,2026/8/29 14:13,Batch 2 · 324
3335,28.44,89.8,56,2026/8/29 14:14,Batch 2 · 324
3339,28.46,89.82,56,2026/8/29 14:15,Batch 2 · 324
3339,28.46,89.8,56,2026/8/29 14:16,Batch 2 · 324
3342,28.46,89.84,56,2026/8/29 14:17,Batch 2 · 324
3337,28.46,89.82,56,2026/8/29 14:18,Batch 2 · 324
3341,28.5,89.8,56,2026/8/29 14:19,Batch 2 · 324
3344,28.5,89.79,57,2026/8/29 14:20,Batch 2 · 324
3346,28.46,89.79,57,2026/8/29 14:21,Batch 2 · 324
3344,28.48,89.77,57,2026/8/29 14:22,Batch 2 · 324
3349,28.49,89.78,57,2026/8/29 14:23,Batch 2 · 324
3350,28.5,89.75,57,2026/8/29 14:24,Batch 2 · 324
3349,28.49,89.77,57,2026/8/29 14:25,Batch 2 · 324
3351,28.48,89.75,57,2026/8/29 14:26,Batch 2 · 324
3356,28.5,89.78,57,2026/8/29 14:27,Batch 2 · 324
3357,28.46,89.7,57,2026/8/29 14:28,Batch 2 · 324
3358,28.5,89.73,57,2026/8/29 14:29,Batch 2 · 324
3353,28.49,89.72,58,2026/8/29 14:30,Batch 2 · 324
3353,28.49,89.69,57,2026/8/29 14:31,Batch 2 · 324
3354,28.49,89.68,58,2026/8/29 14:32,Batch 2 · 324
3358,28.46,89.73,58,2026/8/29 14:33,Batch 2 · 324
3367,28.48,89.73,58,2026/8/29 14:34,Batch 2 · 324
3367,28.49,89.69,58,2026/8/29 14:35,Batch 2 · 324
3366,28.49,89.67,58,2026/8/29 14:36,Batch 2 · 324
3369,28.45,89.69,58,2026/8/29 14:37,Batch 2 · 324
3371,28.46,89.69,58,2026/8/29 14:38,Batch 2 · 324
3374,28.46,89.67,58,2026/8/29 14:39,Batch 2 · 324
3372,28.49,89.68,58,2026/8/29 14:40,Batch 2 · 324
3377,28.45,89.63,58,2026/8/29 14:42,Batch 2 · 324
3375,28.45,89.66,58,2026/8/29 14:43,Batch 2 · 324
3379,28.46,89.64,58,2026/8/29 14:44,Batch 2 · 324
3380,28.44,89.63,58,2026/8/29 14:45,Batch 2 · 324
3381,28.45,89.62,58,2026/8/29 14:46,Batch 2 · 324
3381,28.45,89.63,58,2026/8/29 14:47,Batch 2 · 324
3381,28.44,89.64,58,2026/8/29 14:48,Batch 2 · 324
3385,28.42,89.64,58,2026/8/29 14:49,Batch 2 · 324
3387,28.42,89.63,58,2026/8/29 14:50,Batch 2 · 324
3386,28.42,89.57,58,2026/8/29 14:51,Batch 2 · 324
3387,28.42,89.61,58,2026/8/29 14:52,Batch 2 · 324
3395,28.42,89.58,58,2026/8/29 14:53,Batch 2 · 324
3399,28.41,89.58,58,2026/8/29 14:54,Batch 2 · 324
3399,28.41,89.58,58,2026/8/29 14:55,Batch 2 · 324
3397,28.4,89.56,58,2026/8/29 14:56,Batch 2 · 324
3398,28.38,89.58,58,2026/8/29 14:57,Batch 2 · 324
3400,28.37,89.56,58,2026/8/29 14:58,Batch 2 · 324
3403,28.4,89.54,58,2026/8/29 14:59,Batch 2 · 324
3405,28.35,89.54,58,2026/8/29 15:00,Batch 2 · 324
3406,28.37,89.57,58,2026/8/29 15:01,Batch 2 · 324
3409,28.38,89.56,58,2026/8/29 15:02,Batch 2 · 324
3413,28.37,89.56,58,2026/8/29 15:03,Batch 2 · 324
3409,28.37,89.59,58,2026/8/29 15:04,Batch 2 · 324
3409,28.37,89.6,58,2026/8/29 15:05,Batch 2 · 324
3410,28.37,89.58,58,2026/8/29 15:06,Batch 2 · 324
3413,28.35,89.61,58,2026/8/29 15:07,Batch 2 · 324
3414,28.34,89.6,59,2026/8/29 15:08,Batch 2 · 324
3413,28.32,89.57,59,2026/8/29 15:09,Batch 2 · 324
3418,28.34,89.63,59,2026/8/29 15:10,Batch 2 · 324
3419,28.35,89.61,59,2026/8/29 15:11,Batch 2 · 324
3419,28.35,89.62,59,2026/8/29 15:12,Batch 2 · 324
3419,28.34,89.61,59,2026/8/29 15:13,Batch 2 · 324
3425,28.35,89.62,59,2026/8/29 15:14,Batch 2 · 324
3428,28.35,89.64,60,2026/8/29 15:15,Batch 2 · 324
3427,28.34,89.65,59,2026/8/29 15:16,Batch 2 · 324
3427,28.34,89.63,59,2026/8/29 15:17,Batch 2 · 324
3429,28.37,89.66,60,2026/8/29 15:18,Batch 2 · 324
592,25.82,80.51,0,2026/8/28 15:18,Batch 2 · 412
595,25.85,82.25,0,2026/8/28 15:19,Batch 2 · 412
599,25.85,83.37,0,2026/8/28 15:20,Batch 2 · 412
600,25.89,84.23,0,2026/8/28 15:21,Batch 2 · 412
603,25.93,84.92,0,2026/8/28 15:22,Batch 2 · 412
604,26.03,86.04,0,2026/8/28 15:23,Batch 2 · 412
605,26.13,86.73,0,2026/8/28 15:24,Batch 2 · 412
607,26.18,87.17,0,2026/8/28 15:25,Batch 2 · 412
609,26.25,87.55,0,2026/8/28 15:26,Batch 2 · 412
611,26.3,87.83,0,2026/8/28 15:27,Batch 2 · 412
613,26.34,88.04,0,2026/8/28 15:28,Batch 2 · 412
614,26.41,88.23,0,2026/8/28 15:29,Batch 2 · 412
617,26.45,88.43,0,2026/8/28 15:30,Batch 2 · 412
618,26.52,88.53,0,2026/8/28 15:31,Batch 2 · 412
619,26.59,88.67,0,2026/8/28 15:32,Batch 2 · 412
622,26.65,88.81,0,2026/8/28 15:33,Batch 2 · 412
624,26.73,88.93,0,2026/8/28 15:34,Batch 2 · 412
625,26.77,89.02,0,2026/8/28 15:35,Batch 2 · 412
625,26.8,89.08,0,2026/8/28 15:36,Batch 2 · 412
627,26.88,89.2,0,2026/8/28 15:37,Batch 2 · 412
628,26.93,89.3,0,2026/8/28 15:38,Batch 2 · 412
631,27,89.35,0,2026/8/28 15:39,Batch 2 · 412
632,27.03,89.37,0,2026/8/28 15:40,Batch 2 · 412
633,27.05,89.46,0,2026/8/28 15:41,Batch 2 · 412
635,27.13,89.52,0,2026/8/28 15:42,Batch 2 · 412
637,27.18,89.57,0,2026/8/28 15:43,Batch 2 · 412
639,27.22,89.63,0,2026/8/28 15:44,Batch 2 · 412
641,27.27,89.62,0,2026/8/28 15:45,Batch 2 · 412
642,27.35,89.65,0,2026/8/28 15:46,Batch 2 · 412
646,27.38,89.7,0,2026/8/28 15:47,Batch 2 · 412
647,27.4,89.71,0,2026/8/28 15:48,Batch 2 · 412
649,27.45,89.71,0,2026/8/28 15:49,Batch 2 · 412
651,27.47,89.75,0,2026/8/28 15:50,Batch 2 · 412
652,27.53,89.73,0,2026/8/28 15:51,Batch 2 · 412
654,27.57,89.78,0,2026/8/28 15:52,Batch 2 · 412
656,27.61,89.79,0,2026/8/28 15:53,Batch 2 · 412
658,27.66,89.78,0,2026/8/28 15:54,Batch 2 · 412
660,27.68,89.78,0,2026/8/28 15:55,Batch 2 · 412
661,27.73,89.8,0,2026/8/28 15:56,Batch 2 · 412
663,27.76,89.78,0,2026/8/28 15:57,Batch 2 · 412
666,27.77,89.74,0,2026/8/28 15:58,Batch 2 · 412
667,27.81,89.76,0,2026/8/28 15:59,Batch 2 · 412
669,27.85,89.73,0,2026/8/28 16:00,Batch 2 · 412
671,27.84,89.71,0,2026/8/28 16:01,Batch 2 · 412
674,27.87,89.67,0,2026/8/28 16:02,Batch 2 · 412
675,27.91,89.67,0,2026/8/28 16:03,Batch 2 · 412
676,27.92,89.65,0,2026/8/28 16:04,Batch 2 · 412
677,27.97,89.64,6,2026/8/28 16:05,Batch 2 · 412
678,27.95,89.65,6,2026/8/28 16:06,Batch 2 · 412
681,28.01,89.68,6,2026/8/28 16:07,Batch 2 · 412
684,28.05,89.62,7,2026/8/28 16:08,Batch 2 · 412
685,28.06,89.66,7,2026/8/28 16:09,Batch 2 · 412
687,28.06,89.67,7,2026/8/28 16:11,Batch 2 · 412
688,28.13,89.66,8,2026/8/28 16:12,Batch 2 · 412
690,28.13,89.67,8,2026/8/28 16:13,Batch 2 · 412
692,28.17,89.63,8,2026/8/28 16:14,Batch 2 · 412
694,28.2,89.66,9,2026/8/28 16:15,Batch 2 · 412
697,28.22,89.64,9,2026/8/28 16:16,Batch 2 · 412
697,28.25,89.66,10,2026/8/28 16:17,Batch 2 · 412
699,28.26,89.63,10,2026/8/28 16:18,Batch 2 · 412
703,28.28,89.62,10,2026/8/28 16:19,Batch 2 · 412
703,28.28,89.58,11,2026/8/28 16:20,Batch 2 · 412
704,28.32,89.58,11,2026/8/28 16:21,Batch 2 · 412
706,28.3,89.57,11,2026/8/28 16:22,Batch 2 · 412
707,28.3,89.52,12,2026/8/28 16:23,Batch 2 · 412
710,28.33,89.54,12,2026/8/28 16:24,Batch 2 · 412
712,28.33,89.48,13,2026/8/28 16:25,Batch 2 · 412
711,28.34,89.47,13,2026/8/28 16:26,Batch 2 · 412
712,28.33,89.42,13,2026/8/28 16:27,Batch 2 · 412
714,28.32,89.4,14,2026/8/28 16:28,Batch 2 · 412
716,28.34,89.39,14,2026/8/28 16:29,Batch 2 · 412
718,28.36,89.37,14,2026/8/28 16:30,Batch 2 · 412
719,28.34,89.37,15,2026/8/28 16:31,Batch 2 · 412
719,28.34,89.36,15,2026/8/28 16:32,Batch 2 · 412
722,28.37,89.31,16,2026/8/28 16:33,Batch 2 · 412
725,28.39,89.34,16,2026/8/28 16:34,Batch 2 · 412
725,28.37,89.35,16,2026/8/28 16:35,Batch 2 · 412
725,28.37,89.35,17,2026/8/28 16:36,Batch 2 · 412
727,28.4,89.36,17,2026/8/28 16:37,Batch 2 · 412
729,28.39,89.3,18,2026/8/28 16:38,Batch 2 · 412
731,28.37,89.31,18,2026/8/28 16:39,Batch 2 · 412
733,28.39,89.35,19,2026/8/28 16:40,Batch 2 · 412
734,28.4,89.36,19,2026/8/28 16:41,Batch 2 · 412
736,28.39,89.36,19,2026/8/28 16:42,Batch 2 · 412
738,28.4,89.35,20,2026/8/28 16:43,Batch 2 · 412
740,28.39,89.36,20,2026/8/28 16:44,Batch 2 · 412
742,28.37,89.37,20,2026/8/28 16:45,Batch 2 · 412
743,28.41,89.38,21,2026/8/28 16:46,Batch 2 · 412
744,28.39,89.38,21,2026/8/28 16:47,Batch 2 · 412
746,28.4,89.44,22,2026/8/28 16:48,Batch 2 · 412
748,28.4,89.41,22,2026/8/28 16:49,Batch 2 · 412
749,28.41,89.41,23,2026/8/28 16:50,Batch 2 · 412
751,28.43,89.4,23,2026/8/28 16:51,Batch 2 · 412
753,28.44,89.43,24,2026/8/28 16:52,Batch 2 · 412
754,28.43,89.42,24,2026/8/28 16:53,Batch 2 · 412
755,28.44,89.43,24,2026/8/28 16:54,Batch 2 · 412
756,28.44,89.42,25,2026/8/28 16:55,Batch 2 · 412
759,28.47,89.47,25,2026/8/28 16:56,Batch 2 · 412
760,28.46,89.47,26,2026/8/28 16:57,Batch 2 · 412
762,28.47,89.46,26,2026/8/28 16:58,Batch 2 · 412
763,28.49,89.48,27,2026/8/28 16:59,Batch 2 · 412
766,28.46,89.51,27,2026/8/28 17:00,Batch 2 · 412
767,28.49,89.48,27,2026/8/28 17:01,Batch 2 · 412
768,28.49,89.52,28,2026/8/28 17:02,Batch 2 · 412
770,28.49,89.52,28,2026/8/28 17:03,Batch 2 · 412
771,28.5,89.53,29,2026/8/28 17:04,Batch 2 · 412
773,28.47,89.52,29,2026/8/28 17:05,Batch 2 · 412
775,28.51,89.53,30,2026/8/28 17:06,Batch 2 · 412
776,28.5,89.53,30,2026/8/28 17:07,Batch 2 · 412
779,28.5,89.55,31,2026/8/28 17:08,Batch 2 · 412
781,28.5,89.54,31,2026/8/28 17:09,Batch 2 · 412
780,28.51,89.51,31,2026/8/28 17:10,Batch 2 · 412
783,28.51,89.56,32,2026/8/28 17:11,Batch 2 · 412
783,28.53,89.56,32,2026/8/28 17:12,Batch 2 · 412
786,28.51,89.57,33,2026/8/28 17:13,Batch 2 · 412
788,28.53,89.53,33,2026/8/28 17:14,Batch 2 · 412
791,28.51,89.57,33,2026/8/28 17:15,Batch 2 · 412
791,28.5,89.51,34,2026/8/28 17:16,Batch 2 · 412
792,28.53,89.55,34,2026/8/28 17:17,Batch 2 · 412
794,28.51,89.52,34,2026/8/28 17:18,Batch 2 · 412
795,28.49,89.52,35,2026/8/28 17:19,Batch 2 · 412
797,28.49,89.5,35,2026/8/28 17:20,Batch 2 · 412
800,28.49,89.52,35,2026/8/28 17:21,Batch 2 · 412
802,28.5,89.47,36,2026/8/28 17:22,Batch 2 · 412
804,28.49,89.49,36,2026/8/28 17:23,Batch 2 · 412
804,28.47,89.46,37,2026/8/28 17:24,Batch 2 · 412
806,28.44,89.46,37,2026/8/28 17:25,Batch 2 · 412
808,28.46,89.49,37,2026/8/28 17:26,Batch 2 · 412
809,28.43,89.42,38,2026/8/28 17:27,Batch 2 · 412
809,28.46,89.44,38,2026/8/28 17:28,Batch 2 · 412
811,28.43,89.43,38,2026/8/28 17:29,Batch 2 · 412
811,28.43,89.43,39,2026/8/28 17:30,Batch 2 · 412
814,28.43,89.48,39,2026/8/28 17:31,Batch 2 · 412
817,28.46,89.48,39,2026/8/28 17:32,Batch 2 · 412
818,28.41,89.51,39,2026/8/28 17:33,Batch 2 · 412
818,28.43,89.55,40,2026/8/28 17:34,Batch 2 · 412
820,28.41,89.56,40,2026/8/28 17:35,Batch 2 · 412
822,28.41,89.56,41,2026/8/28 17:36,Batch 2 · 412
823,28.44,89.6,41,2026/8/28 17:37,Batch 2 · 412
824,28.44,89.6,41,2026/8/28 17:38,Batch 2 · 412
827,28.46,89.63,42,2026/8/28 17:39,Batch 2 · 412
829,28.47,89.64,42,2026/8/28 17:40,Batch 2 · 412
830,28.47,89.69,42,2026/8/28 17:41,Batch 2 · 412
831,28.5,89.68,43,2026/8/28 17:42,Batch 2 · 412
830,28.5,89.72,43,2026/8/28 17:43,Batch 2 · 412
833,28.53,89.74,43,2026/8/28 17:44,Batch 2 · 412
836,28.51,89.76,44,2026/8/28 17:45,Batch 2 · 412
836,28.54,89.74,44,2026/8/28 17:46,Batch 2 · 412
838,28.53,89.77,45,2026/8/28 17:47,Batch 2 · 412
839,28.56,89.77,45,2026/8/28 17:48,Batch 2 · 412
840,28.54,89.75,46,2026/8/28 17:49,Batch 2 · 412
843,28.56,89.77,46,2026/8/28 17:50,Batch 2 · 412
843,28.57,89.73,46,2026/8/28 17:51,Batch 2 · 412
846,28.56,89.72,47,2026/8/28 17:52,Batch 2 · 412
848,28.57,89.72,47,2026/8/28 17:53,Batch 2 · 412
848,28.57,89.74,48,2026/8/28 17:54,Batch 2 · 412
850,28.57,89.71,48,2026/8/28 17:55,Batch 2 · 412
853,28.57,89.7,48,2026/8/28 17:56,Batch 2 · 412
854,28.58,89.72,49,2026/8/28 17:57,Batch 2 · 412
857,28.58,89.67,49,2026/8/28 17:58,Batch 2 · 412
857,28.58,89.68,49,2026/8/28 17:59,Batch 2 · 412
859,28.6,89.71,50,2026/8/28 18:00,Batch 2 · 412
860,28.58,89.7,50,2026/8/28 18:01,Batch 2 · 412
862,28.6,89.71,50,2026/8/28 18:02,Batch 2 · 412
862,28.62,89.72,50,2026/8/28 18:03,Batch 2 · 412
865,28.6,89.74,51,2026/8/28 18:04,Batch 2 · 412
868,28.62,89.72,52,2026/8/28 18:05,Batch 2 · 412
870,28.65,89.74,52,2026/8/28 18:06,Batch 2 · 412
870,28.62,89.76,52,2026/8/28 18:07,Batch 2 · 412
872,28.68,89.78,53,2026/8/28 18:08,Batch 2 · 412
873,28.65,89.74,53,2026/8/28 18:09,Batch 2 · 412
874,28.65,89.73,54,2026/8/28 18:10,Batch 2 · 412
877,28.67,89.76,54,2026/8/28 18:11,Batch 2 · 412
879,28.65,89.76,54,2026/8/28 18:12,Batch 2 · 412
883,28.65,89.77,55,2026/8/28 18:13,Batch 2 · 412
884,28.69,89.76,55,2026/8/28 18:14,Batch 2 · 412
887,28.68,89.78,55,2026/8/28 18:15,Batch 2 · 412
888,28.68,89.78,56,2026/8/28 18:16,Batch 2 · 412
889,28.68,89.77,57,2026/8/28 18:17,Batch 2 · 412
893,28.71,89.78,57,2026/8/28 18:18,Batch 2 · 412
893,28.68,89.76,57,2026/8/28 18:19,Batch 2 · 412
895,28.68,89.76,57,2026/8/28 18:20,Batch 2 · 412
897,28.69,89.74,58,2026/8/28 18:21,Batch 2 · 412
899,28.68,89.73,58,2026/8/28 18:22,Batch 2 · 412
901,28.68,89.74,59,2026/8/28 18:24,Batch 2 · 412
902,28.69,89.72,59,2026/8/28 18:25,Batch 2 · 412
905,28.67,89.69,59,2026/8/28 18:26,Batch 2 · 412
904,28.67,89.69,60,2026/8/28 18:27,Batch 2 · 412
910,28.67,89.65,60,2026/8/28 18:28,Batch 2 · 412
912,28.68,89.68,60,2026/8/28 18:29,Batch 2 · 412
912,28.65,89.64,60,2026/8/28 18:30,Batch 2 · 412
914,28.64,89.64,61,2026/8/28 18:31,Batch 2 · 412
918,28.65,89.63,61,2026/8/28 18:32,Batch 2 · 412
919,28.67,89.65,61,2026/8/28 18:33,Batch 2 · 412
922,28.67,89.68,62,2026/8/28 18:34,Batch 2 · 412
924,28.65,89.63,62,2026/8/28 18:35,Batch 2 · 412
925,28.62,89.63,62,2026/8/28 18:36,Batch 2 · 412
927,28.65,89.67,63,2026/8/28 18:37,Batch 2 · 412
929,28.64,89.68,63,2026/8/28 18:38,Batch 2 · 412
931,28.67,89.7,63,2026/8/28 18:39,Batch 2 · 412
933,28.67,89.71,64,2026/8/28 18:40,Batch 2 · 412
934,28.65,89.68,64,2026/8/28 18:41,Batch 2 · 412
937,28.67,89.71,64,2026/8/28 18:42,Batch 2 · 412
939,28.67,89.72,64,2026/8/28 18:43,Batch 2 · 412
942,28.67,89.76,64,2026/8/28 18:44,Batch 2 · 412
946,28.67,89.74,65,2026/8/28 18:45,Batch 2 · 412
946,28.67,89.73,65,2026/8/28 18:46,Batch 2 · 412
945,28.68,89.75,66,2026/8/28 18:47,Batch 2 · 412
948,28.69,89.78,66,2026/8/28 18:48,Batch 2 · 412
951,28.68,89.8,66,2026/8/28 18:49,Batch 2 · 412
954,28.68,89.81,67,2026/8/28 18:50,Batch 2 · 412
956,28.72,89.8,67,2026/8/28 18:51,Batch 2 · 412
957,28.71,89.83,68,2026/8/28 18:52,Batch 2 · 412
960,28.69,89.79,68,2026/8/28 18:53,Batch 2 · 412
962,28.72,89.8,68,2026/8/28 18:54,Batch 2 · 412
962,28.74,89.85,68,2026/8/28 18:55,Batch 2 · 412
965,28.72,89.8,69,2026/8/28 18:56,Batch 2 · 412
965,28.74,89.83,69,2026/8/28 18:57,Batch 2 · 412
966,28.74,89.83,70,2026/8/28 18:58,Batch 2 · 412
971,28.69,89.79,70,2026/8/28 18:59,Batch 2 · 412
971,28.72,89.82,70,2026/8/28 19:00,Batch 2 · 412
974,28.72,89.78,70,2026/8/28 19:01,Batch 2 · 412
977,28.71,89.8,71,2026/8/28 19:02,Batch 2 · 412
977,28.72,89.74,71,2026/8/28 19:03,Batch 2 · 412
979,28.71,89.77,71,2026/8/28 19:04,Batch 2 · 412
981,28.71,89.71,72,2026/8/28 19:05,Batch 2 · 412
982,28.68,89.71,72,2026/8/28 19:06,Batch 2 · 412
985,28.69,89.69,72,2026/8/28 19:07,Batch 2 · 412
989,28.67,89.66,72,2026/8/28 19:08,Batch 2 · 412
992,28.65,89.61,73,2026/8/28 19:09,Batch 2 · 412
993,28.64,89.59,73,2026/8/28 19:10,Batch 2 · 412
995,28.65,89.58,73,2026/8/28 19:11,Batch 2 · 412
998,28.62,89.54,73,2026/8/28 19:12,Batch 2 · 412
1000,28.62,89.53,73,2026/8/28 19:13,Batch 2 · 412
1001,28.57,89.49,74,2026/8/28 19:14,Batch 2 · 412
1003,28.58,89.45,74,2026/8/28 19:15,Batch 2 · 412
1008,28.58,89.42,74,2026/8/28 19:16,Batch 2 · 412
1008,28.57,89.45,75,2026/8/28 19:17,Batch 2 · 412
1009,28.56,89.4,75,2026/8/28 19:18,Batch 2 · 412
1013,28.56,89.43,75,2026/8/28 19:19,Batch 2 · 412
1013,28.54,89.45,75,2026/8/28 19:20,Batch 2 · 412
1016,28.56,89.45,76,2026/8/28 19:21,Batch 2 · 412
1018,28.56,89.49,76,2026/8/28 19:22,Batch 2 · 412
1019,28.56,89.5,76,2026/8/28 19:23,Batch 2 · 412
1020,28.56,89.56,76,2026/8/28 19:24,Batch 2 · 412
1023,28.54,89.53,76,2026/8/28 19:25,Batch 2 · 412
1023,28.56,89.62,77,2026/8/28 19:26,Batch 2 · 412
1023,28.57,89.62,77,2026/8/28 19:27,Batch 2 · 412
1027,28.6,89.67,78,2026/8/28 19:28,Batch 2 · 412
1030,28.54,89.65,78,2026/8/28 19:29,Batch 2 · 412
1032,28.54,89.67,78,2026/8/28 19:30,Batch 2 · 412
1035,28.56,89.67,78,2026/8/28 19:31,Batch 2 · 412
1037,28.57,89.68,78,2026/8/28 19:32,Batch 2 · 412
1038,28.57,89.71,79,2026/8/28 19:33,Batch 2 · 412
1039,28.57,89.74,79,2026/8/28 19:34,Batch 2 · 412
1042,28.57,89.74,79,2026/8/28 19:35,Batch 2 · 412
1043,28.57,89.77,80,2026/8/28 19:36,Batch 2 · 412
1045,28.57,89.71,80,2026/8/28 19:37,Batch 2 · 412
1046,28.56,89.75,80,2026/8/28 19:38,Batch 2 · 412
1049,28.58,89.75,80,2026/8/28 19:39,Batch 2 · 412
1050,28.58,89.76,80,2026/8/28 19:40,Batch 2 · 412
1051,28.57,89.74,81,2026/8/28 19:41,Batch 2 · 412
1054,28.57,89.74,81,2026/8/28 19:42,Batch 2 · 412
1058,28.57,89.74,82,2026/8/28 19:43,Batch 2 · 412
1060,28.57,89.69,82,2026/8/28 19:44,Batch 2 · 412
1061,28.57,89.72,82,2026/8/28 19:45,Batch 2 · 412
1066,28.53,89.67,82,2026/8/28 19:46,Batch 2 · 412
1068,28.54,89.65,82,2026/8/28 19:47,Batch 2 · 412
1069,28.56,89.67,82,2026/8/28 19:48,Batch 2 · 412
1072,28.54,89.66,82,2026/8/28 19:49,Batch 2 · 412
1074,28.53,89.66,83,2026/8/28 19:50,Batch 2 · 412
1076,28.51,89.65,83,2026/8/28 19:51,Batch 2 · 412
1075,28.51,89.65,83,2026/8/28 19:52,Batch 2 · 412
1080,28.49,89.64,83,2026/8/28 19:53,Batch 2 · 412
1082,28.53,89.66,84,2026/8/28 19:54,Batch 2 · 412
1085,28.51,89.66,84,2026/8/28 19:55,Batch 2 · 412
1084,28.51,89.65,84,2026/8/28 19:56,Batch 2 · 412
1087,28.54,89.72,84,2026/8/28 19:57,Batch 2 · 412
1090,28.54,89.72,84,2026/8/28 19:58,Batch 2 · 412
1091,28.53,89.73,84,2026/8/28 19:59,Batch 2 · 412
1094,28.56,89.75,84,2026/8/28 20:00,Batch 2 · 412
1097,28.53,89.76,85,2026/8/28 20:01,Batch 2 · 412
1099,28.56,89.79,85,2026/8/28 20:02,Batch 2 · 412
1100,28.54,89.8,86,2026/8/28 20:03,Batch 2 · 412
1101,28.56,89.83,86,2026/8/28 20:04,Batch 2 · 412
1103,28.56,89.85,86,2026/8/28 20:05,Batch 2 · 412
1106,28.57,89.83,86,2026/8/28 20:06,Batch 2 · 412
1109,28.57,89.88,86,2026/8/28 20:07,Batch 2 · 412
1111,28.57,89.86,87,2026/8/28 20:08,Batch 2 · 412
1111,28.57,89.9,87,2026/8/28 20:09,Batch 2 · 412
1114,28.6,89.91,87,2026/8/28 20:10,Batch 2 · 412
1115,28.6,89.93,88,2026/8/28 20:11,Batch 2 · 412
1118,28.61,89.93,89,2026/8/28 20:12,Batch 2 · 412
1120,28.64,89.97,89,2026/8/28 20:13,Batch 2 · 412
1121,28.62,89.97,89,2026/8/28 20:14,Batch 2 · 412
1123,28.62,89.98,89,2026/8/28 20:15,Batch 2 · 412
1127,28.64,89.94,89,2026/8/28 20:16,Batch 2 · 412
1128,28.65,89.97,90,2026/8/28 20:17,Batch 2 · 412
1129,28.62,89.97,90,2026/8/28 20:19,Batch 2 · 412
1133,28.65,89.94,91,2026/8/28 20:20,Batch 2 · 412
1135,28.68,89.99,91,2026/8/28 20:21,Batch 2 · 412
1136,28.67,89.98,91,2026/8/28 20:22,Batch 2 · 412
1138,28.68,89.95,92,2026/8/28 20:23,Batch 2 · 412
1141,28.67,89.94,92,2026/8/28 20:24,Batch 2 · 412
1142,28.65,89.91,92,2026/8/28 20:25,Batch 2 · 412
1147,28.67,89.84,93,2026/8/28 20:26,Batch 2 · 412
1147,28.65,89.82,93,2026/8/28 20:27,Batch 2 · 412
1149,28.67,89.83,93,2026/8/28 20:28,Batch 2 · 412
1153,28.65,89.8,93,2026/8/28 20:29,Batch 2 · 412
1153,28.67,89.79,93,2026/8/28 20:30,Batch 2 · 412
1155,28.65,89.75,93,2026/8/28 20:31,Batch 2 · 412
1156,28.65,89.72,93,2026/8/28 20:32,Batch 2 · 412
1161,28.67,89.73,94,2026/8/28 20:33,Batch 2 · 412
1161,28.67,89.72,94,2026/8/28 20:34,Batch 2 · 412
1162,28.64,89.71,95,2026/8/28 20:35,Batch 2 · 412
1167,28.67,89.73,95,2026/8/28 20:36,Batch 2 · 412
1168,28.64,89.69,95,2026/8/28 20:37,Batch 2 · 412
1170,28.64,89.69,95,2026/8/28 20:38,Batch 2 · 412
1172,28.64,89.71,95,2026/8/28 20:39,Batch 2 · 412
1174,28.62,89.62,95,2026/8/28 20:40,Batch 2 · 412
1177,28.62,89.65,95,2026/8/28 20:41,Batch 2 · 412
1179,28.62,89.62,96,2026/8/28 20:42,Batch 2 · 412
1180,28.64,89.61,96,2026/8/28 20:43,Batch 2 · 412
1180,28.6,89.6,96,2026/8/28 20:44,Batch 2 · 412
1181,28.56,89.59,96,2026/8/28 20:45,Batch 2 · 412
1187,28.57,89.55,96,2026/8/28 20:46,Batch 2 · 412
1186,28.57,89.51,96,2026/8/28 20:47,Batch 2 · 412
1189,28.57,89.54,96,2026/8/28 20:48,Batch 2 · 412
1194,28.54,89.47,96,2026/8/28 20:49,Batch 2 · 412
1193,28.56,89.45,96,2026/8/28 20:50,Batch 2 · 412
1198,28.54,89.48,96,2026/8/28 20:51,Batch 2 · 412
1202,28.5,89.45,96,2026/8/28 20:52,Batch 2 · 412
1202,28.51,89.44,96,2026/8/28 20:53,Batch 2 · 412
1204,28.5,89.46,96,2026/8/28 20:54,Batch 2 · 412
1205,28.5,89.44,96,2026/8/28 20:55,Batch 2 · 412
1210,28.51,89.51,96,2026/8/28 20:56,Batch 2 · 412
1212,28.49,89.49,96,2026/8/28 20:57,Batch 2 · 412
1213,28.5,89.53,96,2026/8/28 20:58,Batch 2 · 412
1214,28.51,89.58,97,2026/8/28 20:59,Batch 2 · 412
1218,28.51,89.6,97,2026/8/28 21:00,Batch 2 · 412
1218,28.5,89.63,97,2026/8/28 21:01,Batch 2 · 412
1221,28.49,89.64,98,2026/8/28 21:02,Batch 2 · 412
1223,28.5,89.7,98,2026/8/28 21:03,Batch 2 · 412
1223,28.51,89.75,98,2026/8/28 21:04,Batch 2 · 412
1225,28.54,89.76,98,2026/8/28 21:05,Batch 2 · 412
1229,28.56,89.78,98,2026/8/28 21:06,Batch 2 · 412
1230,28.53,89.75,98,2026/8/28 21:07,Batch 2 · 412
1230,28.54,89.83,99,2026/8/28 21:08,Batch 2 · 412
1234,28.57,89.84,99,2026/8/28 21:09,Batch 2 · 412
1235,28.57,89.86,99,2026/8/28 21:10,Batch 2 · 412
1236,28.54,89.83,100,2026/8/28 21:11,Batch 2 · 412
1241,28.57,89.84,100,2026/8/28 21:12,Batch 2 · 412
1242,28.54,89.87,100,2026/8/28 21:13,Batch 2 · 412
1244,28.58,89.87,100,2026/8/28 21:14,Batch 2 · 412
1244,28.57,89.86,100,2026/8/28 21:15,Batch 2 · 412
1247,28.57,89.87,101,2026/8/28 21:16,Batch 2 · 412
1248,28.57,89.84,101,2026/8/28 21:17,Batch 2 · 412
1253,28.56,89.85,102,2026/8/28 21:18,Batch 2 · 412
1253,28.57,89.85,102,2026/8/28 21:19,Batch 2 · 412
1253,28.58,89.87,102,2026/8/28 21:20,Batch 2 · 412
1256,28.58,89.86,102,2026/8/28 21:21,Batch 2 · 412
1259,28.57,89.86,102,2026/8/28 21:22,Batch 2 · 412
1262,28.57,89.8,103,2026/8/28 21:23,Batch 2 · 412
1261,28.57,89.83,103,2026/8/28 21:24,Batch 2 · 412
1267,28.58,89.84,103,2026/8/28 21:25,Batch 2 · 412
1269,28.58,89.79,103,2026/8/28 21:26,Batch 2 · 412
1269,28.57,89.78,104,2026/8/28 21:27,Batch 2 · 412
1271,28.56,89.76,104,2026/8/28 21:28,Batch 2 · 412
1273,28.54,89.79,104,2026/8/28 21:29,Batch 2 · 412
1276,28.54,89.74,104,2026/8/28 21:30,Batch 2 · 412
1278,28.58,89.75,104,2026/8/28 21:31,Batch 2 · 412
1279,28.57,89.77,105,2026/8/28 21:32,Batch 2 · 412
1285,28.56,89.72,105,2026/8/28 21:33,Batch 2 · 412
1286,28.58,89.8,105,2026/8/28 21:34,Batch 2 · 412
1286,28.58,89.78,106,2026/8/28 21:35,Batch 2 · 412
1289,28.58,89.79,106,2026/8/28 21:36,Batch 2 · 412
1292,28.58,89.79,106,2026/8/28 21:37,Batch 2 · 412
1292,28.58,89.78,106,2026/8/28 21:38,Batch 2 · 412
1294,28.58,89.76,106,2026/8/28 21:39,Batch 2 · 412
1298,28.6,89.82,106,2026/8/28 21:40,Batch 2 · 412
1298,28.57,89.78,107,2026/8/28 21:41,Batch 2 · 412
1301,28.58,89.82,107,2026/8/28 21:42,Batch 2 · 412
1303,28.58,89.81,108,2026/8/28 21:43,Batch 2 · 412
1305,28.58,89.81,108,2026/8/28 21:44,Batch 2 · 412
1308,28.6,89.86,108,2026/8/28 21:45,Batch 2 · 412
1306,28.58,89.83,108,2026/8/28 21:46,Batch 2 · 412
1309,28.6,89.8,108,2026/8/28 21:47,Batch 2 · 412
1313,28.61,89.85,108,2026/8/28 21:48,Batch 2 · 412
1314,28.58,89.82,109,2026/8/28 21:49,Batch 2 · 412
1315,28.6,89.84,110,2026/8/28 21:50,Batch 2 · 412
1317,28.62,89.87,110,2026/8/28 21:51,Batch 2 · 412
1320,28.64,89.85,110,2026/8/28 21:52,Batch 2 · 412
1322,28.61,89.84,110,2026/8/28 21:53,Batch 2 · 412
1325,28.62,89.87,111,2026/8/28 21:54,Batch 2 · 412
1325,28.62,89.84,111,2026/8/28 21:55,Batch 2 · 412
1326,28.61,89.87,111,2026/8/28 21:56,Batch 2 · 412
1328,28.64,89.87,112,2026/8/28 21:58,Batch 2 · 412
1331,28.62,89.83,112,2026/8/28 21:59,Batch 2 · 412
1335,28.64,89.8,112,2026/8/28 22:00,Batch 2 · 412
1336,28.65,89.89,113,2026/8/28 22:01,Batch 2 · 412
1337,28.62,89.85,113,2026/8/28 22:02,Batch 2 · 412
1340,28.64,89.83,113,2026/8/28 22:03,Batch 2 · 412
1339,28.61,89.8,113,2026/8/28 22:04,Batch 2 · 412
1342,28.62,89.81,114,2026/8/28 22:05,Batch 2 · 412
1345,28.65,89.81,114,2026/8/28 22:06,Batch 2 · 412
1347,28.64,89.82,115,2026/8/28 22:07,Batch 2 · 412
1344,28.64,89.82,115,2026/8/28 22:08,Batch 2 · 412
1349,28.64,89.79,115,2026/8/28 22:09,Batch 2 · 412
1354,28.62,89.8,116,2026/8/28 22:10,Batch 2 · 412
1356,28.65,89.77,116,2026/8/28 22:11,Batch 2 · 412
1357,28.64,89.8,116,2026/8/28 22:12,Batch 2 · 412
1360,28.64,89.82,117,2026/8/28 22:13,Batch 2 · 412
1361,28.64,89.76,117,2026/8/28 22:14,Batch 2 · 412
1362,28.62,89.72,117,2026/8/28 22:15,Batch 2 · 412
1365,28.64,89.75,117,2026/8/28 22:16,Batch 2 · 412
1367,28.62,89.75,117,2026/8/28 22:17,Batch 2 · 412
1368,28.64,89.68,118,2026/8/28 22:18,Batch 2 · 412
1370,28.61,89.67,118,2026/8/28 22:19,Batch 2 · 412
1371,28.61,89.7,118,2026/8/28 22:20,Batch 2 · 412
1374,28.61,89.73,119,2026/8/28 22:21,Batch 2 · 412
1377,28.61,89.72,119,2026/8/28 22:22,Batch 2 · 412
1377,28.6,89.67,119,2026/8/28 22:23,Batch 2 · 412
1377,28.6,89.67,119,2026/8/28 22:24,Batch 2 · 412
1380,28.6,89.64,119,2026/8/28 22:25,Batch 2 · 412
1385,28.57,89.66,119,2026/8/28 22:26,Batch 2 · 412
1385,28.58,89.62,120,2026/8/28 22:27,Batch 2 · 412
1386,28.57,89.58,120,2026/8/28 22:28,Batch 2 · 412
1391,28.56,89.58,120,2026/8/28 22:29,Batch 2 · 412
1391,28.56,89.55,120,2026/8/28 22:30,Batch 2 · 412
1392,28.53,89.54,120,2026/8/28 22:31,Batch 2 · 412
1393,28.53,89.52,120,2026/8/28 22:32,Batch 2 · 412
1397,28.53,89.48,120,2026/8/28 22:33,Batch 2 · 412
1399,28.51,89.48,120,2026/8/28 22:34,Batch 2 · 412
1402,28.51,89.5,120,2026/8/28 22:35,Batch 2 · 412
1404,28.5,89.44,120,2026/8/28 22:36,Batch 2 · 412
1404,28.49,89.47,120,2026/8/28 22:37,Batch 2 · 412
1407,28.5,89.44,120,2026/8/28 22:38,Batch 2 · 412
1409,28.46,89.48,120,2026/8/28 22:39,Batch 2 · 412
1409,28.47,89.46,120,2026/8/28 22:40,Batch 2 · 412
1410,28.46,89.49,120,2026/8/28 22:41,Batch 2 · 412
1414,28.46,89.46,120,2026/8/28 22:42,Batch 2 · 412
1416,28.46,89.5,121,2026/8/28 22:43,Batch 2 · 412
1417,28.44,89.51,121,2026/8/28 22:44,Batch 2 · 412
1421,28.41,89.54,121,2026/8/28 22:45,Batch 2 · 412
1424,28.46,89.53,121,2026/8/28 22:46,Batch 2 · 412
1425,28.47,89.58,121,2026/8/28 22:47,Batch 2 · 412
1426,28.43,89.59,121,2026/8/28 22:48,Batch 2 · 412
1428,28.43,89.62,121,2026/8/28 22:49,Batch 2 · 412
1431,28.44,89.62,122,2026/8/28 22:50,Batch 2 · 412
1432,28.46,89.67,122,2026/8/28 22:51,Batch 2 · 412
1432,28.44,89.66,122,2026/8/28 22:52,Batch 2 · 412
1434,28.44,89.7,122,2026/8/28 22:53,Batch 2 · 412
1438,28.43,89.68,122,2026/8/28 22:54,Batch 2 · 412
1439,28.47,89.71,122,2026/8/28 22:55,Batch 2 · 412
1437,28.47,89.75,123,2026/8/28 22:56,Batch 2 · 412
1443,28.47,89.76,123,2026/8/28 22:57,Batch 2 · 412
1445,28.49,89.74,123,2026/8/28 22:58,Batch 2 · 412
1447,28.5,89.74,123,2026/8/28 22:59,Batch 2 · 412
1447,28.5,89.76,124,2026/8/28 23:00,Batch 2 · 412
1450,28.53,89.79,125,2026/8/28 23:01,Batch 2 · 412
1451,28.53,89.77,125,2026/8/28 23:02,Batch 2 · 412
1451,28.53,89.78,125,2026/8/28 23:03,Batch 2 · 412
1455,28.54,89.79,126,2026/8/28 23:04,Batch 2 · 412
1458,28.57,89.76,126,2026/8/28 23:05,Batch 2 · 412
1459,28.6,89.77,126,2026/8/28 23:06,Batch 2 · 412
1461,28.58,89.75,127,2026/8/28 23:07,Batch 2 · 412
1464,28.62,89.74,127,2026/8/28 23:08,Batch 2 · 412
1464,28.61,89.75,128,2026/8/28 23:09,Batch 2 · 412
1468,28.65,89.75,128,2026/8/28 23:10,Batch 2 · 412
1468,28.64,89.75,129,2026/8/28 23:11,Batch 2 · 412
1470,28.65,89.77,129,2026/8/28 23:12,Batch 2 · 412
1470,28.69,89.78,129,2026/8/28 23:13,Batch 2 · 412
1474,28.69,89.74,130,2026/8/28 23:14,Batch 2 · 412
1476,28.72,89.69,130,2026/8/28 23:15,Batch 2 · 412
1478,28.74,89.75,131,2026/8/28 23:16,Batch 2 · 412
1479,28.75,89.74,131,2026/8/28 23:17,Batch 2 · 412
1482,28.76,89.73,132,2026/8/28 23:18,Batch 2 · 412
1484,28.76,89.72,132,2026/8/28 23:19,Batch 2 · 412
1486,28.81,89.75,133,2026/8/28 23:20,Batch 2 · 412
1488,28.81,89.73,133,2026/8/28 23:21,Batch 2 · 412
1491,28.84,89.74,133,2026/8/28 23:22,Batch 2 · 412
1495,28.85,89.76,134,2026/8/28 23:23,Batch 2 · 412
1494,28.87,89.73,135,2026/8/28 23:24,Batch 2 · 412
1496,28.88,89.7,136,2026/8/28 23:26,Batch 2 · 412
1500,28.91,89.72,136,2026/8/28 23:27,Batch 2 · 412
1501,28.89,89.7,136,2026/8/28 23:28,Batch 2 · 412
1501,28.92,89.7,136,2026/8/28 23:29,Batch 2 · 412
1505,28.93,89.73,138,2026/8/28 23:30,Batch 2 · 412
1509,28.96,89.7,138,2026/8/28 23:31,Batch 2 · 412
1510,28.98,89.71,139,2026/8/28 23:32,Batch 2 · 412
1513,28.98,89.71,140,2026/8/28 23:33,Batch 2 · 412
1513,28.99,89.64,140,2026/8/28 23:34,Batch 2 · 412
1514,29.05,89.67,140,2026/8/28 23:35,Batch 2 · 412
1517,29.03,89.68,140,2026/8/28 23:36,Batch 2 · 412
1517,29.06,89.69,141,2026/8/28 23:37,Batch 2 · 412
1521,29.09,89.69,142,2026/8/28 23:38,Batch 2 · 412
1522,29.09,89.66,142,2026/8/28 23:39,Batch 2 · 412
1523,29.09,89.66,143,2026/8/28 23:40,Batch 2 · 412
1524,29.12,89.65,143,2026/8/28 23:41,Batch 2 · 412
1528,29.13,89.65,144,2026/8/28 23:42,Batch 2 · 412
1528,29.16,89.65,145,2026/8/28 23:43,Batch 2 · 412
1531,29.16,89.66,145,2026/8/28 23:44,Batch 2 · 412
1531,29.17,89.63,145,2026/8/28 23:45,Batch 2 · 412
1531,29.19,89.62,146,2026/8/28 23:46,Batch 2 · 412
1535,29.2,89.64,146,2026/8/28 23:47,Batch 2 · 412
1536,29.2,89.61,147,2026/8/28 23:48,Batch 2 · 412
1539,29.24,89.63,148,2026/8/28 23:49,Batch 2 · 412
1541,29.26,89.61,149,2026/8/28 23:50,Batch 2 · 412
1543,29.27,89.61,149,2026/8/28 23:51,Batch 2 · 412
1545,29.28,89.6,150,2026/8/28 23:52,Batch 2 · 412
1545,29.28,89.61,150,2026/8/28 23:53,Batch 2 · 412
1546,29.31,89.58,150,2026/8/28 23:54,Batch 2 · 412
1547,29.32,89.56,151,2026/8/28 23:55,Batch 2 · 412
1550,29.36,89.59,152,2026/8/28 23:56,Batch 2 · 412
1553,29.36,89.57,152,2026/8/28 23:57,Batch 2 · 412
1554,29.38,89.58,152,2026/8/28 23:58,Batch 2 · 412
1555,29.37,89.54,153,2026/8/28 23:59,Batch 2 · 412
1558,29.38,89.53,155,2026/8/29 0:00,Batch 2 · 412
1559,29.41,89.56,155,2026/8/29 0:01,Batch 2 · 412
1560,29.41,89.57,156,2026/8/29 0:02,Batch 2 · 412
1562,29.44,89.52,156,2026/8/29 0:03,Batch 2 · 412
1565,29.45,89.53,156,2026/8/29 0:04,Batch 2 · 412
1567,29.47,89.51,157,2026/8/29 0:05,Batch 2 · 412
1567,29.47,89.51,157,2026/8/29 0:06,Batch 2 · 412
1571,29.45,89.5,158,2026/8/29 0:07,Batch 2 · 412
1571,29.51,89.47,159,2026/8/29 0:08,Batch 2 · 412
1573,29.52,89.5,159,2026/8/29 0:09,Batch 2 · 412
1572,29.52,89.48,159,2026/8/29 0:10,Batch 2 · 412
1573,29.54,89.47,160,2026/8/29 0:11,Batch 2 · 412
1578,29.54,89.47,161,2026/8/29 0:12,Batch 2 · 412
1580,29.56,89.46,162,2026/8/29 0:13,Batch 2 · 412
1581,29.58,89.48,162,2026/8/29 0:14,Batch 2 · 412
1585,29.55,89.46,163,2026/8/29 0:15,Batch 2 · 412
1585,29.58,89.43,163,2026/8/29 0:16,Batch 2 · 412
1588,29.59,89.43,163,2026/8/29 0:17,Batch 2 · 412
1589,29.63,89.42,164,2026/8/29 0:18,Batch 2 · 412
1589,29.65,89.44,165,2026/8/29 0:19,Batch 2 · 412
1591,29.63,89.42,165,2026/8/29 0:20,Batch 2 · 412
1594,29.63,89.42,166,2026/8/29 0:21,Batch 2 · 412
1595,29.66,89.42,166,2026/8/29 0:22,Batch 2 · 412
1598,29.69,89.38,166,2026/8/29 0:23,Batch 2 · 412
1597,29.68,89.37,166,2026/8/29 0:24,Batch 2 · 412
1597,29.71,89.4,167,2026/8/29 0:25,Batch 2 · 412
1601,29.69,89.4,167,2026/8/29 0:26,Batch 2 · 412
1602,29.71,89.34,168,2026/8/29 0:27,Batch 2 · 412
1604,29.75,89.36,169,2026/8/29 0:28,Batch 2 · 412
1607,29.75,89.39,169,2026/8/29 0:29,Batch 2 · 412
1610,29.73,89.35,169,2026/8/29 0:30,Batch 2 · 412
1611,29.78,89.38,170,2026/8/29 0:31,Batch 2 · 412
1611,29.76,89.36,171,2026/8/29 0:32,Batch 2 · 412
1611,29.78,89.35,171,2026/8/29 0:33,Batch 2 · 412
1616,29.78,89.33,172,2026/8/29 0:34,Batch 2 · 412
1618,29.79,89.31,172,2026/8/29 0:35,Batch 2 · 412
1621,29.83,89.31,173,2026/8/29 0:36,Batch 2 · 412
1621,29.82,89.31,173,2026/8/29 0:37,Batch 2 · 412
1623,29.83,89.3,173,2026/8/29 0:38,Batch 2 · 412
1626,29.83,89.31,175,2026/8/29 0:39,Batch 2 · 412
1625,29.85,89.33,175,2026/8/29 0:40,Batch 2 · 412
1625,29.86,89.28,176,2026/8/29 0:41,Batch 2 · 412
1629,29.87,89.3,177,2026/8/29 0:42,Batch 2 · 412
1629,29.87,89.28,177,2026/8/29 0:43,Batch 2 · 412
1628,29.87,89.29,177,2026/8/29 0:44,Batch 2 · 412
1629,29.9,89.27,177,2026/8/29 0:46,Batch 2 · 412
1634,29.9,89.28,178,2026/8/29 0:47,Batch 2 · 412
1638,29.92,89.29,179,2026/8/29 0:48,Batch 2 · 412
1639,29.92,89.27,179,2026/8/29 0:49,Batch 2 · 412
1641,29.96,89.31,179,2026/8/29 0:50,Batch 2 · 412
1641,29.94,89.24,180,2026/8/29 0:51,Batch 2 · 412
1642,29.96,89.26,180,2026/8/29 0:52,Batch 2 · 412
1645,29.97,89.28,180,2026/8/29 0:53,Batch 2 · 412
1647,29.94,89.24,180,2026/8/29 0:54,Batch 2 · 412
1648,29.99,89.25,181,2026/8/29 0:55,Batch 2 · 412
1652,29.99,89.25,182,2026/8/29 0:56,Batch 2 · 412
1652,30,89.22,182,2026/8/29 0:57,Batch 2 · 412
1654,29.99,89.23,183,2026/8/29 0:58,Batch 2 · 412
1658,30,89.21,183,2026/8/29 0:59,Batch 2 · 412
1659,30.02,89.2,184,2026/8/29 1:00,Batch 2 · 412
1659,30.03,89.23,184,2026/8/29 1:01,Batch 2 · 412
1660,30.04,89.24,184,2026/8/29 1:02,Batch 2 · 412
1663,30.03,89.18,185,2026/8/29 1:03,Batch 2 · 412
1664,30.04,89.18,185,2026/8/29 1:04,Batch 2 · 412
1667,30.04,89.2,186,2026/8/29 1:05,Batch 2 · 412
1669,30.09,89.18,186,2026/8/29 1:06,Batch 2 · 412
1672,30.09,89.2,187,2026/8/29 1:07,Batch 2 · 412
1673,30.07,89.16,188,2026/8/29 1:08,Batch 2 · 412
1676,30.1,89.18,188,2026/8/29 1:09,Batch 2 · 412
1678,30.11,89.14,188,2026/8/29 1:10,Batch 2 · 412
1680,30.11,89.14,188,2026/8/29 1:11,Batch 2 · 412
1681,30.13,89.16,188,2026/8/29 1:12,Batch 2 · 412
1682,30.14,89.16,189,2026/8/29 1:13,Batch 2 · 412
1684,30.13,89.11,190,2026/8/29 1:14,Batch 2 · 412
1686,30.16,89.15,190,2026/8/29 1:15,Batch 2 · 412
1688,30.16,89.15,191,2026/8/29 1:16,Batch 2 · 412
1691,30.16,89.14,191,2026/8/29 1:17,Batch 2 · 412
1691,30.16,89.15,191,2026/8/29 1:18,Batch 2 · 412
1695,30.17,89.12,191,2026/8/29 1:19,Batch 2 · 412
1697,30.17,89.13,192,2026/8/29 1:20,Batch 2 · 412
1698,30.18,89.14,193,2026/8/29 1:21,Batch 2 · 412
1700,30.2,89.13,193,2026/8/29 1:22,Batch 2 · 412
1702,30.2,89.1,193,2026/8/29 1:23,Batch 2 · 412
1703,30.2,89.12,194,2026/8/29 1:24,Batch 2 · 412
1707,30.21,89.11,195,2026/8/29 1:25,Batch 2 · 412
1707,30.22,89.15,195,2026/8/29 1:26,Batch 2 · 412
1707,30.22,89.14,195,2026/8/29 1:27,Batch 2 · 412
1712,30.25,89.1,196,2026/8/29 1:28,Batch 2 · 412
1713,30.24,89.1,196,2026/8/29 1:29,Batch 2 · 412
1712,30.25,89.12,197,2026/8/29 1:30,Batch 2 · 412
1714,30.27,89.07,198,2026/8/29 1:31,Batch 2 · 412
1716,30.25,89.07,198,2026/8/29 1:32,Batch 2 · 412
1719,30.27,89.1,200,2026/8/29 1:33,Batch 2 · 412
1720,30.27,89.07,200,2026/8/29 1:34,Batch 2 · 412
1724,30.28,89.08,200,2026/8/29 1:35,Batch 2 · 412
1728,30.29,89.06,201,2026/8/29 1:36,Batch 2 · 412
1729,30.28,89.06,201,2026/8/29 1:37,Batch 2 · 412
1728,30.31,89.07,202,2026/8/29 1:38,Batch 2 · 412
1731,30.34,89.02,202,2026/8/29 1:39,Batch 2 · 412
1731,30.29,89.06,203,2026/8/29 1:40,Batch 2 · 412
1734,30.31,89.03,203,2026/8/29 1:41,Batch 2 · 412
1737,30.33,89.03,203,2026/8/29 1:42,Batch 2 · 412
1739,30.35,89.04,204,2026/8/29 1:43,Batch 2 · 412
1740,30.33,89,204,2026/8/29 1:44,Batch 2 · 412
1740,30.35,89.04,204,2026/8/29 1:45,Batch 2 · 412
1742,30.37,89.05,204,2026/8/29 1:46,Batch 2 · 412
1743,30.37,89.02,205,2026/8/29 1:47,Batch 2 · 412
1748,30.4,89.02,205,2026/8/29 1:48,Batch 2 · 412
1747,30.38,89.06,206,2026/8/29 1:49,Batch 2 · 412
1748,30.4,88.97,206,2026/8/29 1:50,Batch 2 · 412
1751,30.37,88.98,207,2026/8/29 1:51,Batch 2 · 412
1755,30.4,89,207,2026/8/29 1:52,Batch 2 · 412
1755,30.4,89,207,2026/8/29 1:53,Batch 2 · 412
1757,30.41,89.02,208,2026/8/29 1:54,Batch 2 · 412
1758,30.41,88.98,208,2026/8/29 1:55,Batch 2 · 412
1761,30.41,89,208,2026/8/29 1:56,Batch 2 · 412
1763,30.42,88.96,208,2026/8/29 1:57,Batch 2 · 412
1764,30.44,88.98,208,2026/8/29 1:58,Batch 2 · 412
1766,30.41,88.95,209,2026/8/29 1:59,Batch 2 · 412
1766,30.46,88.98,209,2026/8/29 2:01,Batch 2 · 412
1768,30.44,88.96,210,2026/8/29 2:02,Batch 2 · 412
1772,30.45,88.98,210,2026/8/29 2:03,Batch 2 · 412
1773,30.48,88.99,211,2026/8/29 2:04,Batch 2 · 412
1773,30.45,88.93,211,2026/8/29 2:05,Batch 2 · 412
1775,30.46,88.96,211,2026/8/29 2:06,Batch 2 · 412
1778,30.46,88.96,212,2026/8/29 2:07,Batch 2 · 412
1780,30.49,88.98,212,2026/8/29 2:08,Batch 2 · 412
1780,30.48,88.92,212,2026/8/29 2:09,Batch 2 · 412
1783,30.51,88.99,212,2026/8/29 2:10,Batch 2 · 412
1785,30.49,88.94,213,2026/8/29 2:11,Batch 2 · 412
1784,30.49,88.94,213,2026/8/29 2:12,Batch 2 · 412
1788,30.51,88.9,214,2026/8/29 2:13,Batch 2 · 412
1790,30.48,88.92,213,2026/8/29 2:14,Batch 2 · 412
1791,30.51,88.91,214,2026/8/29 2:15,Batch 2 · 412
1792,30.52,88.93,214,2026/8/29 2:16,Batch 2 · 412
1795,30.52,88.91,215,2026/8/29 2:17,Batch 2 · 412
1796,30.53,88.92,215,2026/8/29 2:18,Batch 2 · 412
1799,30.55,88.92,215,2026/8/29 2:19,Batch 2 · 412
1802,30.53,88.9,217,2026/8/29 2:20,Batch 2 · 412
1804,30.53,88.89,217,2026/8/29 2:21,Batch 2 · 412
1805,30.55,88.9,217,2026/8/29 2:22,Batch 2 · 412
1807,30.56,88.9,218,2026/8/29 2:23,Batch 2 · 412
1809,30.56,88.89,218,2026/8/29 2:24,Batch 2 · 412
1810,30.56,88.89,219,2026/8/29 2:25,Batch 2 · 412
1812,30.58,88.86,219,2026/8/29 2:26,Batch 2 · 412
1814,30.6,88.88,220,2026/8/29 2:27,Batch 2 · 412
1816,30.59,88.88,220,2026/8/29 2:28,Batch 2 · 412
1818,30.58,88.86,220,2026/8/29 2:29,Batch 2 · 412
1818,30.58,88.85,220,2026/8/29 2:30,Batch 2 · 412
1823,30.58,88.84,220,2026/8/29 2:31,Batch 2 · 412
1824,30.6,88.87,221,2026/8/29 2:32,Batch 2 · 412
1824,30.58,88.81,221,2026/8/29 2:33,Batch 2 · 412
1828,30.62,88.82,222,2026/8/29 2:34,Batch 2 · 412
1831,30.62,88.83,222,2026/8/29 2:35,Batch 2 · 412
1831,30.6,88.83,222,2026/8/29 2:36,Batch 2 · 412
1831,30.63,88.83,223,2026/8/29 2:37,Batch 2 · 412
1834,30.6,88.82,223,2026/8/29 2:38,Batch 2 · 412
1837,30.63,88.82,224,2026/8/29 2:39,Batch 2 · 412
1838,30.66,88.8,224,2026/8/29 2:40,Batch 2 · 412
1840,30.63,88.78,224,2026/8/29 2:41,Batch 2 · 412
1841,30.66,88.78,224,2026/8/29 2:42,Batch 2 · 412
1842,30.67,88.78,225,2026/8/29 2:43,Batch 2 · 412
1846,30.65,88.76,225,2026/8/29 2:44,Batch 2 · 412
1848,30.67,88.79,227,2026/8/29 2:45,Batch 2 · 412
1848,30.65,88.77,227,2026/8/29 2:46,Batch 2 · 412
1852,30.69,88.77,228,2026/8/29 2:47,Batch 2 · 412
1852,30.67,88.78,228,2026/8/29 2:48,Batch 2 · 412
1853,30.7,88.79,229,2026/8/29 2:49,Batch 2 · 412
1852,30.7,88.74,229,2026/8/29 2:50,Batch 2 · 412
1857,30.69,88.76,229,2026/8/29 2:51,Batch 2 · 412
1860,30.72,88.77,229,2026/8/29 2:52,Batch 2 · 412
1860,30.72,88.73,229,2026/8/29 2:53,Batch 2 · 412
1865,30.73,88.74,229,2026/8/29 2:54,Batch 2 · 412
1868,30.72,88.7,230,2026/8/29 2:55,Batch 2 · 412
1868,30.7,88.74,230,2026/8/29 2:56,Batch 2 · 412
1870,30.72,88.71,231,2026/8/29 2:57,Batch 2 · 412
1872,30.75,88.74,231,2026/8/29 2:58,Batch 2 · 412
1872,30.73,88.71,231,2026/8/29 2:59,Batch 2 · 412
1878,30.76,88.73,232,2026/8/29 3:00,Batch 2 · 412
1882,30.75,88.69,232,2026/8/29 3:01,Batch 2 · 412
1881,30.75,88.69,232,2026/8/29 3:02,Batch 2 · 412
1882,30.76,88.71,233,2026/8/29 3:03,Batch 2 · 412
1887,30.77,88.71,233,2026/8/29 3:04,Batch 2 · 412
1892,30.76,88.68,233,2026/8/29 3:05,Batch 2 · 412
1893,30.79,88.68,233,2026/8/29 3:06,Batch 2 · 412
1897,30.76,88.67,233,2026/8/29 3:07,Batch 2 · 412
1897,30.76,88.63,235,2026/8/29 3:08,Batch 2 · 412
1900,30.77,88.66,233,2026/8/29 3:09,Batch 2 · 412
1903,30.8,88.7,235,2026/8/29 3:11,Batch 2 · 412
1902,30.82,88.64,235,2026/8/29 3:12,Batch 2 · 412
1907,30.8,88.62,236,2026/8/29 3:13,Batch 2 · 412
1913,30.8,88.66,236,2026/8/29 3:14,Batch 2 · 412
1913,30.82,88.63,236,2026/8/29 3:15,Batch 2 · 412
1917,30.79,88.64,236,2026/8/29 3:16,Batch 2 · 412
1919,30.8,88.64,237,2026/8/29 3:17,Batch 2 · 412
1921,30.83,88.63,237,2026/8/29 3:18,Batch 2 · 412
1921,30.83,88.6,237,2026/8/29 3:19,Batch 2 · 412
1928,30.82,88.61,238,2026/8/29 3:20,Batch 2 · 412
1927,30.82,88.63,238,2026/8/29 3:21,Batch 2 · 412
1929,30.84,88.61,238,2026/8/29 3:22,Batch 2 · 412
1931,30.83,88.61,238,2026/8/29 3:23,Batch 2 · 412
1936,30.83,88.6,238,2026/8/29 3:24,Batch 2 · 412
1939,30.86,88.62,238,2026/8/29 3:25,Batch 2 · 412
1939,30.83,88.6,238,2026/8/29 3:26,Batch 2 · 412
1940,30.86,88.62,239,2026/8/29 3:27,Batch 2 · 412
1947,30.87,88.6,239,2026/8/29 3:28,Batch 2 · 412
1949,30.86,88.59,240,2026/8/29 3:29,Batch 2 · 412
1952,30.89,88.58,240,2026/8/29 3:30,Batch 2 · 412
1955,30.9,88.57,240,2026/8/29 3:31,Batch 2 · 412
1956,30.86,88.57,242,2026/8/29 3:32,Batch 2 · 412
1958,30.9,88.59,242,2026/8/29 3:33,Batch 2 · 412
1962,30.87,88.57,242,2026/8/29 3:34,Batch 2 · 412
1962,30.89,88.55,242,2026/8/29 3:35,Batch 2 · 412
1965,30.89,88.58,242,2026/8/29 3:36,Batch 2 · 412
1965,30.9,88.56,242,2026/8/29 3:37,Batch 2 · 412
1968,30.9,88.55,242,2026/8/29 3:38,Batch 2 · 412
1969,30.9,88.52,242,2026/8/29 3:39,Batch 2 · 412
1974,30.9,88.56,243,2026/8/29 3:40,Batch 2 · 412
1981,30.9,88.53,243,2026/8/29 3:41,Batch 2 · 412
1980,30.91,88.52,243,2026/8/29 3:42,Batch 2 · 412
1983,30.9,88.5,244,2026/8/29 3:43,Batch 2 · 412
1987,30.9,88.52,244,2026/8/29 3:44,Batch 2 · 412
1988,30.93,88.51,244,2026/8/29 3:45,Batch 2 · 412
1991,30.94,88.53,244,2026/8/29 3:46,Batch 2 · 412
1990,30.93,88.51,245,2026/8/29 3:47,Batch 2 · 412
1993,30.94,88.52,245,2026/8/29 3:48,Batch 2 · 412
2000,30.93,88.5,245,2026/8/29 3:49,Batch 2 · 412
2002,30.93,88.51,245,2026/8/29 3:50,Batch 2 · 412
2006,30.94,88.5,246,2026/8/29 3:51,Batch 2 · 412
2009,30.93,88.46,246,2026/8/29 3:52,Batch 2 · 412
2013,30.96,88.46,246,2026/8/29 3:53,Batch 2 · 412
2012,30.94,88.48,246,2026/8/29 3:54,Batch 2 · 412
2013,30.97,88.5,246,2026/8/29 3:55,Batch 2 · 412
2017,30.96,88.49,246,2026/8/29 3:56,Batch 2 · 412
2018,30.96,88.47,248,2026/8/29 3:57,Batch 2 · 412
2021,30.97,88.47,248,2026/8/29 3:58,Batch 2 · 412
2024,30.96,88.46,248,2026/8/29 3:59,Batch 2 · 412
2026,30.96,88.45,248,2026/8/29 4:00,Batch 2 · 412
2028,30.97,88.48,248,2026/8/29 4:01,Batch 2 · 412
2028,30.99,88.48,248,2026/8/29 4:02,Batch 2 · 412
2030,30.96,88.47,249,2026/8/29 4:03,Batch 2 · 412
2038,30.96,88.45,249,2026/8/29 4:04,Batch 2 · 412
2036,31,88.41,249,2026/8/29 4:05,Batch 2 · 412
2040,31.01,88.42,249,2026/8/29 4:06,Batch 2 · 412
2041,31,88.47,250,2026/8/29 4:07,Batch 2 · 412
2046,31,88.43,250,2026/8/29 4:08,Batch 2 · 412
2050,30.99,88.44,250,2026/8/29 4:09,Batch 2 · 412
2052,30.99,88.42,250,2026/8/29 4:10,Batch 2 · 412
2055,31,88.41,251,2026/8/29 4:11,Batch 2 · 412
2056,31,88.42,251,2026/8/29 4:12,Batch 2 · 412
2059,31,88.37,251,2026/8/29 4:13,Batch 2 · 412
2061,31.03,88.42,251,2026/8/29 4:14,Batch 2 · 412
2064,31.03,88.4,251,2026/8/29 4:15,Batch 2 · 412
2064,31,88.41,251,2026/8/29 4:17,Batch 2 · 412
2066,31.04,88.42,251,2026/8/29 4:18,Batch 2 · 412
2064,31.04,88.39,251,2026/8/29 4:19,Batch 2 · 412
2068,31.03,88.39,251,2026/8/29 4:20,Batch 2 · 412
2072,31.04,88.39,252,2026/8/29 4:21,Batch 2 · 412
2077,31.03,88.39,252,2026/8/29 4:22,Batch 2 · 412
2077,31.04,88.38,252,2026/8/29 4:23,Batch 2 · 412
2082,31.05,88.38,254,2026/8/29 4:24,Batch 2 · 412
2084,31.04,88.39,254,2026/8/29 4:25,Batch 2 · 412
2083,31.05,88.38,254,2026/8/29 4:26,Batch 2 · 412
2086,31.04,88.37,254,2026/8/29 4:27,Batch 2 · 412
2089,31.07,88.34,254,2026/8/29 4:28,Batch 2 · 412
2093,31.07,88.37,255,2026/8/29 4:29,Batch 2 · 412
2097,31.05,88.36,255,2026/8/29 4:30,Batch 2 · 412
2097,31.08,88.36,255,2026/8/29 4:31,Batch 2 · 412
2103,31.07,88.33,255,2026/8/29 4:32,Batch 2 · 412
2104,31.07,88.37,255,2026/8/29 4:33,Batch 2 · 412
2105,31.05,88.34,256,2026/8/29 4:34,Batch 2 · 412
2109,31.08,88.35,256,2026/8/29 4:35,Batch 2 · 412
2109,31.04,88.33,256,2026/8/29 4:36,Batch 2 · 412
2114,31.07,88.33,256,2026/8/29 4:37,Batch 2 · 412
2119,31.07,88.33,256,2026/8/29 4:38,Batch 2 · 412
2118,31.08,88.3,256,2026/8/29 4:39,Batch 2 · 412
2122,31.1,88.33,256,2026/8/29 4:40,Batch 2 · 412
2120,31.05,88.26,256,2026/8/29 4:41,Batch 2 · 412
2123,31.1,88.33,256,2026/8/29 4:42,Batch 2 · 412
2130,31.08,88.33,256,2026/8/29 4:43,Batch 2 · 412
2131,31.07,88.31,257,2026/8/29 4:44,Batch 2 · 412
2131,31.08,88.29,256,2026/8/29 4:45,Batch 2 · 412
2136,31.08,88.28,257,2026/8/29 4:46,Batch 2 · 412
2137,31.1,88.29,257,2026/8/29 4:47,Batch 2 · 412
2141,31.11,88.31,257,2026/8/29 4:48,Batch 2 · 412
2143,31.1,88.29,257,2026/8/29 4:49,Batch 2 · 412
2144,31.1,88.28,259,2026/8/29 4:50,Batch 2 · 412
2146,31.11,88.28,259,2026/8/29 4:51,Batch 2 · 412
2149,31.12,88.29,259,2026/8/29 4:52,Batch 2 · 412
2151,31.12,88.3,259,2026/8/29 4:53,Batch 2 · 412
2155,31.1,88.26,259,2026/8/29 4:54,Batch 2 · 412
2157,31.11,88.26,259,2026/8/29 4:55,Batch 2 · 412
2158,31.12,88.24,259,2026/8/29 4:56,Batch 2 · 412
2160,31.14,88.27,260,2026/8/29 4:57,Batch 2 · 412
2162,31.14,88.27,260,2026/8/29 4:58,Batch 2 · 412
2165,31.14,88.26,260,2026/8/29 4:59,Batch 2 · 412
2164,31.12,88.26,260,2026/8/29 5:00,Batch 2 · 412
2171,31.14,88.26,261,2026/8/29 5:01,Batch 2 · 412
2175,31.14,88.26,261,2026/8/29 5:02,Batch 2 · 412
2177,31.15,88.25,261,2026/8/29 5:03,Batch 2 · 412
2176,31.14,88.25,261,2026/8/29 5:04,Batch 2 · 412
2183,31.14,88.22,261,2026/8/29 5:05,Batch 2 · 412
2183,31.15,88.25,261,2026/8/29 5:06,Batch 2 · 412
2185,31.14,88.25,261,2026/8/29 5:07,Batch 2 · 412
2185,31.15,88.22,261,2026/8/29 5:08,Batch 2 · 412
2187,31.15,88.25,261,2026/8/29 5:09,Batch 2 · 412
2189,31.17,88.25,261,2026/8/29 5:10,Batch 2 · 412
2192,31.18,88.24,261,2026/8/29 5:11,Batch 2 · 412
2199,31.15,88.22,262,2026/8/29 5:12,Batch 2 · 412
2199,31.18,88.2,262,2026/8/29 5:13,Batch 2 · 412
2201,31.19,88.21,262,2026/8/29 5:14,Batch 2 · 412
2202,31.17,88.19,262,2026/8/29 5:15,Batch 2 · 412
2209,31.17,88.2,262,2026/8/29 5:16,Batch 2 · 412
2210,31.17,88.23,264,2026/8/29 5:17,Batch 2 · 412
2212,31.18,88.18,264,2026/8/29 5:18,Batch 2 · 412
2216,31.18,88.19,265,2026/8/29 5:20,Batch 2 · 412
2217,31.17,88.21,265,2026/8/29 5:21,Batch 2 · 412
2221,31.18,88.18,265,2026/8/29 5:22,Batch 2 · 412
2224,31.18,88.18,265,2026/8/29 5:23,Batch 2 · 412
2229,31.17,88.19,266,2026/8/29 5:24,Batch 2 · 412
2229,31.21,88.21,265,2026/8/29 5:25,Batch 2 · 412
2233,31.18,88.17,266,2026/8/29 5:26,Batch 2 · 412
2235,31.18,88.17,266,2026/8/29 5:27,Batch 2 · 412
2237,31.19,88.16,266,2026/8/29 5:28,Batch 2 · 412
2237,31.19,88.15,266,2026/8/29 5:29,Batch 2 · 412
2239,31.19,88.17,266,2026/8/29 5:30,Batch 2 · 412
2243,31.18,88.16,266,2026/8/29 5:31,Batch 2 · 412
2245,31.19,88.14,267,2026/8/29 5:32,Batch 2 · 412
2247,31.22,88.12,266,2026/8/29 5:33,Batch 2 · 412
2250,31.21,88.12,267,2026/8/29 5:34,Batch 2 · 412
2251,31.21,88.15,267,2026/8/29 5:35,Batch 2 · 412
2251,31.21,88.12,269,2026/8/29 5:36,Batch 2 · 412
2253,31.21,88.13,269,2026/8/29 5:37,Batch 2 · 412
2257,31.22,88.16,269,2026/8/29 5:38,Batch 2 · 412
2258,31.22,88.15,269,2026/8/29 5:39,Batch 2 · 412
2265,31.22,88.13,270,2026/8/29 5:40,Batch 2 · 412
2266,31.22,88.1,270,2026/8/29 5:41,Batch 2 · 412
2264,31.24,88.14,270,2026/8/29 5:42,Batch 2 · 412
2263,31.24,88.1,270,2026/8/29 5:43,Batch 2 · 412
2266,31.22,88.1,270,2026/8/29 5:44,Batch 2 · 412
2267,31.25,88.1,271,2026/8/29 5:45,Batch 2 · 412
2274,31.24,88.12,271,2026/8/29 5:46,Batch 2 · 412
2278,31.25,88.1,271,2026/8/29 5:47,Batch 2 · 412
2283,31.25,88.1,273,2026/8/29 5:48,Batch 2 · 412
2282,31.22,88.07,273,2026/8/29 5:49,Batch 2 · 412
2285,31.25,88.08,273,2026/8/29 5:50,Batch 2 · 412
2287,31.25,88.05,274,2026/8/29 5:51,Batch 2 · 412
2285,31.24,88.06,274,2026/8/29 5:52,Batch 2 · 412
2289,31.24,88.04,274,2026/8/29 5:53,Batch 2 · 412
2298,31.25,88.06,275,2026/8/29 5:54,Batch 2 · 412
2302,31.28,88.06,275,2026/8/29 5:55,Batch 2 · 412
2302,31.27,88.04,275,2026/8/29 5:56,Batch 2 · 412
2304,31.25,88.04,275,2026/8/29 5:57,Batch 2 · 412
2309,31.27,88.08,275,2026/8/29 5:58,Batch 2 · 412
2310,31.27,88.05,275,2026/8/29 5:59,Batch 2 · 412
2315,31.27,88.05,275,2026/8/29 6:00,Batch 2 · 412
2313,31.27,88,275,2026/8/29 6:01,Batch 2 · 412
2317,31.27,88.01,276,2026/8/29 6:02,Batch 2 · 412
2318,31.27,88.06,276,2026/8/29 6:03,Batch 2 · 412
2327,31.28,88.04,276,2026/8/29 6:04,Batch 2 · 412
2329,31.3,88.03,276,2026/8/29 6:05,Batch 2 · 412
2335,31.3,88.07,278,2026/8/29 6:06,Batch 2 · 412
2329,31.3,88.05,278,2026/8/29 6:07,Batch 2 · 412
2332,31.28,88.04,278,2026/8/29 6:08,Batch 2 · 412
2336,31.28,88.02,279,2026/8/29 6:09,Batch 2 · 412
2337,31.27,88.02,278,2026/8/29 6:10,Batch 2 · 412
2343,31.27,88.01,279,2026/8/29 6:11,Batch 2 · 412
2341,31.28,88.04,279,2026/8/29 6:12,Batch 2 · 412
2346,31.3,88.01,279,2026/8/29 6:13,Batch 2 · 412
2350,31.28,88.02,280,2026/8/29 6:14,Batch 2 · 412
2354,31.27,88.01,280,2026/8/29 6:15,Batch 2 · 412
2357,31.3,88.04,280,2026/8/29 6:16,Batch 2 · 412
2358,31.3,88,280,2026/8/29 6:17,Batch 2 · 412
2358,31.27,88.03,280,2026/8/29 6:19,Batch 2 · 412
2362,31.3,88.02,280,2026/8/29 6:20,Batch 2 · 412
2365,31.28,88,282,2026/8/29 6:21,Batch 2 · 412
2365,31.31,88.01,280,2026/8/29 6:22,Batch 2 · 412
2367,31.28,87.99,282,2026/8/29 6:23,Batch 2 · 412
2369,31.3,87.99,282,2026/8/29 6:24,Batch 2 · 412
2373,31.31,87.99,282,2026/8/29 6:25,Batch 2 · 412
2377,31.31,88,283,2026/8/29 6:26,Batch 2 · 412
2378,31.31,88,283,2026/8/29 6:27,Batch 2 · 412
2376,31.31,87.96,283,2026/8/29 6:28,Batch 2 · 412
2381,31.32,87.98,283,2026/8/29 6:29,Batch 2 · 412
2383,31.31,87.98,283,2026/8/29 6:30,Batch 2 · 412
2385,31.34,87.97,284,2026/8/29 6:31,Batch 2 · 412
2387,31.3,87.98,284,2026/8/29 6:32,Batch 2 · 412
2387,31.34,87.98,286,2026/8/29 6:33,Batch 2 · 412
2392,31.32,87.99,286,2026/8/29 6:34,Batch 2 · 412
2394,31.3,87.97,286,2026/8/29 6:35,Batch 2 · 412
2396,31.35,87.95,286,2026/8/29 6:36,Batch 2 · 412
2400,31.34,87.99,286,2026/8/29 6:37,Batch 2 · 412
2404,31.32,87.97,286,2026/8/29 6:38,Batch 2 · 412
2405,31.34,87.96,286,2026/8/29 6:39,Batch 2 · 412
2405,31.31,87.96,286,2026/8/29 6:40,Batch 2 · 412
2406,31.32,87.96,286,2026/8/29 6:41,Batch 2 · 412
2412,31.34,87.97,287,2026/8/29 6:42,Batch 2 · 412
2415,31.34,87.96,287,2026/8/29 6:43,Batch 2 · 412
2416,31.34,87.94,287,2026/8/29 6:44,Batch 2 · 412
2418,31.34,87.94,287,2026/8/29 6:45,Batch 2 · 412
2418,31.34,87.95,288,2026/8/29 6:46,Batch 2 · 412
2424,31.35,87.95,288,2026/8/29 6:47,Batch 2 · 412
2424,31.34,87.94,288,2026/8/29 6:48,Batch 2 · 412
2424,31.36,87.94,290,2026/8/29 6:49,Batch 2 · 412
2431,31.35,87.95,290,2026/8/29 6:50,Batch 2 · 412
2432,31.35,87.93,290,2026/8/29 6:51,Batch 2 · 412
2431,31.36,87.93,290,2026/8/29 6:52,Batch 2 · 412
2435,31.35,87.93,290,2026/8/29 6:53,Batch 2 · 412
2440,31.38,87.92,291,2026/8/29 6:54,Batch 2 · 412
2444,31.36,87.93,291,2026/8/29 6:55,Batch 2 · 412
2446,31.36,87.92,291,2026/8/29 6:56,Batch 2 · 412
2446,31.38,87.94,291,2026/8/29 6:57,Batch 2 · 412
2446,31.36,87.95,291,2026/8/29 6:58,Batch 2 · 412
2448,31.38,87.95,291,2026/8/29 6:59,Batch 2 · 412
2455,31.38,87.92,291,2026/8/29 7:00,Batch 2 · 412
2456,31.38,87.93,291,2026/8/29 7:01,Batch 2 · 412
2458,31.4,87.94,291,2026/8/29 7:02,Batch 2 · 412
2460,31.39,87.92,292,2026/8/29 7:03,Batch 2 · 412
2465,31.38,87.93,292,2026/8/29 7:04,Batch 2 · 412
2461,31.38,87.91,292,2026/8/29 7:05,Batch 2 · 412
2466,31.39,87.92,294,2026/8/29 7:06,Batch 2 · 412
2473,31.4,87.93,294,2026/8/29 7:07,Batch 2 · 412
2474,31.39,87.88,294,2026/8/29 7:08,Batch 2 · 412
2473,31.4,87.9,294,2026/8/29 7:09,Batch 2 · 412
2478,31.4,87.9,294,2026/8/29 7:10,Batch 2 · 412
2477,31.4,87.93,295,2026/8/29 7:11,Batch 2 · 412
2481,31.39,87.87,295,2026/8/29 7:12,Batch 2 · 412
2482,31.39,87.88,295,2026/8/29 7:13,Batch 2 · 412
2485,31.4,87.88,295,2026/8/29 7:14,Batch 2 · 412
2487,31.42,87.91,295,2026/8/29 7:16,Batch 2 · 412
2493,31.43,87.89,296,2026/8/29 7:17,Batch 2 · 412
2492,31.42,87.88,296,2026/8/29 7:18,Batch 2 · 412
2492,31.43,87.87,296,2026/8/29 7:19,Batch 2 · 412
2500,31.42,87.87,296,2026/8/29 7:20,Batch 2 · 412
2503,31.43,87.88,296,2026/8/29 7:21,Batch 2 · 412
2499,31.42,87.89,296,2026/8/29 7:22,Batch 2 · 412
2507,31.43,87.87,296,2026/8/29 7:23,Batch 2 · 412
2510,31.43,87.86,296,2026/8/29 7:24,Batch 2 · 412
2509,31.43,87.84,296,2026/8/29 7:25,Batch 2 · 412
2511,31.45,87.88,296,2026/8/29 7:26,Batch 2 · 412
2514,31.43,87.85,296,2026/8/29 7:27,Batch 2 · 412
2516,31.43,87.83,298,2026/8/29 7:28,Batch 2 · 412
2519,31.45,87.81,298,2026/8/29 7:29,Batch 2 · 412
2522,31.46,87.83,299,2026/8/29 7:30,Batch 2 · 412
2526,31.43,87.85,299,2026/8/29 7:31,Batch 2 · 412
2527,31.46,87.85,298,2026/8/29 7:32,Batch 2 · 412
2527,31.45,87.83,299,2026/8/29 7:33,Batch 2 · 412
2532,31.45,87.82,299,2026/8/29 7:34,Batch 2 · 412
2530,31.45,87.82,299,2026/8/29 7:35,Batch 2 · 412
2530,31.46,87.81,300,2026/8/29 7:36,Batch 2 · 412
2538,31.48,87.86,299,2026/8/29 7:37,Batch 2 · 412
2542,31.46,87.82,300,2026/8/29 7:38,Batch 2 · 412
2543,31.45,87.79,300,2026/8/29 7:39,Batch 2 · 412
2545,31.46,87.77,300,2026/8/29 7:40,Batch 2 · 412
2546,31.45,87.8,300,2026/8/29 7:41,Batch 2 · 412
2546,31.48,87.79,300,2026/8/29 7:42,Batch 2 · 412
2551,31.46,87.82,300,2026/8/29 7:43,Batch 2 · 412
2553,31.46,87.79,300,2026/8/29 7:44,Batch 2 · 412
2555,31.48,87.79,302,2026/8/29 7:45,Batch 2 · 412
2556,31.5,87.81,302,2026/8/29 7:46,Batch 2 · 412
2560,31.49,87.8,302,2026/8/29 7:47,Batch 2 · 412
2563,31.5,87.83,302,2026/8/29 7:48,Batch 2 · 412
2566,31.48,87.79,302,2026/8/29 7:49,Batch 2 · 412
2566,31.52,87.76,303,2026/8/29 7:50,Batch 2 · 412
2569,31.49,87.78,303,2026/8/29 7:51,Batch 2 · 412
2570,31.49,87.75,303,2026/8/29 7:52,Batch 2 · 412
2576,31.49,87.79,303,2026/8/29 7:53,Batch 2 · 412
2577,31.46,87.76,303,2026/8/29 7:54,Batch 2 · 412
2577,31.52,87.8,303,2026/8/29 7:55,Batch 2 · 412
2585,31.49,87.78,305,2026/8/29 7:56,Batch 2 · 412
2588,31.48,87.76,305,2026/8/29 7:57,Batch 2 · 412
2585,31.52,87.79,303,2026/8/29 7:58,Batch 2 · 412
2585,31.52,87.77,305,2026/8/29 7:59,Batch 2 · 412
2591,31.5,87.78,305,2026/8/29 8:00,Batch 2 · 412
2593,31.52,87.74,305,2026/8/29 8:01,Batch 2 · 412
2598,31.52,87.75,305,2026/8/29 8:02,Batch 2 · 412
2600,31.52,87.76,305,2026/8/29 8:03,Batch 2 · 412
2601,31.53,87.73,305,2026/8/29 8:04,Batch 2 · 412
2601,31.49,87.74,305,2026/8/29 8:05,Batch 2 · 412
2601,31.52,87.77,306,2026/8/29 8:06,Batch 2 · 412
2608,31.52,87.75,306,2026/8/29 8:07,Batch 2 · 412
2610,31.5,87.74,306,2026/8/29 8:08,Batch 2 · 412
2614,31.53,87.73,306,2026/8/29 8:09,Batch 2 · 412
2617,31.53,87.75,306,2026/8/29 8:10,Batch 2 · 412
2618,31.55,87.75,306,2026/8/29 8:12,Batch 2 · 412
2619,31.53,87.74,306,2026/8/29 8:13,Batch 2 · 412
2619,31.53,87.69,306,2026/8/29 8:14,Batch 2 · 412
2621,31.55,87.72,307,2026/8/29 8:15,Batch 2 · 412
2625,31.52,87.72,307,2026/8/29 8:16,Batch 2 · 412
2629,31.55,87.76,307,2026/8/29 8:17,Batch 2 · 412
2632,31.55,87.76,307,2026/8/29 8:18,Batch 2 · 412
2633,31.56,87.75,309,2026/8/29 8:19,Batch 2 · 412
2634,31.55,87.73,309,2026/8/29 8:20,Batch 2 · 412
2636,31.55,87.74,309,2026/8/29 8:21,Batch 2 · 412
2638,31.56,87.73,309,2026/8/29 8:22,Batch 2 · 412
2640,31.56,87.75,310,2026/8/29 8:23,Batch 2 · 412
2643,31.57,87.74,309,2026/8/29 8:24,Batch 2 · 412
2647,31.55,87.75,310,2026/8/29 8:25,Batch 2 · 412
2646,31.56,87.73,310,2026/8/29 8:26,Batch 2 · 412
2649,31.53,87.72,310,2026/8/29 8:27,Batch 2 · 412
2649,31.52,87.71,310,2026/8/29 8:28,Batch 2 · 412
2651,31.48,87.63,310,2026/8/29 8:29,Batch 2 · 412
2653,31.46,87.57,309,2026/8/29 8:30,Batch 2 · 412
2654,31.4,87.48,307,2026/8/29 8:31,Batch 2 · 412
2657,31.38,87.36,307,2026/8/29 8:32,Batch 2 · 412
2664,31.32,87.32,306,2026/8/29 8:33,Batch 2 · 412
2667,31.25,87.22,306,2026/8/29 8:34,Batch 2 · 412
2668,31.25,87.14,305,2026/8/29 8:35,Batch 2 · 412
2673,31.18,87.05,303,2026/8/29 8:36,Batch 2 · 412
2676,31.14,86.97,302,2026/8/29 8:37,Batch 2 · 412
2676,31.08,86.94,300,2026/8/29 8:38,Batch 2 · 412
2679,31.03,86.86,299,2026/8/29 8:39,Batch 2 · 412
2682,30.99,86.84,298,2026/8/29 8:40,Batch 2 · 412
2684,30.96,86.8,296,2026/8/29 8:41,Batch 2 · 412
2684,30.93,86.82,295,2026/8/29 8:42,Batch 2 · 412
2687,30.9,86.86,294,2026/8/29 8:43,Batch 2 · 412
2689,30.89,86.87,291,2026/8/29 8:44,Batch 2 · 412
2694,30.83,86.86,291,2026/8/29 8:45,Batch 2 · 412
2697,30.77,86.93,290,2026/8/29 8:46,Batch 2 · 412
2701,30.79,86.97,288,2026/8/29 8:47,Batch 2 · 412
2702,30.75,86.97,287,2026/8/29 8:48,Batch 2 · 412
2702,30.72,86.99,286,2026/8/29 8:49,Batch 2 · 412
2705,30.67,86.95,286,2026/8/29 8:50,Batch 2 · 412
2706,30.62,86.91,284,2026/8/29 8:51,Batch 2 · 412
2704,30.59,86.91,282,2026/8/29 8:52,Batch 2 · 412
2711,30.55,86.87,280,2026/8/29 8:53,Batch 2 · 412
2713,30.52,86.8,279,2026/8/29 8:54,Batch 2 · 412
2717,30.49,86.81,278,2026/8/29 8:55,Batch 2 · 412
2719,30.46,86.78,276,2026/8/29 8:56,Batch 2 · 412
2721,30.41,86.84,275,2026/8/29 8:57,Batch 2 · 412
2721,30.4,86.86,275,2026/8/29 8:58,Batch 2 · 412
2726,30.38,86.94,274,2026/8/29 8:59,Batch 2 · 412
2722,30.35,86.93,273,2026/8/29 9:00,Batch 2 · 412
2728,30.33,86.99,271,2026/8/29 9:01,Batch 2 · 412
2734,30.31,87.01,270,2026/8/29 9:02,Batch 2 · 412
2732,30.28,87.08,269,2026/8/29 9:03,Batch 2 · 412
2736,30.28,87.13,269,2026/8/29 9:05,Batch 2 · 412
2739,30.24,87.18,267,2026/8/29 9:06,Batch 2 · 412
2741,30.24,87.21,266,2026/8/29 9:07,Batch 2 · 412
2738,30.2,87.21,266,2026/8/29 9:08,Batch 2 · 412
2742,30.21,87.25,266,2026/8/29 9:09,Batch 2 · 412
2744,30.17,87.24,265,2026/8/29 9:10,Batch 2 · 412
2745,30.17,87.28,264,2026/8/29 9:11,Batch 2 · 412
2748,30.16,87.3,262,2026/8/29 9:12,Batch 2 · 412
2749,30.14,87.34,262,2026/8/29 9:13,Batch 2 · 412
2752,30.1,87.32,261,2026/8/29 9:14,Batch 2 · 412
2756,30.09,87.31,261,2026/8/29 9:15,Batch 2 · 412
2761,30.06,87.3,261,2026/8/29 9:16,Batch 2 · 412
2761,30.02,87.28,260,2026/8/29 9:17,Batch 2 · 412
2759,30.02,87.26,259,2026/8/29 9:18,Batch 2 · 412
2760,29.99,87.32,257,2026/8/29 9:19,Batch 2 · 412
2763,29.99,87.28,256,2026/8/29 9:20,Batch 2 · 412
2769,29.96,87.28,256,2026/8/29 9:21,Batch 2 · 412
2774,29.93,87.22,255,2026/8/29 9:22,Batch 2 · 412
2774,29.9,87.22,254,2026/8/29 9:23,Batch 2 · 412
2772,29.89,87.22,252,2026/8/29 9:24,Batch 2 · 412
2775,29.85,87.21,251,2026/8/29 9:25,Batch 2 · 412
2776,29.85,87.21,251,2026/8/29 9:26,Batch 2 · 412
2779,29.82,87.22,250,2026/8/29 9:27,Batch 2 · 412
2781,29.75,87.18,249,2026/8/29 9:28,Batch 2 · 412
2785,29.76,87.16,248,2026/8/29 9:29,Batch 2 · 412
2785,29.73,87.2,246,2026/8/29 9:30,Batch 2 · 412
2787,29.69,87.16,246,2026/8/29 9:31,Batch 2 · 412
2787,29.69,87.18,245,2026/8/29 9:32,Batch 2 · 412
2790,29.68,87.2,244,2026/8/29 9:33,Batch 2 · 412
2794,29.63,87.19,243,2026/8/29 9:34,Batch 2 · 412
2791,29.61,87.22,242,2026/8/29 9:35,Batch 2 · 412
2794,29.59,87.23,242,2026/8/29 9:36,Batch 2 · 412
2793,29.58,87.27,240,2026/8/29 9:37,Batch 2 · 412
2794,29.55,87.28,239,2026/8/29 9:38,Batch 2 · 412
2801,29.55,87.26,238,2026/8/29 9:39,Batch 2 · 412
2804,29.52,87.29,238,2026/8/29 9:40,Batch 2 · 412
2800,29.5,87.32,238,2026/8/29 9:41,Batch 2 · 412
2804,29.5,87.3,236,2026/8/29 9:42,Batch 2 · 412
2810,29.47,87.3,236,2026/8/29 9:43,Batch 2 · 412
2808,29.45,87.33,235,2026/8/29 9:44,Batch 2 · 412
2807,29.47,87.37,233,2026/8/29 9:45,Batch 2 · 412
2810,29.4,87.34,233,2026/8/29 9:46,Batch 2 · 412
2810,29.38,87.39,232,2026/8/29 9:47,Batch 2 · 412
2816,29.4,87.39,232,2026/8/29 9:48,Batch 2 · 412
2815,29.37,87.4,231,2026/8/29 9:49,Batch 2 · 412
2822,29.36,87.37,230,2026/8/29 9:50,Batch 2 · 412
2823,29.34,87.41,229,2026/8/29 9:51,Batch 2 · 412
2827,29.31,87.37,229,2026/8/29 9:52,Batch 2 · 412
2828,29.28,87.42,229,2026/8/29 9:53,Batch 2 · 412
2830,29.28,87.44,228,2026/8/29 9:54,Batch 2 · 412
2831,29.27,87.42,227,2026/8/29 9:55,Batch 2 · 412
2836,29.24,87.4,225,2026/8/29 9:56,Batch 2 · 412
2834,29.23,87.44,224,2026/8/29 9:58,Batch 2 · 412
2834,29.23,87.41,224,2026/8/29 9:59,Batch 2 · 412
2840,29.22,87.44,223,2026/8/29 10:00,Batch 2 · 412
2843,29.19,87.43,223,2026/8/29 10:01,Batch 2 · 412
2847,29.17,87.41,222,2026/8/29 10:02,Batch 2 · 412
2847,29.16,87.44,222,2026/8/29 10:03,Batch 2 · 412
2850,29.17,87.47,221,2026/8/29 10:04,Batch 2 · 412
2849,29.16,87.47,220,2026/8/29 10:05,Batch 2 · 412
2849,29.12,87.46,220,2026/8/29 10:06,Batch 2 · 412
2853,29.1,87.48,220,2026/8/29 10:07,Batch 2 · 412
2857,29.1,87.51,219,2026/8/29 10:08,Batch 2 · 412
2856,29.07,87.49,218,2026/8/29 10:09,Batch 2 · 412
2858,29.07,87.5,218,2026/8/29 10:10,Batch 2 · 412
2863,29.06,87.5,215,2026/8/29 10:11,Batch 2 · 412
2865,29.06,87.48,215,2026/8/29 10:12,Batch 2 · 412
2865,29.05,87.48,215,2026/8/29 10:13,Batch 2 · 412
2867,29.05,87.5,215,2026/8/29 10:14,Batch 2 · 412
2869,29,87.42,214,2026/8/29 10:15,Batch 2 · 412
2871,29,87.45,213,2026/8/29 10:16,Batch 2 · 412
2870,28.99,87.43,212,2026/8/29 10:17,Batch 2 · 412
2873,28.98,87.48,212,2026/8/29 10:18,Batch 2 · 412
2876,28.95,87.46,212,2026/8/29 10:19,Batch 2 · 412
2876,28.91,87.45,211,2026/8/29 10:20,Batch 2 · 412
2876,28.92,87.45,210,2026/8/29 10:21,Batch 2 · 412
2879,28.91,87.44,209,2026/8/29 10:22,Batch 2 · 412
2880,28.89,87.47,208,2026/8/29 10:23,Batch 2 · 412
2882,28.88,87.44,208,2026/8/29 10:24,Batch 2 · 412
2889,28.87,87.45,208,2026/8/29 10:25,Batch 2 · 412
2888,28.85,87.46,207,2026/8/29 10:26,Batch 2 · 412
2893,28.85,87.49,207,2026/8/29 10:27,Batch 2 · 412
2891,28.82,87.47,206,2026/8/29 10:28,Batch 2 · 412
2894,28.81,87.47,205,2026/8/29 10:29,Batch 2 · 412
2900,28.82,87.45,204,2026/8/29 10:30,Batch 2 · 412
2902,28.76,87.42,204,2026/8/29 10:31,Batch 2 · 412
2901,28.78,87.45,204,2026/8/29 10:32,Batch 2 · 412
2902,28.76,87.47,203,2026/8/29 10:33,Batch 2 · 412
2903,28.74,87.47,202,2026/8/29 10:34,Batch 2 · 412
2903,28.74,87.48,201,2026/8/29 10:35,Batch 2 · 412
2906,28.74,87.52,201,2026/8/29 10:36,Batch 2 · 412
2911,28.72,87.48,200,2026/8/29 10:37,Batch 2 · 412
2911,28.69,87.48,200,2026/8/29 10:38,Batch 2 · 412
2911,28.67,87.52,200,2026/8/29 10:39,Batch 2 · 412
2911,28.67,87.51,198,2026/8/29 10:40,Batch 2 · 412
2917,28.69,87.57,198,2026/8/29 10:41,Batch 2 · 412
2916,28.67,87.55,197,2026/8/29 10:42,Batch 2 · 412
2920,28.67,87.58,197,2026/8/29 10:43,Batch 2 · 412
2919,28.65,87.59,196,2026/8/29 10:44,Batch 2 · 412
2917,28.64,87.63,196,2026/8/29 10:45,Batch 2 · 412
2918,28.65,87.62,196,2026/8/29 10:46,Batch 2 · 412
2924,28.65,87.62,195,2026/8/29 10:48,Batch 2 · 412
2922,28.64,87.64,195,2026/8/29 10:49,Batch 2 · 412
2926,28.64,87.65,195,2026/8/29 10:50,Batch 2 · 412
2924,28.62,87.66,195,2026/8/29 10:51,Batch 2 · 412
2928,28.6,87.68,195,2026/8/29 10:52,Batch 2 · 412
2930,28.61,87.66,194,2026/8/29 10:53,Batch 2 · 412
2933,28.62,87.7,194,2026/8/29 10:54,Batch 2 · 412
2933,28.61,87.7,194,2026/8/29 10:55,Batch 2 · 412
2934,28.58,87.71,194,2026/8/29 10:56,Batch 2 · 412
2936,28.57,87.66,193,2026/8/29 10:57,Batch 2 · 412
2939,28.6,87.73,192,2026/8/29 10:58,Batch 2 · 412
2941,28.6,87.72,192,2026/8/29 10:59,Batch 2 · 412
2945,28.56,87.73,192,2026/8/29 11:00,Batch 2 · 412
2945,28.56,87.72,192,2026/8/29 11:01,Batch 2 · 412
2949,28.54,87.71,191,2026/8/29 11:02,Batch 2 · 412
2950,28.54,87.7,191,2026/8/29 11:03,Batch 2 · 412
2950,28.54,87.7,191,2026/8/29 11:04,Batch 2 · 412
2953,28.53,87.7,191,2026/8/29 11:05,Batch 2 · 412
2953,28.54,87.71,190,2026/8/29 11:06,Batch 2 · 412
2953,28.51,87.67,190,2026/8/29 11:07,Batch 2 · 412
2956,28.5,87.67,190,2026/8/29 11:08,Batch 2 · 412
2960,28.49,87.68,189,2026/8/29 11:09,Batch 2 · 412
2963,28.5,87.68,189,2026/8/29 11:10,Batch 2 · 412
2963,28.47,87.72,189,2026/8/29 11:11,Batch 2 · 412
2965,28.5,87.72,189,2026/8/29 11:12,Batch 2 · 412
2964,28.49,87.77,188,2026/8/29 11:13,Batch 2 · 412
2967,28.49,87.82,188,2026/8/29 11:14,Batch 2 · 412
2969,28.51,87.84,188,2026/8/29 11:15,Batch 2 · 412
2970,28.53,87.88,188,2026/8/29 11:16,Batch 2 · 412
2971,28.51,87.89,188,2026/8/29 11:17,Batch 2 · 412
2971,28.51,87.93,188,2026/8/29 11:18,Batch 2 · 412
2975,28.53,87.95,188,2026/8/29 11:19,Batch 2 · 412
2975,28.5,87.98,188,2026/8/29 11:20,Batch 2 · 412
2976,28.53,87.99,188,2026/8/29 11:21,Batch 2 · 412
2981,28.56,88,188,2026/8/29 11:22,Batch 2 · 412
2980,28.54,87.98,188,2026/8/29 11:23,Batch 2 · 412
2983,28.53,88.01,188,2026/8/29 11:24,Batch 2 · 412
2982,28.54,88.01,188,2026/8/29 11:25,Batch 2 · 412
2986,28.54,87.97,188,2026/8/29 11:26,Batch 2 · 412
2985,28.53,87.93,188,2026/8/29 11:27,Batch 2 · 412
2988,28.54,87.92,188,2026/8/29 11:28,Batch 2 · 412
2991,28.51,87.93,188,2026/8/29 11:29,Batch 2 · 412
2993,28.51,87.89,188,2026/8/29 11:30,Batch 2 · 412
2995,28.54,87.92,188,2026/8/29 11:31,Batch 2 · 412
2997,28.51,87.86,188,2026/8/29 11:32,Batch 2 · 412
3003,28.49,87.85,188,2026/8/29 11:33,Batch 2 · 412
3004,28.49,87.85,188,2026/8/29 11:34,Batch 2 · 412
3003,28.5,87.81,188,2026/8/29 11:35,Batch 2 · 412
3005,28.49,87.84,187,2026/8/29 11:37,Batch 2 · 412
3003,28.49,87.79,187,2026/8/29 11:38,Batch 2 · 412
3007,28.49,87.77,187,2026/8/29 11:39,Batch 2 · 412
3011,28.47,87.77,187,2026/8/29 11:40,Batch 2 · 412
3011,28.46,87.78,187,2026/8/29 11:41,Batch 2 · 412
3015,28.46,87.73,187,2026/8/29 11:42,Batch 2 · 412
3016,28.46,87.76,186,2026/8/29 11:43,Batch 2 · 412
3018,28.49,87.77,186,2026/8/29 11:44,Batch 2 · 412
3020,28.46,87.74,186,2026/8/29 11:45,Batch 2 · 412
3020,28.47,87.79,186,2026/8/29 11:46,Batch 2 · 412
3022,28.43,87.77,186,2026/8/29 11:47,Batch 2 · 412
3023,28.44,87.79,186,2026/8/29 11:48,Batch 2 · 412
3026,28.46,87.77,185,2026/8/29 11:49,Batch 2 · 412
3030,28.46,87.82,185,2026/8/29 11:50,Batch 2 · 412
3031,28.47,87.83,185,2026/8/29 11:51,Batch 2 · 412
3033,28.46,87.83,185,2026/8/29 11:52,Batch 2 · 412
3032,28.47,87.85,185,2026/8/29 11:53,Batch 2 · 412
3034,28.46,87.92,186,2026/8/29 11:54,Batch 2 · 412
3038,28.46,87.92,185,2026/8/29 11:55,Batch 2 · 412
3040,28.47,87.92,186,2026/8/29 11:56,Batch 2 · 412
3038,28.46,87.91,186,2026/8/29 11:57,Batch 2 · 412
3044,28.46,87.94,186,2026/8/29 11:58,Batch 2 · 412
3041,28.47,87.91,186,2026/8/29 11:59,Batch 2 · 412
3043,28.46,87.92,186,2026/8/29 12:00,Batch 2 · 412
3045,28.44,87.92,186,2026/8/29 12:01,Batch 2 · 412
3048,28.46,87.93,186,2026/8/29 12:02,Batch 2 · 412
3047,28.46,87.91,186,2026/8/29 12:03,Batch 2 · 412
3047,28.44,87.9,186,2026/8/29 12:04,Batch 2 · 412
3052,28.46,87.87,186,2026/8/29 12:05,Batch 2 · 412
3058,28.46,87.83,186,2026/8/29 12:06,Batch 2 · 412
3057,28.43,87.83,185,2026/8/29 12:07,Batch 2 · 412
3058,28.43,87.81,185,2026/8/29 12:08,Batch 2 · 412
3062,28.41,87.78,185,2026/8/29 12:09,Batch 2 · 412
3063,28.43,87.76,185,2026/8/29 12:10,Batch 2 · 412
3063,28.4,87.74,185,2026/8/29 12:11,Batch 2 · 412
3066,28.4,87.77,185,2026/8/29 12:12,Batch 2 · 412
3068,28.4,87.73,185,2026/8/29 12:13,Batch 2 · 412
3068,28.4,87.73,184,2026/8/29 12:14,Batch 2 · 412
3072,28.4,87.72,184,2026/8/29 12:15,Batch 2 · 412
3073,28.36,87.7,184,2026/8/29 12:16,Batch 2 · 412
3072,28.39,87.73,184,2026/8/29 12:17,Batch 2 · 412
3074,28.37,87.78,184,2026/8/29 12:18,Batch 2 · 412
3077,28.39,87.81,184,2026/8/29 12:19,Batch 2 · 412
3078,28.37,87.83,184,2026/8/29 12:20,Batch 2 · 412
3082,28.41,87.85,184,2026/8/29 12:21,Batch 2 · 412
3083,28.4,87.91,184,2026/8/29 12:22,Batch 2 · 412
3083,28.41,87.94,185,2026/8/29 12:24,Batch 2 · 412
3087,28.4,87.97,184,2026/8/29 12:25,Batch 2 · 412
3086,28.43,88.03,185,2026/8/29 12:26,Batch 2 · 412
3087,28.44,88.04,185,2026/8/29 12:27,Batch 2 · 412
3089,28.44,88.05,185,2026/8/29 12:28,Batch 2 · 412
3095,28.47,88.1,186,2026/8/29 12:29,Batch 2 · 412
3096,28.47,88.08,186,2026/8/29 12:30,Batch 2 · 412
3097,28.49,88.1,187,2026/8/29 12:31,Batch 2 · 412
3101,28.47,88.07,187,2026/8/29 12:32,Batch 2 · 412
3102,28.5,88.1,187,2026/8/29 12:33,Batch 2 · 412
3101,28.47,88.07,187,2026/8/29 12:34,Batch 2 · 412
3101,28.5,88.06,188,2026/8/29 12:35,Batch 2 · 412
3105,28.5,88.06,188,2026/8/29 12:36,Batch 2 · 412
3105,28.49,88.03,188,2026/8/29 12:37,Batch 2 · 412
3107,28.5,88,188,2026/8/29 12:38,Batch 2 · 412
3109,28.5,88.02,188,2026/8/29 12:39,Batch 2 · 412
3112,28.5,87.96,188,2026/8/29 12:40,Batch 2 · 412
3113,28.49,87.94,188,2026/8/29 12:41,Batch 2 · 412
3115,28.49,87.93,188,2026/8/29 12:42,Batch 2 · 412
3114,28.49,87.9,188,2026/8/29 12:43,Batch 2 · 412
3119,28.47,87.89,188,2026/8/29 12:44,Batch 2 · 412
3120,28.46,87.86,188,2026/8/29 12:45,Batch 2 · 412
3121,28.44,87.82,188,2026/8/29 12:46,Batch 2 · 412
3125,28.44,87.84,188,2026/8/29 12:47,Batch 2 · 412
3128,28.44,87.8,188,2026/8/29 12:48,Batch 2 · 412
3128,28.46,87.77,188,2026/8/29 12:49,Batch 2 · 412
3129,28.43,87.75,188,2026/8/29 12:50,Batch 2 · 412
3130,28.43,87.72,188,2026/8/29 12:51,Batch 2 · 412
3131,28.43,87.74,187,2026/8/29 12:52,Batch 2 · 412
3135,28.41,87.69,187,2026/8/29 12:53,Batch 2 · 412
3138,28.43,87.72,187,2026/8/29 12:54,Batch 2 · 412
3138,28.4,87.71,187,2026/8/29 12:55,Batch 2 · 412
3140,28.41,87.76,187,2026/8/29 12:56,Batch 2 · 412
3142,28.43,87.76,187,2026/8/29 12:57,Batch 2 · 412
3144,28.43,87.81,187,2026/8/29 12:58,Batch 2 · 412
3148,28.41,87.87,187,2026/8/29 12:59,Batch 2 · 412
3151,28.41,87.9,187,2026/8/29 13:00,Batch 2 · 412
3154,28.46,87.95,188,2026/8/29 13:01,Batch 2 · 412
3150,28.47,87.96,188,2026/8/29 13:02,Batch 2 · 412
3149,28.47,87.98,188,2026/8/29 13:03,Batch 2 · 412
3152,28.46,87.98,188,2026/8/29 13:04,Batch 2 · 412
3154,28.51,88.02,188,2026/8/29 13:05,Batch 2 · 412
3161,28.49,87.98,188,2026/8/29 13:06,Batch 2 · 412
3157,28.49,87.99,189,2026/8/29 13:07,Batch 2 · 412
3158,28.5,88,189,2026/8/29 13:08,Batch 2 · 412
3158,28.5,87.97,189,2026/8/29 13:09,Batch 2 · 412
3163,28.49,87.91,190,2026/8/29 13:10,Batch 2 · 412
3168,28.51,87.95,190,2026/8/29 13:11,Batch 2 · 412
3165,28.51,87.94,190,2026/8/29 13:13,Batch 2 · 412
3170,28.51,87.97,190,2026/8/29 13:14,Batch 2 · 412
3171,28.56,87.99,191,2026/8/29 13:15,Batch 2 · 412
3173,28.54,88.02,191,2026/8/29 13:16,Batch 2 · 412
3174,28.54,88.05,191,2026/8/29 13:17,Batch 2 · 412
3179,28.57,88.06,191,2026/8/29 13:18,Batch 2 · 412
3180,28.6,88.05,191,2026/8/29 13:19,Batch 2 · 412
3177,28.62,88.1,192,2026/8/29 13:20,Batch 2 · 412
3181,28.61,88.08,193,2026/8/29 13:21,Batch 2 · 412
3185,28.62,88.07,194,2026/8/29 13:22,Batch 2 · 412
3181,28.64,88.11,194,2026/8/29 13:23,Batch 2 · 412
3182,28.64,88.12,195,2026/8/29 13:24,Batch 2 · 412
3190,28.65,88.1,195,2026/8/29 13:25,Batch 2 · 412
3194,28.67,88.13,195,2026/8/29 13:26,Batch 2 · 412
3193,28.68,88.09,196,2026/8/29 13:27,Batch 2 · 412
3194,28.65,88.07,196,2026/8/29 13:28,Batch 2 · 412
3192,28.68,88.08,196,2026/8/29 13:29,Batch 2 · 412
3193,28.67,88.07,197,2026/8/29 13:30,Batch 2 · 412
3198,28.68,88.02,197,2026/8/29 13:31,Batch 2 · 412
3202,28.69,88.04,198,2026/8/29 13:32,Batch 2 · 412
3202,28.68,88.01,198,2026/8/29 13:33,Batch 2 · 412
3206,28.69,88.01,198,2026/8/29 13:34,Batch 2 · 412
3208,28.69,87.99,198,2026/8/29 13:35,Batch 2 · 412
3214,28.69,87.98,200,2026/8/29 13:36,Batch 2 · 412
3214,28.69,87.98,200,2026/8/29 13:37,Batch 2 · 412
3213,28.68,87.95,200,2026/8/29 13:38,Batch 2 · 412
3211,28.67,87.94,200,2026/8/29 13:39,Batch 2 · 412
3214,28.68,87.91,200,2026/8/29 13:40,Batch 2 · 412
3218,28.68,87.95,200,2026/8/29 13:41,Batch 2 · 412
3221,28.67,87.9,201,2026/8/29 13:42,Batch 2 · 412
3221,28.67,87.86,201,2026/8/29 13:43,Batch 2 · 412
3223,28.67,87.91,201,2026/8/29 13:44,Batch 2 · 412
3228,28.68,87.85,201,2026/8/29 13:45,Batch 2 · 412
3225,28.67,87.86,201,2026/8/29 13:46,Batch 2 · 412
3226,28.69,87.88,202,2026/8/29 13:47,Batch 2 · 412
3231,28.69,87.9,202,2026/8/29 13:48,Batch 2 · 412
3231,28.69,87.88,203,2026/8/29 13:49,Batch 2 · 412
3231,28.68,87.85,203,2026/8/29 13:50,Batch 2 · 412
3232,28.68,87.84,203,2026/8/29 13:51,Batch 2 · 412
3236,28.68,87.88,203,2026/8/29 13:52,Batch 2 · 412
3240,28.68,87.88,203,2026/8/29 13:53,Batch 2 · 412
3242,28.68,87.88,203,2026/8/29 13:54,Batch 2 · 412
3241,28.65,87.82,203,2026/8/29 13:55,Batch 2 · 412
3243,28.68,87.84,204,2026/8/29 13:56,Batch 2 · 412
3246,28.69,87.86,204,2026/8/29 13:58,Batch 2 · 412
3242,28.67,87.84,204,2026/8/29 13:59,Batch 2 · 412
3253,28.69,87.86,204,2026/8/29 14:00,Batch 2 · 412
3253,28.67,87.85,204,2026/8/29 14:01,Batch 2 · 412
3250,28.68,87.88,204,2026/8/29 14:02,Batch 2 · 412
3251,28.67,87.87,204,2026/8/29 14:03,Batch 2 · 412
3258,28.68,87.89,205,2026/8/29 14:04,Batch 2 · 412
3259,28.68,87.88,205,2026/8/29 14:05,Batch 2 · 412
3260,28.69,87.89,205,2026/8/29 14:06,Batch 2 · 412
3258,28.69,87.89,205,2026/8/29 14:07,Batch 2 · 412
3262,28.69,87.89,205,2026/8/29 14:08,Batch 2 · 412
3264,28.67,87.89,206,2026/8/29 14:09,Batch 2 · 412
3264,28.72,87.9,206,2026/8/29 14:10,Batch 2 · 412
3267,28.72,87.93,206,2026/8/29 14:11,Batch 2 · 412
3269,28.68,87.93,207,2026/8/29 14:12,Batch 2 · 412
3273,28.71,87.92,207,2026/8/29 14:13,Batch 2 · 412
3273,28.72,87.95,207,2026/8/29 14:14,Batch 2 · 412
3274,28.71,87.92,208,2026/8/29 14:15,Batch 2 · 412
3276,28.72,87.96,208,2026/8/29 14:16,Batch 2 · 412
3278,28.72,87.9,208,2026/8/29 14:17,Batch 2 · 412
3282,28.72,87.94,208,2026/8/29 14:18,Batch 2 · 412
3283,28.74,87.9,208,2026/8/29 14:19,Batch 2 · 412
3287,28.72,87.9,209,2026/8/29 14:20,Batch 2 · 412
3287,28.72,87.88,209,2026/8/29 14:21,Batch 2 · 412
3290,28.72,87.88,209,2026/8/29 14:22,Batch 2 · 412
3291,28.74,87.87,209,2026/8/29 14:23,Batch 2 · 412
3293,28.75,87.85,209,2026/8/29 14:24,Batch 2 · 412
3292,28.72,87.86,210,2026/8/29 14:25,Batch 2 · 412
3293,28.72,87.88,210,2026/8/29 14:26,Batch 2 · 412
3297,28.75,87.85,210,2026/8/29 14:27,Batch 2 · 412
3297,28.74,87.87,211,2026/8/29 14:28,Batch 2 · 412
3298,28.75,87.88,211,2026/8/29 14:29,Batch 2 · 412
3301,28.72,87.82,211,2026/8/29 14:30,Batch 2 · 412
3302,28.74,87.81,211,2026/8/29 14:31,Batch 2 · 412
3304,28.74,87.8,211,2026/8/29 14:32,Batch 2 · 412
3307,28.74,87.8,211,2026/8/29 14:33,Batch 2 · 412
3308,28.75,87.82,212,2026/8/29 14:34,Batch 2 · 412
3310,28.72,87.77,212,2026/8/29 14:35,Batch 2 · 412
3312,28.72,87.82,212,2026/8/29 14:36,Batch 2 · 412
3314,28.72,87.8,212,2026/8/29 14:37,Batch 2 · 412
3312,28.72,87.75,212,2026/8/29 14:38,Batch 2 · 412
3317,28.72,87.77,212,2026/8/29 14:39,Batch 2 · 412
3316,28.69,87.75,212,2026/8/29 14:40,Batch 2 · 412
3314,28.71,87.78,212,2026/8/29 14:42,Batch 2 · 412
3321,28.69,87.75,212,2026/8/29 14:43,Batch 2 · 412
3320,28.71,87.74,213,2026/8/29 14:44,Batch 2 · 412
3327,28.69,87.74,213,2026/8/29 14:45,Batch 2 · 412
3327,28.71,87.76,213,2026/8/29 14:46,Batch 2 · 412
3327,28.72,87.74,213,2026/8/29 14:47,Batch 2 · 412
3330,28.69,87.73,214,2026/8/29 14:48,Batch 2 · 412
3334,28.71,87.74,214,2026/8/29 14:49,Batch 2 · 412
3334,28.69,87.69,214,2026/8/29 14:50,Batch 2 · 412
3332,28.68,87.72,214,2026/8/29 14:51,Batch 2 · 412
3335,28.71,87.72,214,2026/8/29 14:52,Batch 2 · 412
3337,28.68,87.69,214,2026/8/29 14:53,Batch 2 · 412
3338,28.69,87.72,214,2026/8/29 14:54,Batch 2 · 412
3344,28.68,87.7,215,2026/8/29 14:55,Batch 2 · 412
3346,28.67,87.71,214,2026/8/29 14:56,Batch 2 · 412
3346,28.65,87.69,214,2026/8/29 14:57,Batch 2 · 412
3347,28.67,87.7,215,2026/8/29 14:58,Batch 2 · 412
3351,28.68,87.69,215,2026/8/29 14:59,Batch 2 · 412
3355,28.67,87.71,215,2026/8/29 15:00,Batch 2 · 412
3355,28.67,87.68,215,2026/8/29 15:01,Batch 2 · 412
3354,28.67,87.71,215,2026/8/29 15:02,Batch 2 · 412
3357,28.64,87.67,215,2026/8/29 15:03,Batch 2 · 412
3360,28.65,87.7,215,2026/8/29 15:04,Batch 2 · 412
3360,28.67,87.71,215,2026/8/29 15:05,Batch 2 · 412
3364,28.65,87.69,215,2026/8/29 15:06,Batch 2 · 412
3364,28.65,87.75,215,2026/8/29 15:07,Batch 2 · 412
3360,28.64,87.7,215,2026/8/29 15:08,Batch 2 · 412
3363,28.64,87.71,217,2026/8/29 15:09,Batch 2 · 412
3365,28.64,87.72,217,2026/8/29 15:10,Batch 2 · 412
3368,28.65,87.76,217,2026/8/29 15:11,Batch 2 · 412
3373,28.64,87.76,218,2026/8/29 15:12,Batch 2 · 412
3373,28.64,87.74,218,2026/8/29 15:13,Batch 2 · 412
3371,28.65,87.77,218,2026/8/29 15:14,Batch 2 · 412
3374,28.64,87.73,218,2026/8/29 15:15,Batch 2 · 412
3381,28.65,87.76,219,2026/8/29 15:16,Batch 2 · 412
3382,28.62,87.74,219,2026/8/29 15:17,Batch 2 · 412
3377,28.64,87.77,219,2026/8/29 15:18,Batch 2 · 412
873,25.83,79.95,0,2026/8/28 15:18,Batch 2 · 500
872,25.91,81.43,0,2026/8/28 15:19,Batch 2 · 500
879,25.98,82.51,0,2026/8/28 15:20,Batch 2 · 500
885,26.03,83.51,0,2026/8/28 15:21,Batch 2 · 500
893,26.16,84.87,0,2026/8/28 15:22,Batch 2 · 500
896,26.25,85.79,0,2026/8/28 15:23,Batch 2 · 500
898,26.26,86.33,0,2026/8/28 15:24,Batch 2 · 500
901,26.33,86.77,0,2026/8/28 15:25,Batch 2 · 500
902,26.37,87.04,0,2026/8/28 15:26,Batch 2 · 500
905,26.43,87.31,0,2026/8/28 15:27,Batch 2 · 500
907,26.46,87.55,0,2026/8/28 15:28,Batch 2 · 500
910,26.53,87.72,0,2026/8/28 15:29,Batch 2 · 500
912,26.58,87.92,0,2026/8/28 15:30,Batch 2 · 500
913,26.64,88.11,0,2026/8/28 15:31,Batch 2 · 500
915,26.7,88.28,0,2026/8/28 15:32,Batch 2 · 500
916,26.77,88.44,0,2026/8/28 15:33,Batch 2 · 500
920,26.84,88.58,0,2026/8/28 15:34,Batch 2 · 500
920,26.88,88.72,0,2026/8/28 15:35,Batch 2 · 500
920,26.93,88.87,0,2026/8/28 15:36,Batch 2 · 500
925,27,88.99,0,2026/8/28 15:37,Batch 2 · 500
925,27.05,89.15,0,2026/8/28 15:38,Batch 2 · 500
925,27.12,89.23,0,2026/8/28 15:39,Batch 2 · 500
926,27.16,89.35,0,2026/8/28 15:40,Batch 2 · 500
931,27.22,89.48,0,2026/8/28 15:41,Batch 2 · 500
934,27.24,89.53,0,2026/8/28 15:42,Batch 2 · 500
934,27.3,89.64,0,2026/8/28 15:43,Batch 2 · 500
937,27.37,89.73,0,2026/8/28 15:44,Batch 2 · 500
942,27.41,89.79,0,2026/8/28 15:45,Batch 2 · 500
945,27.44,89.88,0,2026/8/28 15:46,Batch 2 · 500
948,27.48,89.93,0,2026/8/28 15:47,Batch 2 · 500
952,27.54,90.01,0,2026/8/28 15:48,Batch 2 · 500
954,27.59,90.02,0,2026/8/28 15:49,Batch 2 · 500
957,27.62,90.11,0,2026/8/28 15:50,Batch 2 · 500
957,27.66,90.17,0,2026/8/28 15:51,Batch 2 · 500
960,27.71,90.15,0,2026/8/28 15:52,Batch 2 · 500
965,27.75,90.2,0,2026/8/28 15:53,Batch 2 · 500
969,27.79,90.25,0,2026/8/28 15:54,Batch 2 · 500
970,27.83,90.26,0,2026/8/28 15:55,Batch 2 · 500
973,27.88,90.26,0,2026/8/28 15:56,Batch 2 · 500
976,27.89,90.31,0,2026/8/28 15:57,Batch 2 · 500
978,27.95,90.31,0,2026/8/28 15:58,Batch 2 · 500
979,27.95,90.33,0,2026/8/28 15:59,Batch 2 · 500
982,27.99,90.3,0,2026/8/28 16:00,Batch 2 · 500
986,28.03,90.32,0,2026/8/28 16:01,Batch 2 · 500
988,28.06,90.34,0,2026/8/28 16:02,Batch 2 · 500
993,28.09,90.33,0,2026/8/28 16:03,Batch 2 · 500
995,28.1,90.32,0,2026/8/28 16:04,Batch 2 · 500
997,28.14,90.32,0,2026/8/28 16:05,Batch 2 · 500
1000,28.18,90.35,0,2026/8/28 16:06,Batch 2 · 500
1002,28.2,90.34,0,2026/8/28 16:07,Batch 2 · 500
1005,28.23,90.33,0,2026/8/28 16:08,Batch 2 · 500
1007,28.26,90.34,0,2026/8/28 16:09,Batch 2 · 500
1009,28.26,90.35,0,2026/8/28 16:11,Batch 2 · 500
1013,28.33,90.38,0,2026/8/28 16:12,Batch 2 · 500
1012,28.34,90.36,0,2026/8/28 16:13,Batch 2 · 500
1016,28.37,90.34,0,2026/8/28 16:14,Batch 2 · 500
1017,28.4,90.37,0,2026/8/28 16:15,Batch 2 · 500
1021,28.42,90.42,0,2026/8/28 16:16,Batch 2 · 500
1023,28.42,90.37,0,2026/8/28 16:17,Batch 2 · 500
1023,28.47,90.37,0,2026/8/28 16:18,Batch 2 · 500
1027,28.49,90.42,0,2026/8/28 16:19,Batch 2 · 500
1029,28.51,90.38,0,2026/8/28 16:20,Batch 2 · 500
1030,28.54,90.33,0,2026/8/28 16:21,Batch 2 · 500
1035,28.55,90.33,0,2026/8/28 16:22,Batch 2 · 500
1036,28.58,90.33,0,2026/8/28 16:23,Batch 2 · 500
1038,28.58,90.3,0,2026/8/28 16:24,Batch 2 · 500
1041,28.59,90.28,0,2026/8/28 16:25,Batch 2 · 500
1044,28.59,90.27,0,2026/8/28 16:26,Batch 2 · 500
1045,28.62,90.25,0,2026/8/28 16:27,Batch 2 · 500
1048,28.59,90.22,0,2026/8/28 16:28,Batch 2 · 500
1048,28.62,90.23,0,2026/8/28 16:29,Batch 2 · 500
1052,28.62,90.2,0,2026/8/28 16:30,Batch 2 · 500
1056,28.64,90.19,0,2026/8/28 16:31,Batch 2 · 500
1057,28.66,90.19,0,2026/8/28 16:32,Batch 2 · 500
1060,28.65,90.15,0,2026/8/28 16:33,Batch 2 · 500
1060,28.66,90.16,0,2026/8/28 16:34,Batch 2 · 500
1066,28.66,90.13,0,2026/8/28 16:35,Batch 2 · 500
1070,28.66,90.14,0,2026/8/28 16:36,Batch 2 · 500
1071,28.66,90.13,0,2026/8/28 16:37,Batch 2 · 500
1072,28.65,90.13,0,2026/8/28 16:38,Batch 2 · 500
1077,28.71,90.12,0,2026/8/28 16:39,Batch 2 · 500
1078,28.68,90.12,0,2026/8/28 16:40,Batch 2 · 500
1079,28.71,90.12,0,2026/8/28 16:41,Batch 2 · 500
1081,28.69,90.11,0,2026/8/28 16:42,Batch 2 · 500
1084,28.69,90.1,0,2026/8/28 16:43,Batch 2 · 500
1086,28.71,90.12,0,2026/8/28 16:44,Batch 2 · 500
1089,28.72,90.14,0,2026/8/28 16:45,Batch 2 · 500
1090,28.72,90.14,6,2026/8/28 16:46,Batch 2 · 500
1091,28.71,90.12,6,2026/8/28 16:47,Batch 2 · 500
1094,28.71,90.12,6,2026/8/28 16:48,Batch 2 · 500
1098,28.72,90.14,6,2026/8/28 16:49,Batch 2 · 500
1100,28.73,90.13,6,2026/8/28 16:50,Batch 2 · 500
1103,28.71,90.13,6,2026/8/28 16:51,Batch 2 · 500
1105,28.77,90.15,6,2026/8/28 16:52,Batch 2 · 500
1106,28.73,90.12,6,2026/8/28 16:53,Batch 2 · 500
1110,28.76,90.13,7,2026/8/28 16:54,Batch 2 · 500
1115,28.76,90.13,7,2026/8/28 16:55,Batch 2 · 500
1115,28.77,90.15,7,2026/8/28 16:56,Batch 2 · 500
1115,28.77,90.17,7,2026/8/28 16:57,Batch 2 · 500
1117,28.76,90.18,7,2026/8/28 16:58,Batch 2 · 500
1122,28.8,90.16,7,2026/8/28 16:59,Batch 2 · 500
1124,28.77,90.17,7,2026/8/28 17:00,Batch 2 · 500
1126,28.79,90.18,8,2026/8/28 17:01,Batch 2 · 500
1127,28.82,90.19,8,2026/8/28 17:02,Batch 2 · 500
1130,28.82,90.19,8,2026/8/28 17:03,Batch 2 · 500
1134,28.82,90.18,8,2026/8/28 17:04,Batch 2 · 500
1139,28.83,90.2,8,2026/8/28 17:05,Batch 2 · 500
1139,28.82,90.21,8,2026/8/28 17:06,Batch 2 · 500
1141,28.83,90.17,8,2026/8/28 17:07,Batch 2 · 500
1142,28.83,90.2,9,2026/8/28 17:08,Batch 2 · 500
1145,28.85,90.21,9,2026/8/28 17:09,Batch 2 · 500
1145,28.83,90.21,9,2026/8/28 17:10,Batch 2 · 500
1150,28.85,90.2,9,2026/8/28 17:11,Batch 2 · 500
1153,28.86,90.21,9,2026/8/28 17:12,Batch 2 · 500
1155,28.86,90.2,9,2026/8/28 17:13,Batch 2 · 500
1157,28.87,90.18,10,2026/8/28 17:14,Batch 2 · 500
1159,28.86,90.17,10,2026/8/28 17:15,Batch 2 · 500
1162,28.85,90.16,10,2026/8/28 17:16,Batch 2 · 500
1164,28.86,90.16,10,2026/8/28 17:17,Batch 2 · 500
1168,28.86,90.15,10,2026/8/28 17:18,Batch 2 · 500
1169,28.86,90.15,10,2026/8/28 17:19,Batch 2 · 500
1171,28.82,90.15,10,2026/8/28 17:20,Batch 2 · 500
1171,28.83,90.07,10,2026/8/28 17:21,Batch 2 · 500
1176,28.82,90.13,10,2026/8/28 17:22,Batch 2 · 500
1181,28.82,90.11,11,2026/8/28 17:23,Batch 2 · 500
1184,28.8,90.07,11,2026/8/28 17:24,Batch 2 · 500
1186,28.79,90.05,11,2026/8/28 17:25,Batch 2 · 500
1186,28.75,90.03,11,2026/8/28 17:26,Batch 2 · 500
1187,28.77,90.07,11,2026/8/28 17:27,Batch 2 · 500
1188,28.76,90.05,11,2026/8/28 17:28,Batch 2 · 500
1190,28.77,90.06,11,2026/8/28 17:29,Batch 2 · 500
1194,28.77,90.08,11,2026/8/28 17:30,Batch 2 · 500
1197,28.75,90.12,11,2026/8/28 17:31,Batch 2 · 500
1198,28.77,90.08,12,2026/8/28 17:32,Batch 2 · 500
1202,28.77,90.1,12,2026/8/28 17:33,Batch 2 · 500
1205,28.76,90.1,12,2026/8/28 17:34,Batch 2 · 500
1208,28.77,90.17,12,2026/8/28 17:35,Batch 2 · 500
1210,28.76,90.15,12,2026/8/28 17:36,Batch 2 · 500
1212,28.79,90.18,12,2026/8/28 17:37,Batch 2 · 500
1212,28.79,90.2,12,2026/8/28 17:38,Batch 2 · 500
1214,28.8,90.2,13,2026/8/28 17:39,Batch 2 · 500
1217,28.82,90.24,13,2026/8/28 17:40,Batch 2 · 500
1220,28.83,90.29,13,2026/8/28 17:41,Batch 2 · 500
1223,28.83,90.29,13,2026/8/28 17:42,Batch 2 · 500
1226,28.85,90.3,13,2026/8/28 17:43,Batch 2 · 500
1228,28.85,90.33,13,2026/8/28 17:44,Batch 2 · 500
1231,28.87,90.34,13,2026/8/28 17:45,Batch 2 · 500
1230,28.89,90.36,14,2026/8/28 17:46,Batch 2 · 500
1233,28.89,90.38,14,2026/8/28 17:47,Batch 2 · 500
1236,28.9,90.38,14,2026/8/28 17:48,Batch 2 · 500
1236,28.9,90.35,14,2026/8/28 17:49,Batch 2 · 500
1241,28.93,90.34,14,2026/8/28 17:50,Batch 2 · 500
1244,28.92,90.37,14,2026/8/28 17:51,Batch 2 · 500
1246,28.93,90.4,14,2026/8/28 17:52,Batch 2 · 500
1249,28.96,90.37,14,2026/8/28 17:53,Batch 2 · 500
1251,28.95,90.36,15,2026/8/28 17:54,Batch 2 · 500
1252,28.96,90.39,15,2026/8/28 17:55,Batch 2 · 500
1254,28.95,90.37,15,2026/8/28 17:56,Batch 2 · 500
1256,28.95,90.36,15,2026/8/28 17:57,Batch 2 · 500
1258,28.96,90.33,15,2026/8/28 17:58,Batch 2 · 500
1260,29,90.35,16,2026/8/28 17:59,Batch 2 · 500
1263,28.99,90.36,16,2026/8/28 18:00,Batch 2 · 500
1266,28.95,90.33,16,2026/8/28 18:01,Batch 2 · 500
1267,28.97,90.37,16,2026/8/28 18:02,Batch 2 · 500
1271,28.99,90.36,16,2026/8/28 18:03,Batch 2 · 500
1274,28.99,90.4,16,2026/8/28 18:04,Batch 2 · 500
1275,29,90.35,16,2026/8/28 18:05,Batch 2 · 500
1275,29,90.39,16,2026/8/28 18:06,Batch 2 · 500
1280,29.03,90.38,17,2026/8/28 18:07,Batch 2 · 500
1283,29.01,90.39,17,2026/8/28 18:08,Batch 2 · 500
1285,29.03,90.39,17,2026/8/28 18:09,Batch 2 · 500
1285,29.03,90.42,17,2026/8/28 18:10,Batch 2 · 500
1291,29.06,90.4,17,2026/8/28 18:11,Batch 2 · 500
1292,29.04,90.37,18,2026/8/28 18:12,Batch 2 · 500
1296,29.07,90.41,18,2026/8/28 18:13,Batch 2 · 500
1300,29.07,90.38,18,2026/8/28 18:14,Batch 2 · 500
1301,29.1,90.4,18,2026/8/28 18:15,Batch 2 · 500
1303,29.08,90.39,18,2026/8/28 18:16,Batch 2 · 500
1304,29.1,90.38,18,2026/8/28 18:17,Batch 2 · 500
1305,29.08,90.39,18,2026/8/28 18:18,Batch 2 · 500
1306,29.08,90.34,19,2026/8/28 18:19,Batch 2 · 500
1308,29.1,90.39,19,2026/8/28 18:20,Batch 2 · 500
1313,29.07,90.33,19,2026/8/28 18:21,Batch 2 · 500
1317,29.06,90.33,19,2026/8/28 18:22,Batch 2 · 500
1320,29.07,90.34,19,2026/8/28 18:24,Batch 2 · 500
1321,29.08,90.34,19,2026/8/28 18:25,Batch 2 · 500
1323,29.07,90.28,19,2026/8/28 18:26,Batch 2 · 500
1326,29.07,90.3,19,2026/8/28 18:27,Batch 2 · 500
1328,29.07,90.22,20,2026/8/28 18:28,Batch 2 · 500
1331,29.06,90.25,20,2026/8/28 18:29,Batch 2 · 500
1334,29.06,90.25,20,2026/8/28 18:30,Batch 2 · 500
1337,29.04,90.23,20,2026/8/28 18:31,Batch 2 · 500
1338,29.06,90.26,20,2026/8/28 18:32,Batch 2 · 500
1339,29.06,90.27,20,2026/8/28 18:33,Batch 2 · 500
1343,29.04,90.23,20,2026/8/28 18:34,Batch 2 · 500
1347,29.01,90.22,20,2026/8/28 18:35,Batch 2 · 500
1346,29.06,90.24,21,2026/8/28 18:36,Batch 2 · 500
1349,29.04,90.27,21,2026/8/28 18:37,Batch 2 · 500
1352,29.06,90.26,21,2026/8/28 18:38,Batch 2 · 500
1354,29.06,90.27,21,2026/8/28 18:39,Batch 2 · 500
1359,29.06,90.29,21,2026/8/28 18:40,Batch 2 · 500
1361,29.03,90.29,21,2026/8/28 18:41,Batch 2 · 500
1363,29.04,90.29,21,2026/8/28 18:42,Batch 2 · 500
1364,29.06,90.3,22,2026/8/28 18:43,Batch 2 · 500
1366,29.07,90.32,22,2026/8/28 18:44,Batch 2 · 500
1368,29.07,90.32,22,2026/8/28 18:45,Batch 2 · 500
1373,29.07,90.35,22,2026/8/28 18:46,Batch 2 · 500
1376,29.1,90.35,22,2026/8/28 18:47,Batch 2 · 500
1379,29.08,90.38,22,2026/8/28 18:48,Batch 2 · 500
1378,29.1,90.35,23,2026/8/28 18:49,Batch 2 · 500
1380,29.11,90.37,23,2026/8/28 18:50,Batch 2 · 500
1384,29.08,90.36,23,2026/8/28 18:51,Batch 2 · 500
1384,29.1,90.39,23,2026/8/28 18:52,Batch 2 · 500
1387,29.1,90.31,23,2026/8/28 18:53,Batch 2 · 500
1392,29.1,90.36,23,2026/8/28 18:54,Batch 2 · 500
1394,29.11,90.34,23,2026/8/28 18:55,Batch 2 · 500
1395,29.08,90.37,23,2026/8/28 18:56,Batch 2 · 500
1400,29.11,90.37,24,2026/8/28 18:57,Batch 2 · 500
1402,29.13,90.4,24,2026/8/28 18:58,Batch 2 · 500
1406,29.11,90.37,24,2026/8/28 18:59,Batch 2 · 500
1407,29.11,90.37,24,2026/8/28 19:00,Batch 2 · 500
1407,29.11,90.36,24,2026/8/28 19:01,Batch 2 · 500
1409,29.1,90.34,24,2026/8/28 19:02,Batch 2 · 500
1413,29.08,90.3,24,2026/8/28 19:03,Batch 2 · 500
1416,29.11,90.32,25,2026/8/28 19:04,Batch 2 · 500
1418,29.08,90.33,25,2026/8/28 19:05,Batch 2 · 500
1421,29.08,90.3,25,2026/8/28 19:06,Batch 2 · 500
1424,29.07,90.26,25,2026/8/28 19:07,Batch 2 · 500
1426,29.07,90.25,25,2026/8/28 19:08,Batch 2 · 500
1429,29.04,90.21,25,2026/8/28 19:09,Batch 2 · 500
1431,29.03,90.23,25,2026/8/28 19:10,Batch 2 · 500
1435,29.01,90.22,25,2026/8/28 19:11,Batch 2 · 500
1437,29.01,90.19,25,2026/8/28 19:12,Batch 2 · 500
1439,29.01,90.17,25,2026/8/28 19:13,Batch 2 · 500
1441,28.99,90.13,25,2026/8/28 19:14,Batch 2 · 500
1445,28.97,90.14,25,2026/8/28 19:15,Batch 2 · 500
1446,28.95,90.16,26,2026/8/28 19:16,Batch 2 · 500
1450,28.95,90.12,26,2026/8/28 19:17,Batch 2 · 500
1452,28.93,90.12,26,2026/8/28 19:18,Batch 2 · 500
1455,28.92,90.13,26,2026/8/28 19:19,Batch 2 · 500
1455,28.93,90.14,26,2026/8/28 19:20,Batch 2 · 500
1457,28.92,90.16,26,2026/8/28 19:21,Batch 2 · 500
1462,28.95,90.2,26,2026/8/28 19:22,Batch 2 · 500
1464,28.95,90.24,26,2026/8/28 19:23,Batch 2 · 500
1466,28.93,90.25,26,2026/8/28 19:24,Batch 2 · 500
1467,28.93,90.27,26,2026/8/28 19:25,Batch 2 · 500
1469,28.93,90.26,27,2026/8/28 19:26,Batch 2 · 500
1472,28.93,90.24,27,2026/8/28 19:27,Batch 2 · 500
1476,28.95,90.28,27,2026/8/28 19:28,Batch 2 · 500
1478,28.92,90.28,27,2026/8/28 19:29,Batch 2 · 500
1481,28.95,90.31,27,2026/8/28 19:30,Batch 2 · 500
1484,28.95,90.29,27,2026/8/28 19:31,Batch 2 · 500
1485,28.96,90.36,27,2026/8/28 19:32,Batch 2 · 500
1489,28.95,90.29,27,2026/8/28 19:33,Batch 2 · 500
1492,28.97,90.35,27,2026/8/28 19:34,Batch 2 · 500
1494,28.95,90.33,28,2026/8/28 19:35,Batch 2 · 500
1496,28.96,90.35,28,2026/8/28 19:36,Batch 2 · 500
1497,28.99,90.38,28,2026/8/28 19:37,Batch 2 · 500
1498,28.96,90.34,28,2026/8/28 19:38,Batch 2 · 500
1502,28.97,90.38,28,2026/8/28 19:39,Batch 2 · 500
1508,28.96,90.32,29,2026/8/28 19:40,Batch 2 · 500
1508,28.96,90.31,29,2026/8/28 19:41,Batch 2 · 500
1508,28.93,90.33,29,2026/8/28 19:42,Batch 2 · 500
1513,28.92,90.34,29,2026/8/28 19:43,Batch 2 · 500
1515,28.95,90.32,29,2026/8/28 19:44,Batch 2 · 500
1518,28.93,90.32,29,2026/8/28 19:45,Batch 2 · 500
1521,28.95,90.34,29,2026/8/28 19:46,Batch 2 · 500
1525,28.92,90.3,29,2026/8/28 19:47,Batch 2 · 500
1527,28.92,90.28,29,2026/8/28 19:48,Batch 2 · 500
1527,28.9,90.3,30,2026/8/28 19:49,Batch 2 · 500
1533,28.9,90.29,30,2026/8/28 19:50,Batch 2 · 500
1535,28.89,90.32,30,2026/8/28 19:51,Batch 2 · 500
1534,28.92,90.32,30,2026/8/28 19:52,Batch 2 · 500
1538,28.92,90.28,30,2026/8/28 19:53,Batch 2 · 500
1539,28.9,90.33,30,2026/8/28 19:54,Batch 2 · 500
1543,28.9,90.34,30,2026/8/28 19:55,Batch 2 · 500
1546,28.89,90.37,31,2026/8/28 19:56,Batch 2 · 500
1548,28.92,90.37,31,2026/8/28 19:57,Batch 2 · 500
1549,28.9,90.34,31,2026/8/28 19:58,Batch 2 · 500
1553,28.92,90.39,31,2026/8/28 19:59,Batch 2 · 500
1555,28.9,90.38,31,2026/8/28 20:00,Batch 2 · 500
1561,28.93,90.43,31,2026/8/28 20:01,Batch 2 · 500
1563,28.95,90.4,31,2026/8/28 20:02,Batch 2 · 500
1565,28.95,90.43,32,2026/8/28 20:03,Batch 2 · 500
1567,28.92,90.45,32,2026/8/28 20:04,Batch 2 · 500
1569,28.95,90.44,32,2026/8/28 20:05,Batch 2 · 500
1571,28.97,90.46,32,2026/8/28 20:06,Batch 2 · 500
1576,28.97,90.5,32,2026/8/28 20:07,Batch 2 · 500
1576,28.97,90.47,33,2026/8/28 20:08,Batch 2 · 500
1579,28.96,90.51,33,2026/8/28 20:09,Batch 2 · 500
1581,28.99,90.52,33,2026/8/28 20:10,Batch 2 · 500
1586,28.99,90.48,33,2026/8/28 20:11,Batch 2 · 500
1587,29,90.52,33,2026/8/28 20:12,Batch 2 · 500
1590,29.01,90.54,33,2026/8/28 20:13,Batch 2 · 500
1594,29.03,90.56,33,2026/8/28 20:14,Batch 2 · 500
1594,29.03,90.53,34,2026/8/28 20:15,Batch 2 · 500
1599,29.04,90.55,34,2026/8/28 20:16,Batch 2 · 500
1603,29.04,90.58,34,2026/8/28 20:17,Batch 2 · 500
1602,29.07,90.57,34,2026/8/28 20:19,Batch 2 · 500
1602,29.07,90.56,35,2026/8/28 20:20,Batch 2 · 500
1605,29.07,90.55,35,2026/8/28 20:21,Batch 2 · 500
1608,29.08,90.59,35,2026/8/28 20:22,Batch 2 · 500
1611,29.1,90.61,35,2026/8/28 20:23,Batch 2 · 500
1615,29.1,90.55,35,2026/8/28 20:24,Batch 2 · 500
1618,29.1,90.55,36,2026/8/28 20:25,Batch 2 · 500
1620,29.14,90.56,36,2026/8/28 20:26,Batch 2 · 500
1623,29.1,90.5,36,2026/8/28 20:27,Batch 2 · 500
1625,29.13,90.52,37,2026/8/28 20:28,Batch 2 · 500
1626,29.11,90.48,37,2026/8/28 20:29,Batch 2 · 500
1630,29.1,90.5,37,2026/8/28 20:30,Batch 2 · 500
1633,29.1,90.45,37,2026/8/28 20:31,Batch 2 · 500
1637,29.11,90.45,37,2026/8/28 20:32,Batch 2 · 500
1637,29.1,90.47,37,2026/8/28 20:33,Batch 2 · 500
1637,29.11,90.43,38,2026/8/28 20:34,Batch 2 · 500
1640,29.1,90.46,38,2026/8/28 20:35,Batch 2 · 500
1643,29.11,90.43,38,2026/8/28 20:36,Batch 2 · 500
1644,29.11,90.43,38,2026/8/28 20:37,Batch 2 · 500
1645,29.08,90.36,38,2026/8/28 20:38,Batch 2 · 500
1649,29.08,90.41,38,2026/8/28 20:39,Batch 2 · 500
1656,29.08,90.35,39,2026/8/28 20:40,Batch 2 · 500
1656,29.07,90.33,39,2026/8/28 20:41,Batch 2 · 500
1658,29.07,90.35,39,2026/8/28 20:42,Batch 2 · 500
1663,29.04,90.3,39,2026/8/28 20:43,Batch 2 · 500
1664,29.06,90.32,39,2026/8/28 20:44,Batch 2 · 500
1667,29.03,90.29,39,2026/8/28 20:45,Batch 2 · 500
1667,29.03,90.26,39,2026/8/28 20:46,Batch 2 · 500
1671,29.01,90.28,40,2026/8/28 20:47,Batch 2 · 500
1672,29,90.26,40,2026/8/28 20:48,Batch 2 · 500
1677,28.99,90.24,40,2026/8/28 20:49,Batch 2 · 500
1680,28.96,90.2,40,2026/8/28 20:50,Batch 2 · 500
1685,28.97,90.19,40,2026/8/28 20:51,Batch 2 · 500
1688,28.95,90.2,40,2026/8/28 20:52,Batch 2 · 500
1688,28.95,90.22,40,2026/8/28 20:53,Batch 2 · 500
1692,28.95,90.22,41,2026/8/28 20:54,Batch 2 · 500
1694,28.92,90.21,41,2026/8/28 20:55,Batch 2 · 500
1694,28.93,90.26,41,2026/8/28 20:56,Batch 2 · 500
1699,28.92,90.26,41,2026/8/28 20:57,Batch 2 · 500
1700,28.92,90.28,41,2026/8/28 20:58,Batch 2 · 500
1700,28.93,90.3,41,2026/8/28 20:59,Batch 2 · 500
1701,28.92,90.37,41,2026/8/28 21:00,Batch 2 · 500
1706,28.95,90.36,41,2026/8/28 21:01,Batch 2 · 500
1709,28.92,90.35,41,2026/8/28 21:02,Batch 2 · 500
1712,28.95,90.39,42,2026/8/28 21:03,Batch 2 · 500
1714,28.95,90.4,42,2026/8/28 21:04,Batch 2 · 500
1716,28.97,90.4,42,2026/8/28 21:05,Batch 2 · 500
1719,28.97,90.46,42,2026/8/28 21:06,Batch 2 · 500
1722,29,90.45,42,2026/8/28 21:07,Batch 2 · 500
1722,28.97,90.43,42,2026/8/28 21:08,Batch 2 · 500
1724,29,90.5,43,2026/8/28 21:09,Batch 2 · 500
1723,29,90.46,43,2026/8/28 21:10,Batch 2 · 500
1728,28.99,90.5,43,2026/8/28 21:11,Batch 2 · 500
1733,29.01,90.49,43,2026/8/28 21:12,Batch 2 · 500
1734,29.01,90.47,43,2026/8/28 21:13,Batch 2 · 500
1736,29.01,90.5,44,2026/8/28 21:14,Batch 2 · 500
1737,29.01,90.5,44,2026/8/28 21:15,Batch 2 · 500
1742,29.01,90.5,44,2026/8/28 21:16,Batch 2 · 500
1741,29.03,90.48,44,2026/8/28 21:17,Batch 2 · 500
1745,29.01,90.49,45,2026/8/28 21:18,Batch 2 · 500
1745,29.03,90.48,45,2026/8/28 21:19,Batch 2 · 500
1748,29.01,90.5,45,2026/8/28 21:20,Batch 2 · 500
1751,29.04,90.47,45,2026/8/28 21:21,Batch 2 · 500
1754,29.04,90.49,45,2026/8/28 21:22,Batch 2 · 500
1755,29.03,90.49,45,2026/8/28 21:23,Batch 2 · 500
1759,29.04,90.5,46,2026/8/28 21:24,Batch 2 · 500
1762,29.04,90.49,46,2026/8/28 21:25,Batch 2 · 500
1765,29.01,90.47,46,2026/8/28 21:26,Batch 2 · 500
1767,29.03,90.43,46,2026/8/28 21:27,Batch 2 · 500
1768,29.01,90.43,46,2026/8/28 21:28,Batch 2 · 500
1769,29.01,90.46,46,2026/8/28 21:29,Batch 2 · 500
1773,29.01,90.43,46,2026/8/28 21:30,Batch 2 · 500
1774,29,90.41,46,2026/8/28 21:31,Batch 2 · 500
1775,29,90.44,47,2026/8/28 21:32,Batch 2 · 500
1778,29,90.43,47,2026/8/28 21:33,Batch 2 · 500
1781,29.03,90.44,47,2026/8/28 21:34,Batch 2 · 500
1783,29.01,90.44,47,2026/8/28 21:35,Batch 2 · 500
1787,29.01,90.45,48,2026/8/28 21:36,Batch 2 · 500
1791,29.01,90.5,48,2026/8/28 21:37,Batch 2 · 500
1793,29.01,90.47,48,2026/8/28 21:38,Batch 2 · 500
1795,29.03,90.48,48,2026/8/28 21:39,Batch 2 · 500
1798,29.03,90.46,48,2026/8/28 21:40,Batch 2 · 500
1799,29.03,90.48,48,2026/8/28 21:41,Batch 2 · 500
1801,29.03,90.46,49,2026/8/28 21:42,Batch 2 · 500
1799,29.04,90.46,49,2026/8/28 21:43,Batch 2 · 500
1802,29.01,90.48,49,2026/8/28 21:44,Batch 2 · 500
1805,29.03,90.49,49,2026/8/28 21:45,Batch 2 · 500
1809,29.04,90.46,49,2026/8/28 21:46,Batch 2 · 500
1814,29.06,90.47,50,2026/8/28 21:47,Batch 2 · 500
1815,29.07,90.52,50,2026/8/28 21:48,Batch 2 · 500
1819,29.04,90.46,50,2026/8/28 21:49,Batch 2 · 500
1817,29.04,90.47,50,2026/8/28 21:50,Batch 2 · 500
1822,29.06,90.47,50,2026/8/28 21:51,Batch 2 · 500
1826,29.07,90.52,50,2026/8/28 21:52,Batch 2 · 500
1828,29.08,90.55,51,2026/8/28 21:53,Batch 2 · 500
1831,29.06,90.53,51,2026/8/28 21:54,Batch 2 · 500
1832,29.07,90.49,51,2026/8/28 21:55,Batch 2 · 500
1838,29.06,90.5,51,2026/8/28 21:56,Batch 2 · 500
1841,29.07,90.49,52,2026/8/28 21:58,Batch 2 · 500
1842,29.07,90.5,52,2026/8/28 21:59,Batch 2 · 500
1845,29.06,90.48,52,2026/8/28 22:00,Batch 2 · 500
1848,29.08,90.49,52,2026/8/28 22:01,Batch 2 · 500
1849,29.08,90.47,52,2026/8/28 22:02,Batch 2 · 500
1853,29.07,90.5,52,2026/8/28 22:03,Batch 2 · 500
1856,29.06,90.49,52,2026/8/28 22:04,Batch 2 · 500
1859,29.08,90.48,52,2026/8/28 22:05,Batch 2 · 500
1858,29.08,90.49,53,2026/8/28 22:06,Batch 2 · 500
1861,29.08,90.45,53,2026/8/28 22:07,Batch 2 · 500
1863,29.1,90.53,53,2026/8/28 22:08,Batch 2 · 500
1867,29.08,90.49,53,2026/8/28 22:09,Batch 2 · 500
1870,29.08,90.49,54,2026/8/28 22:10,Batch 2 · 500
1873,29.1,90.47,54,2026/8/28 22:11,Batch 2 · 500
1875,29.07,90.47,54,2026/8/28 22:12,Batch 2 · 500
1881,29.08,90.48,54,2026/8/28 22:13,Batch 2 · 500
1884,29.08,90.46,54,2026/8/28 22:14,Batch 2 · 500
1886,29.08,90.46,54,2026/8/28 22:15,Batch 2 · 500
1888,29.07,90.41,54,2026/8/28 22:16,Batch 2 · 500
1893,29.08,90.45,55,2026/8/28 22:17,Batch 2 · 500
1897,29.07,90.43,55,2026/8/28 22:18,Batch 2 · 500
1902,29.07,90.4,55,2026/8/28 22:19,Batch 2 · 500
1908,29.06,90.41,55,2026/8/28 22:20,Batch 2 · 500
1907,29.08,90.44,55,2026/8/28 22:21,Batch 2 · 500
1911,29.06,90.41,55,2026/8/28 22:22,Batch 2 · 500
1915,29.06,90.38,55,2026/8/28 22:23,Batch 2 · 500
1917,29.06,90.4,55,2026/8/28 22:24,Batch 2 · 500
1922,29.06,90.37,55,2026/8/28 22:25,Batch 2 · 500
1929,29.04,90.4,55,2026/8/28 22:26,Batch 2 · 500
1930,29.06,90.39,55,2026/8/28 22:27,Batch 2 · 500
1934,29,90.34,55,2026/8/28 22:28,Batch 2 · 500
1934,29,90.32,55,2026/8/28 22:29,Batch 2 · 500
1938,29.01,90.32,55,2026/8/28 22:30,Batch 2 · 500
1940,29,90.33,55,2026/8/28 22:31,Batch 2 · 500
1943,28.97,90.24,55,2026/8/28 22:32,Batch 2 · 500
1949,28.96,90.28,55,2026/8/28 22:33,Batch 2 · 500
1950,28.99,90.3,55,2026/8/28 22:34,Batch 2 · 500
1956,28.95,90.27,55,2026/8/28 22:35,Batch 2 · 500
1957,28.95,90.27,56,2026/8/28 22:36,Batch 2 · 500
1958,28.92,90.28,56,2026/8/28 22:37,Batch 2 · 500
1964,28.9,90.28,56,2026/8/28 22:38,Batch 2 · 500
1971,28.89,90.25,56,2026/8/28 22:39,Batch 2 · 500
1974,28.9,90.27,56,2026/8/28 22:40,Batch 2 · 500
1976,28.89,90.29,56,2026/8/28 22:41,Batch 2 · 500
1978,28.87,90.25,56,2026/8/28 22:42,Batch 2 · 500
1982,28.86,90.27,56,2026/8/28 22:43,Batch 2 · 500
1987,28.89,90.27,56,2026/8/28 22:44,Batch 2 · 500
1989,28.9,90.32,56,2026/8/28 22:45,Batch 2 · 500
1991,28.87,90.29,56,2026/8/28 22:46,Batch 2 · 500
1992,28.87,90.32,56,2026/8/28 22:47,Batch 2 · 500
1994,28.9,90.32,56,2026/8/28 22:48,Batch 2 · 500
1996,28.87,90.35,57,2026/8/28 22:49,Batch 2 · 500
2000,28.89,90.34,57,2026/8/28 22:50,Batch 2 · 500
2008,28.89,90.36,57,2026/8/28 22:51,Batch 2 · 500
2012,28.9,90.39,57,2026/8/28 22:52,Batch 2 · 500
2015,28.89,90.41,57,2026/8/28 22:53,Batch 2 · 500
2020,28.9,90.46,57,2026/8/28 22:54,Batch 2 · 500
2018,28.9,90.46,57,2026/8/28 22:55,Batch 2 · 500
2022,28.9,90.46,57,2026/8/28 22:56,Batch 2 · 500
2025,28.92,90.47,57,2026/8/28 22:57,Batch 2 · 500
2029,28.93,90.5,58,2026/8/28 22:58,Batch 2 · 500
2037,28.97,90.52,58,2026/8/28 22:59,Batch 2 · 500
2040,28.92,90.54,58,2026/8/28 23:00,Batch 2 · 500
2043,28.95,90.55,58,2026/8/28 23:01,Batch 2 · 500
2047,28.96,90.58,58,2026/8/28 23:02,Batch 2 · 500
2045,28.97,90.57,58,2026/8/28 23:03,Batch 2 · 500
2051,28.97,90.59,59,2026/8/28 23:04,Batch 2 · 500
2056,29.01,90.6,59,2026/8/28 23:05,Batch 2 · 500
2059,29.01,90.58,59,2026/8/28 23:06,Batch 2 · 500
2063,29.01,90.62,59,2026/8/28 23:07,Batch 2 · 500
2068,29.04,90.63,60,2026/8/28 23:08,Batch 2 · 500
2071,29.04,90.63,60,2026/8/28 23:09,Batch 2 · 500
2076,29.08,90.66,60,2026/8/28 23:10,Batch 2 · 500
2075,29.06,90.62,60,2026/8/28 23:11,Batch 2 · 500
2079,29.08,90.64,61,2026/8/28 23:12,Batch 2 · 500
2082,29.11,90.66,61,2026/8/28 23:13,Batch 2 · 500
2085,29.11,90.62,61,2026/8/28 23:14,Batch 2 · 500
2089,29.11,90.65,62,2026/8/28 23:15,Batch 2 · 500
2088,29.14,90.69,62,2026/8/28 23:16,Batch 2 · 500
2095,29.14,90.64,62,2026/8/28 23:17,Batch 2 · 500
2097,29.18,90.7,62,2026/8/28 23:18,Batch 2 · 500
2104,29.18,90.69,63,2026/8/28 23:19,Batch 2 · 500
2106,29.21,90.7,63,2026/8/28 23:20,Batch 2 · 500
2107,29.24,90.69,64,2026/8/28 23:21,Batch 2 · 500
2109,29.21,90.7,64,2026/8/28 23:22,Batch 2 · 500
2114,29.24,90.7,64,2026/8/28 23:23,Batch 2 · 500
2114,29.25,90.7,64,2026/8/28 23:24,Batch 2 · 500
2121,29.28,90.74,65,2026/8/28 23:26,Batch 2 · 500
2128,29.31,90.7,65,2026/8/28 23:27,Batch 2 · 500
2129,29.31,90.67,66,2026/8/28 23:28,Batch 2 · 500
2131,29.32,90.7,66,2026/8/28 23:29,Batch 2 · 500
2134,29.35,90.75,66,2026/8/28 23:30,Batch 2 · 500
2135,29.37,90.72,66,2026/8/28 23:31,Batch 2 · 500
2139,29.38,90.7,67,2026/8/28 23:32,Batch 2 · 500
2142,29.41,90.69,67,2026/8/28 23:33,Batch 2 · 500
2146,29.42,90.67,68,2026/8/28 23:34,Batch 2 · 500
2152,29.42,90.68,68,2026/8/28 23:35,Batch 2 · 500
2154,29.44,90.71,68,2026/8/28 23:36,Batch 2 · 500
2157,29.45,90.67,69,2026/8/28 23:37,Batch 2 · 500
2159,29.48,90.69,69,2026/8/28 23:38,Batch 2 · 500
2164,29.49,90.71,70,2026/8/28 23:39,Batch 2 · 500
2168,29.52,90.69,70,2026/8/28 23:40,Batch 2 · 500
2170,29.55,90.69,70,2026/8/28 23:41,Batch 2 · 500
2171,29.53,90.67,71,2026/8/28 23:42,Batch 2 · 500
2178,29.56,90.66,71,2026/8/28 23:43,Batch 2 · 500
2182,29.55,90.64,71,2026/8/28 23:44,Batch 2 · 500
2186,29.58,90.64,72,2026/8/28 23:45,Batch 2 · 500
2190,29.59,90.63,72,2026/8/28 23:46,Batch 2 · 500
2193,29.63,90.67,73,2026/8/28 23:47,Batch 2 · 500
2193,29.63,90.6,73,2026/8/28 23:48,Batch 2 · 500
2196,29.66,90.64,73,2026/8/28 23:49,Batch 2 · 500
2202,29.67,90.61,73,2026/8/28 23:50,Batch 2 · 500
2207,29.67,90.58,75,2026/8/28 23:51,Batch 2 · 500
2212,29.7,90.66,75,2026/8/28 23:52,Batch 2 · 500
2213,29.69,90.59,75,2026/8/28 23:53,Batch 2 · 500
2215,29.7,90.62,76,2026/8/28 23:54,Batch 2 · 500
2220,29.73,90.61,76,2026/8/28 23:55,Batch 2 · 500
2222,29.74,90.58,76,2026/8/28 23:56,Batch 2 · 500
2228,29.79,90.61,77,2026/8/28 23:57,Batch 2 · 500
2229,29.79,90.58,77,2026/8/28 23:58,Batch 2 · 500
2231,29.8,90.57,78,2026/8/28 23:59,Batch 2 · 500
2235,29.81,90.57,78,2026/8/29 0:00,Batch 2 · 500
2242,29.81,90.56,78,2026/8/29 0:01,Batch 2 · 500
2247,29.84,90.57,79,2026/8/29 0:02,Batch 2 · 500
2246,29.86,90.56,79,2026/8/29 0:03,Batch 2 · 500
2248,29.87,90.57,80,2026/8/29 0:04,Batch 2 · 500
2252,29.86,90.54,80,2026/8/29 0:05,Batch 2 · 500
2256,29.89,90.57,80,2026/8/29 0:06,Batch 2 · 500
2260,29.9,90.52,82,2026/8/29 0:07,Batch 2 · 500
2265,29.93,90.54,82,2026/8/29 0:08,Batch 2 · 500
2265,29.91,90.56,82,2026/8/29 0:09,Batch 2 · 500
2270,29.93,90.53,82,2026/8/29 0:10,Batch 2 · 500
2276,29.97,90.51,83,2026/8/29 0:11,Batch 2 · 500
2278,29.97,90.5,83,2026/8/29 0:12,Batch 2 · 500
2280,29.98,90.52,84,2026/8/29 0:13,Batch 2 · 500
2284,30,90.52,84,2026/8/29 0:14,Batch 2 · 500
2287,30.01,90.53,84,2026/8/29 0:15,Batch 2 · 500
2291,30.01,90.5,85,2026/8/29 0:16,Batch 2 · 500
2293,30.04,90.47,86,2026/8/29 0:17,Batch 2 · 500
2295,30.04,90.5,86,2026/8/29 0:18,Batch 2 · 500
2300,30.05,90.48,86,2026/8/29 0:19,Batch 2 · 500
2305,30.08,90.47,87,2026/8/29 0:20,Batch 2 · 500
2311,30.08,90.47,87,2026/8/29 0:21,Batch 2 · 500
2308,30.1,90.47,88,2026/8/29 0:22,Batch 2 · 500
2311,30.1,90.45,89,2026/8/29 0:23,Batch 2 · 500
2314,30.12,90.45,89,2026/8/29 0:24,Batch 2 · 500
2320,30.12,90.46,89,2026/8/29 0:25,Batch 2 · 500
2322,30.14,90.45,90,2026/8/29 0:26,Batch 2 · 500
2324,30.15,90.45,90,2026/8/29 0:27,Batch 2 · 500
2330,30.14,90.44,91,2026/8/29 0:28,Batch 2 · 500
2331,30.18,90.43,91,2026/8/29 0:29,Batch 2 · 500
2337,30.18,90.45,92,2026/8/29 0:30,Batch 2 · 500
2341,30.18,90.43,92,2026/8/29 0:31,Batch 2 · 500
2344,30.21,90.41,93,2026/8/29 0:32,Batch 2 · 500
2344,30.22,90.4,93,2026/8/29 0:33,Batch 2 · 500
2348,30.24,90.41,93,2026/8/29 0:34,Batch 2 · 500
2352,30.26,90.46,94,2026/8/29 0:35,Batch 2 · 500
2355,30.26,90.44,95,2026/8/29 0:36,Batch 2 · 500
2358,30.28,90.39,95,2026/8/29 0:37,Batch 2 · 500
2363,30.28,90.42,96,2026/8/29 0:38,Batch 2 · 500
2367,30.29,90.38,96,2026/8/29 0:39,Batch 2 · 500
2370,30.31,90.37,96,2026/8/29 0:40,Batch 2 · 500
2375,30.32,90.36,96,2026/8/29 0:41,Batch 2 · 500
2376,30.31,90.37,97,2026/8/29 0:42,Batch 2 · 500
2381,30.34,90.38,98,2026/8/29 0:43,Batch 2 · 500
2387,30.34,90.33,98,2026/8/29 0:44,Batch 2 · 500
2389,30.35,90.31,98,2026/8/29 0:46,Batch 2 · 500
2393,30.36,90.34,99,2026/8/29 0:47,Batch 2 · 500
2395,30.39,90.35,100,2026/8/29 0:48,Batch 2 · 500
2400,30.38,90.32,100,2026/8/29 0:49,Batch 2 · 500
2404,30.41,90.32,100,2026/8/29 0:50,Batch 2 · 500
2408,30.42,90.33,101,2026/8/29 0:51,Batch 2 · 500
2413,30.42,90.32,102,2026/8/29 0:52,Batch 2 · 500
2411,30.45,90.31,102,2026/8/29 0:53,Batch 2 · 500
2414,30.42,90.28,103,2026/8/29 0:54,Batch 2 · 500
2420,30.42,90.28,103,2026/8/29 0:55,Batch 2 · 500
2424,30.46,90.31,104,2026/8/29 0:56,Batch 2 · 500
2429,30.48,90.29,104,2026/8/29 0:57,Batch 2 · 500
2431,30.48,90.31,105,2026/8/29 0:58,Batch 2 · 500
2430,30.46,90.27,106,2026/8/29 0:59,Batch 2 · 500
2436,30.49,90.27,106,2026/8/29 1:00,Batch 2 · 500
2441,30.52,90.26,106,2026/8/29 1:01,Batch 2 · 500
2443,30.5,90.28,107,2026/8/29 1:02,Batch 2 · 500
2444,30.52,90.28,108,2026/8/29 1:03,Batch 2 · 500
2449,30.52,90.26,108,2026/8/29 1:04,Batch 2 · 500
2451,30.52,90.25,108,2026/8/29 1:05,Batch 2 · 500
2455,30.56,90.28,109,2026/8/29 1:06,Batch 2 · 500
2460,30.53,90.25,109,2026/8/29 1:07,Batch 2 · 500
2463,30.57,90.26,110,2026/8/29 1:08,Batch 2 · 500
2465,30.57,90.23,110,2026/8/29 1:09,Batch 2 · 500
2466,30.59,90.22,111,2026/8/29 1:10,Batch 2 · 500
2470,30.6,90.25,111,2026/8/29 1:11,Batch 2 · 500
2477,30.6,90.23,111,2026/8/29 1:12,Batch 2 · 500
2481,30.6,90.24,112,2026/8/29 1:13,Batch 2 · 500
2482,30.59,90.26,112,2026/8/29 1:14,Batch 2 · 500
2487,30.64,90.23,113,2026/8/29 1:15,Batch 2 · 500
2491,30.63,90.21,113,2026/8/29 1:16,Batch 2 · 500
2495,30.64,90.22,113,2026/8/29 1:17,Batch 2 · 500
2498,30.63,90.18,114,2026/8/29 1:18,Batch 2 · 500
2499,30.64,90.21,114,2026/8/29 1:19,Batch 2 · 500
2504,30.66,90.21,115,2026/8/29 1:20,Batch 2 · 500
2507,30.67,90.18,115,2026/8/29 1:21,Batch 2 · 500
2510,30.69,90.16,115,2026/8/29 1:22,Batch 2 · 500
2513,30.67,90.17,116,2026/8/29 1:23,Batch 2 · 500
2519,30.69,90.21,116,2026/8/29 1:24,Batch 2 · 500
2518,30.7,90.18,116,2026/8/29 1:25,Batch 2 · 500
2521,30.69,90.18,117,2026/8/29 1:26,Batch 2 · 500
2524,30.7,90.16,117,2026/8/29 1:27,Batch 2 · 500
2529,30.71,90.14,117,2026/8/29 1:28,Batch 2 · 500
2529,30.71,90.2,118,2026/8/29 1:29,Batch 2 · 500
2533,30.73,90.15,119,2026/8/29 1:30,Batch 2 · 500
2535,30.77,90.17,119,2026/8/29 1:31,Batch 2 · 500
2542,30.77,90.18,119,2026/8/29 1:32,Batch 2 · 500
2545,30.76,90.14,120,2026/8/29 1:33,Batch 2 · 500
2547,30.77,90.16,120,2026/8/29 1:34,Batch 2 · 500
2551,30.76,90.16,120,2026/8/29 1:35,Batch 2 · 500
2554,30.74,90.16,121,2026/8/29 1:36,Batch 2 · 500
2554,30.76,90.13,122,2026/8/29 1:37,Batch 2 · 500
2560,30.77,90.12,122,2026/8/29 1:38,Batch 2 · 500
2565,30.79,90.12,122,2026/8/29 1:39,Batch 2 · 500
2568,30.79,90.14,123,2026/8/29 1:40,Batch 2 · 500
2570,30.8,90.13,123,2026/8/29 1:41,Batch 2 · 500
2572,30.8,90.09,123,2026/8/29 1:42,Batch 2 · 500
2572,30.81,90.11,123,2026/8/29 1:43,Batch 2 · 500
2574,30.83,90.12,124,2026/8/29 1:44,Batch 2 · 500
2582,30.84,90.13,125,2026/8/29 1:45,Batch 2 · 500
2584,30.85,90.12,125,2026/8/29 1:46,Batch 2 · 500
2591,30.85,90.11,125,2026/8/29 1:47,Batch 2 · 500
2595,30.84,90.09,126,2026/8/29 1:48,Batch 2 · 500
2594,30.85,90.08,126,2026/8/29 1:49,Batch 2 · 500
2597,30.88,90.1,127,2026/8/29 1:50,Batch 2 · 500
2599,30.88,90.07,127,2026/8/29 1:51,Batch 2 · 500
2607,30.87,90.11,128,2026/8/29 1:52,Batch 2 · 500
2605,30.88,90.07,128,2026/8/29 1:53,Batch 2 · 500
2609,30.88,90.09,128,2026/8/29 1:54,Batch 2 · 500
2614,30.88,90.08,129,2026/8/29 1:55,Batch 2 · 500
2618,30.93,90.09,129,2026/8/29 1:56,Batch 2 · 500
2621,30.9,90.08,129,2026/8/29 1:57,Batch 2 · 500
2629,30.91,90.04,130,2026/8/29 1:58,Batch 2 · 500
2632,30.91,90.07,130,2026/8/29 1:59,Batch 2 · 500
2635,30.91,90.06,130,2026/8/29 2:01,Batch 2 · 500
2635,30.91,90.03,131,2026/8/29 2:02,Batch 2 · 500
2636,30.93,90.03,132,2026/8/29 2:03,Batch 2 · 500
2641,30.95,90.05,132,2026/8/29 2:04,Batch 2 · 500
2646,30.95,90.03,133,2026/8/29 2:05,Batch 2 · 500
2647,30.94,90,133,2026/8/29 2:06,Batch 2 · 500
2652,30.97,90.07,133,2026/8/29 2:07,Batch 2 · 500
2654,31,90.09,134,2026/8/29 2:08,Batch 2 · 500
2660,30.98,90.02,135,2026/8/29 2:09,Batch 2 · 500
2659,30.95,90.03,135,2026/8/29 2:10,Batch 2 · 500
2663,30.97,89.98,136,2026/8/29 2:11,Batch 2 · 500
2667,31,90.04,136,2026/8/29 2:12,Batch 2 · 500
2671,31,90.05,136,2026/8/29 2:13,Batch 2 · 500
2674,31,90.01,136,2026/8/29 2:14,Batch 2 · 500
2677,31,90.03,137,2026/8/29 2:15,Batch 2 · 500
2682,31.01,90.01,138,2026/8/29 2:16,Batch 2 · 500
2683,31.01,89.98,139,2026/8/29 2:17,Batch 2 · 500
2684,31.01,90.01,139,2026/8/29 2:18,Batch 2 · 500
2688,31.05,90.01,140,2026/8/29 2:19,Batch 2 · 500
2693,31.04,89.96,140,2026/8/29 2:20,Batch 2 · 500
2695,31.02,90,140,2026/8/29 2:21,Batch 2 · 500
2695,31.04,90,140,2026/8/29 2:22,Batch 2 · 500
2700,31.04,90,140,2026/8/29 2:23,Batch 2 · 500
2702,31.05,89.94,141,2026/8/29 2:24,Batch 2 · 500
2708,31.08,89.99,142,2026/8/29 2:25,Batch 2 · 500
2709,31.07,89.96,142,2026/8/29 2:26,Batch 2 · 500
2711,31.08,89.96,143,2026/8/29 2:27,Batch 2 · 500
2715,31.08,89.96,143,2026/8/29 2:28,Batch 2 · 500
2719,31.08,89.96,143,2026/8/29 2:29,Batch 2 · 500
2722,31.09,89.98,144,2026/8/29 2:30,Batch 2 · 500
2721,31.09,89.94,144,2026/8/29 2:31,Batch 2 · 500
2725,31.09,89.92,145,2026/8/29 2:32,Batch 2 · 500
2733,31.11,89.95,145,2026/8/29 2:33,Batch 2 · 500
2737,31.09,89.92,145,2026/8/29 2:34,Batch 2 · 500
2742,31.11,89.9,146,2026/8/29 2:35,Batch 2 · 500
2743,31.12,89.91,146,2026/8/29 2:36,Batch 2 · 500
2744,31.11,89.92,146,2026/8/29 2:37,Batch 2 · 500
2750,31.12,89.94,146,2026/8/29 2:38,Batch 2 · 500
2754,31.12,89.92,146,2026/8/29 2:39,Batch 2 · 500
2756,31.11,89.92,147,2026/8/29 2:40,Batch 2 · 500
2760,31.14,89.89,148,2026/8/29 2:41,Batch 2 · 500
2762,31.15,89.93,149,2026/8/29 2:42,Batch 2 · 500
2763,31.15,89.87,149,2026/8/29 2:43,Batch 2 · 500
2767,31.16,89.88,149,2026/8/29 2:44,Batch 2 · 500
2776,31.16,89.87,149,2026/8/29 2:45,Batch 2 · 500
2778,31.16,89.91,149,2026/8/29 2:46,Batch 2 · 500
2780,31.16,89.87,150,2026/8/29 2:47,Batch 2 · 500
2783,31.18,89.9,150,2026/8/29 2:48,Batch 2 · 500
2786,31.18,89.86,150,2026/8/29 2:49,Batch 2 · 500
2790,31.2,89.89,150,2026/8/29 2:50,Batch 2 · 500
2796,31.19,89.86,151,2026/8/29 2:51,Batch 2 · 500
2799,31.2,89.85,151,2026/8/29 2:52,Batch 2 · 500
2799,31.2,89.89,152,2026/8/29 2:53,Batch 2 · 500
2800,31.24,89.85,152,2026/8/29 2:54,Batch 2 · 500
2806,31.2,89.82,152,2026/8/29 2:55,Batch 2 · 500
2809,31.22,89.85,152,2026/8/29 2:56,Batch 2 · 500
2815,31.22,89.86,152,2026/8/29 2:57,Batch 2 · 500
2815,31.22,89.81,153,2026/8/29 2:58,Batch 2 · 500
2822,31.24,89.82,153,2026/8/29 2:59,Batch 2 · 500
2822,31.24,89.83,154,2026/8/29 3:00,Batch 2 · 500
2826,31.24,89.85,154,2026/8/29 3:01,Batch 2 · 500
2829,31.25,89.83,155,2026/8/29 3:02,Batch 2 · 500
2832,31.26,89.82,155,2026/8/29 3:03,Batch 2 · 500
2834,31.25,89.83,156,2026/8/29 3:04,Batch 2 · 500
2838,31.26,89.81,156,2026/8/29 3:05,Batch 2 · 500
2840,31.25,89.79,156,2026/8/29 3:06,Batch 2 · 500
2846,31.29,89.81,156,2026/8/29 3:07,Batch 2 · 500
2849,31.25,89.8,156,2026/8/29 3:08,Batch 2 · 500
2848,31.26,89.8,156,2026/8/29 3:09,Batch 2 · 500
2853,31.28,89.82,156,2026/8/29 3:11,Batch 2 · 500
2861,31.29,89.79,156,2026/8/29 3:12,Batch 2 · 500
2862,31.28,89.78,157,2026/8/29 3:13,Batch 2 · 500
2865,31.33,89.8,157,2026/8/29 3:14,Batch 2 · 500
2869,31.31,89.78,157,2026/8/29 3:15,Batch 2 · 500
2871,31.32,89.77,157,2026/8/29 3:16,Batch 2 · 500
2875,31.32,89.78,158,2026/8/29 3:17,Batch 2 · 500
2878,31.31,89.79,158,2026/8/29 3:18,Batch 2 · 500
2881,31.33,89.78,159,2026/8/29 3:19,Batch 2 · 500
2889,31.35,89.77,159,2026/8/29 3:20,Batch 2 · 500
2886,31.32,89.76,159,2026/8/29 3:21,Batch 2 · 500
2889,31.35,89.76,159,2026/8/29 3:22,Batch 2 · 500
2894,31.35,89.73,159,2026/8/29 3:23,Batch 2 · 500
2895,31.32,89.72,159,2026/8/29 3:24,Batch 2 · 500
2897,31.33,89.74,159,2026/8/29 3:25,Batch 2 · 500
2903,31.33,89.74,160,2026/8/29 3:26,Batch 2 · 500
2905,31.33,89.71,160,2026/8/29 3:27,Batch 2 · 500
2907,31.36,89.71,160,2026/8/29 3:28,Batch 2 · 500
2906,31.36,89.72,160,2026/8/29 3:29,Batch 2 · 500
2913,31.35,89.69,161,2026/8/29 3:30,Batch 2 · 500
2919,31.36,89.72,161,2026/8/29 3:31,Batch 2 · 500
2917,31.39,89.7,161,2026/8/29 3:32,Batch 2 · 500
2921,31.36,89.73,162,2026/8/29 3:33,Batch 2 · 500
2926,31.4,89.7,162,2026/8/29 3:34,Batch 2 · 500
2927,31.4,89.73,162,2026/8/29 3:35,Batch 2 · 500
2928,31.38,89.69,163,2026/8/29 3:36,Batch 2 · 500
2932,31.39,89.68,163,2026/8/29 3:37,Batch 2 · 500
2939,31.4,89.71,163,2026/8/29 3:38,Batch 2 · 500
2939,31.4,89.7,163,2026/8/29 3:39,Batch 2 · 500
2943,31.4,89.65,163,2026/8/29 3:40,Batch 2 · 500
2949,31.42,89.65,163,2026/8/29 3:41,Batch 2 · 500
2951,31.43,89.71,163,2026/8/29 3:42,Batch 2 · 500
2950,31.43,89.69,164,2026/8/29 3:43,Batch 2 · 500
2958,31.4,89.65,164,2026/8/29 3:44,Batch 2 · 500
2965,31.42,89.69,164,2026/8/29 3:45,Batch 2 · 500
2964,31.43,89.66,165,2026/8/29 3:46,Batch 2 · 500
2967,31.43,89.7,165,2026/8/29 3:47,Batch 2 · 500
2970,31.44,89.66,165,2026/8/29 3:48,Batch 2 · 500
2974,31.46,89.63,165,2026/8/29 3:49,Batch 2 · 500
2977,31.44,89.68,165,2026/8/29 3:50,Batch 2 · 500
2980,31.44,89.63,166,2026/8/29 3:51,Batch 2 · 500
2982,31.46,89.66,166,2026/8/29 3:52,Batch 2 · 500
2982,31.43,89.64,166,2026/8/29 3:53,Batch 2 · 500
2989,31.46,89.64,166,2026/8/29 3:54,Batch 2 · 500
2992,31.46,89.59,166,2026/8/29 3:55,Batch 2 · 500
2993,31.47,89.63,166,2026/8/29 3:56,Batch 2 · 500
2994,31.46,89.61,167,2026/8/29 3:57,Batch 2 · 500
3000,31.46,89.64,167,2026/8/29 3:58,Batch 2 · 500
3006,31.47,89.62,167,2026/8/29 3:59,Batch 2 · 500
3008,31.46,89.64,168,2026/8/29 4:00,Batch 2 · 500
3009,31.47,89.59,168,2026/8/29 4:01,Batch 2 · 500
3017,31.49,89.67,168,2026/8/29 4:02,Batch 2 · 500
3020,31.49,89.61,169,2026/8/29 4:03,Batch 2 · 500
3024,31.5,89.61,169,2026/8/29 4:04,Batch 2 · 500
3025,31.46,89.58,169,2026/8/29 4:05,Batch 2 · 500
3026,31.5,89.59,169,2026/8/29 4:06,Batch 2 · 500
3030,31.49,89.62,170,2026/8/29 4:07,Batch 2 · 500
3033,31.51,89.61,170,2026/8/29 4:08,Batch 2 · 500
3035,31.51,89.58,171,2026/8/29 4:09,Batch 2 · 500
3037,31.49,89.59,171,2026/8/29 4:10,Batch 2 · 500
3040,31.51,89.55,172,2026/8/29 4:11,Batch 2 · 500
3044,31.51,89.61,172,2026/8/29 4:12,Batch 2 · 500
3046,31.53,89.59,173,2026/8/29 4:13,Batch 2 · 500
3048,31.53,89.57,173,2026/8/29 4:14,Batch 2 · 500
3053,31.51,89.56,173,2026/8/29 4:15,Batch 2 · 500
3054,31.53,89.59,173,2026/8/29 4:17,Batch 2 · 500
3056,31.53,89.57,173,2026/8/29 4:18,Batch 2 · 500
3062,31.51,89.56,173,2026/8/29 4:19,Batch 2 · 500
3068,31.51,89.58,174,2026/8/29 4:20,Batch 2 · 500
3069,31.53,89.55,174,2026/8/29 4:21,Batch 2 · 500
3073,31.54,89.55,174,2026/8/29 4:22,Batch 2 · 500
3076,31.54,89.52,175,2026/8/29 4:23,Batch 2 · 500
3078,31.57,89.53,175,2026/8/29 4:24,Batch 2 · 500
3083,31.57,89.53,176,2026/8/29 4:25,Batch 2 · 500
3085,31.56,89.5,176,2026/8/29 4:26,Batch 2 · 500
3085,31.57,89.53,176,2026/8/29 4:27,Batch 2 · 500
3089,31.57,89.53,177,2026/8/29 4:28,Batch 2 · 500
3090,31.56,89.5,177,2026/8/29 4:29,Batch 2 · 500
3094,31.56,89.53,177,2026/8/29 4:30,Batch 2 · 500
3099,31.56,89.48,177,2026/8/29 4:31,Batch 2 · 500
3100,31.58,89.5,177,2026/8/29 4:32,Batch 2 · 500
3103,31.57,89.48,177,2026/8/29 4:33,Batch 2 · 500
3105,31.56,89.52,178,2026/8/29 4:34,Batch 2 · 500
3109,31.58,89.47,178,2026/8/29 4:35,Batch 2 · 500
3115,31.58,89.48,178,2026/8/29 4:36,Batch 2 · 500
3118,31.6,89.48,179,2026/8/29 4:37,Batch 2 · 500
3122,31.58,89.5,179,2026/8/29 4:38,Batch 2 · 500
3124,31.58,89.47,179,2026/8/29 4:39,Batch 2 · 500
3128,31.58,89.49,179,2026/8/29 4:40,Batch 2 · 500
3132,31.58,89.43,180,2026/8/29 4:41,Batch 2 · 500
3135,31.6,89.47,180,2026/8/29 4:42,Batch 2 · 500
3135,31.6,89.47,180,2026/8/29 4:43,Batch 2 · 500
3143,31.6,89.47,180,2026/8/29 4:44,Batch 2 · 500
3143,31.63,89.47,180,2026/8/29 4:45,Batch 2 · 500
3144,31.64,89.48,181,2026/8/29 4:46,Batch 2 · 500
3146,31.63,89.47,181,2026/8/29 4:47,Batch 2 · 500
3151,31.61,89.44,182,2026/8/29 4:48,Batch 2 · 500
3157,31.61,89.45,182,2026/8/29 4:49,Batch 2 · 500
3155,31.63,89.45,183,2026/8/29 4:50,Batch 2 · 500
3159,31.61,89.45,183,2026/8/29 4:51,Batch 2 · 500
3166,31.58,89.43,184,2026/8/29 4:52,Batch 2 · 500
3170,31.63,89.42,184,2026/8/29 4:53,Batch 2 · 500
3170,31.64,89.46,184,2026/8/29 4:54,Batch 2 · 500
3173,31.64,89.45,184,2026/8/29 4:55,Batch 2 · 500
3179,31.63,89.42,184,2026/8/29 4:56,Batch 2 · 500
3181,31.64,89.47,184,2026/8/29 4:57,Batch 2 · 500
3185,31.64,89.45,184,2026/8/29 4:58,Batch 2 · 500
3189,31.66,89.44,185,2026/8/29 4:59,Batch 2 · 500
3190,31.63,89.41,186,2026/8/29 5:00,Batch 2 · 500
3189,31.64,89.44,186,2026/8/29 5:01,Batch 2 · 500
3192,31.66,89.43,187,2026/8/29 5:02,Batch 2 · 500
3199,31.63,89.43,187,2026/8/29 5:03,Batch 2 · 500
3205,31.64,89.39,187,2026/8/29 5:04,Batch 2 · 500
3203,31.67,89.43,187,2026/8/29 5:05,Batch 2 · 500
3207,31.69,89.42,188,2026/8/29 5:06,Batch 2 · 500
3209,31.67,89.43,188,2026/8/29 5:07,Batch 2 · 500
3216,31.67,89.44,188,2026/8/29 5:08,Batch 2 · 500
3218,31.69,89.42,188,2026/8/29 5:09,Batch 2 · 500
3219,31.67,89.41,188,2026/8/29 5:10,Batch 2 · 500
3224,31.7,89.41,189,2026/8/29 5:11,Batch 2 · 500
3222,31.69,89.39,189,2026/8/29 5:12,Batch 2 · 500
3227,31.67,89.37,189,2026/8/29 5:13,Batch 2 · 500
3228,31.7,89.42,190,2026/8/29 5:14,Batch 2 · 500
3231,31.67,89.4,190,2026/8/29 5:15,Batch 2 · 500
3236,31.67,89.39,191,2026/8/29 5:16,Batch 2 · 500
3239,31.7,89.39,191,2026/8/29 5:17,Batch 2 · 500
3244,31.69,89.36,191,2026/8/29 5:18,Batch 2 · 500
3247,31.71,89.38,191,2026/8/29 5:20,Batch 2 · 500
3251,31.7,89.37,191,2026/8/29 5:21,Batch 2 · 500
3256,31.69,89.34,191,2026/8/29 5:22,Batch 2 · 500
3254,31.71,89.39,192,2026/8/29 5:23,Batch 2 · 500
3257,31.73,89.39,193,2026/8/29 5:24,Batch 2 · 500
3257,31.7,89.35,193,2026/8/29 5:25,Batch 2 · 500
3260,31.71,89.37,193,2026/8/29 5:26,Batch 2 · 500
3266,31.73,89.4,193,2026/8/29 5:27,Batch 2 · 500
3268,31.7,89.34,193,2026/8/29 5:28,Batch 2 · 500
3273,31.7,89.35,194,2026/8/29 5:29,Batch 2 · 500
3275,31.71,89.35,194,2026/8/29 5:30,Batch 2 · 500
3279,31.7,89.33,195,2026/8/29 5:31,Batch 2 · 500
3282,31.73,89.34,195,2026/8/29 5:32,Batch 2 · 500
3290,31.73,89.3,195,2026/8/29 5:33,Batch 2 · 500
3291,31.7,89.32,195,2026/8/29 5:34,Batch 2 · 500
3292,31.73,89.34,195,2026/8/29 5:35,Batch 2 · 500
3296,31.73,89.32,195,2026/8/29 5:36,Batch 2 · 500
3297,31.71,89.34,196,2026/8/29 5:37,Batch 2 · 500
3301,31.74,89.32,195,2026/8/29 5:38,Batch 2 · 500
3305,31.73,89.3,196,2026/8/29 5:39,Batch 2 · 500
3309,31.71,89.32,196,2026/8/29 5:40,Batch 2 · 500
3308,31.75,89.33,197,2026/8/29 5:41,Batch 2 · 500
3314,31.74,89.29,197,2026/8/29 5:42,Batch 2 · 500
3320,31.74,89.3,197,2026/8/29 5:43,Batch 2 · 500
3320,31.73,89.28,198,2026/8/29 5:44,Batch 2 · 500
3324,31.74,89.28,198,2026/8/29 5:45,Batch 2 · 500
3327,31.75,89.31,198,2026/8/29 5:46,Batch 2 · 500
3326,31.75,89.28,198,2026/8/29 5:47,Batch 2 · 500
3331,31.75,89.31,200,2026/8/29 5:48,Batch 2 · 500
3333,31.75,89.27,200,2026/8/29 5:49,Batch 2 · 500
3335,31.75,89.25,200,2026/8/29 5:50,Batch 2 · 500
3340,31.78,89.29,200,2026/8/29 5:51,Batch 2 · 500
3343,31.75,89.25,200,2026/8/29 5:52,Batch 2 · 500
3345,31.74,89.29,200,2026/8/29 5:53,Batch 2 · 500
3349,31.75,89.25,200,2026/8/29 5:54,Batch 2 · 500
3355,31.74,89.24,200,2026/8/29 5:55,Batch 2 · 500
3359,31.78,89.25,201,2026/8/29 5:56,Batch 2 · 500
3360,31.75,89.27,201,2026/8/29 5:57,Batch 2 · 500
3362,31.77,89.27,201,2026/8/29 5:58,Batch 2 · 500
3365,31.78,89.23,201,2026/8/29 5:59,Batch 2 · 500
3364,31.74,89.22,202,2026/8/29 6:00,Batch 2 · 500
3368,31.78,89.28,202,2026/8/29 6:01,Batch 2 · 500
3372,31.77,89.25,202,2026/8/29 6:02,Batch 2 · 500
3377,31.77,89.24,202,2026/8/29 6:03,Batch 2 · 500
3380,31.78,89.26,203,2026/8/29 6:04,Batch 2 · 500
3385,31.78,89.24,203,2026/8/29 6:05,Batch 2 · 500
3389,31.78,89.28,203,2026/8/29 6:06,Batch 2 · 500
3386,31.78,89.22,203,2026/8/29 6:07,Batch 2 · 500
3388,31.8,89.24,204,2026/8/29 6:08,Batch 2 · 500
3393,31.8,89.24,204,2026/8/29 6:09,Batch 2 · 500
3399,31.78,89.23,204,2026/8/29 6:10,Batch 2 · 500
3400,31.75,89.22,204,2026/8/29 6:11,Batch 2 · 500
3401,31.8,89.25,204,2026/8/29 6:12,Batch 2 · 500
3407,31.78,89.24,204,2026/8/29 6:13,Batch 2 · 500
3407,31.78,89.2,204,2026/8/29 6:14,Batch 2 · 500
3412,31.81,89.2,204,2026/8/29 6:15,Batch 2 · 500
3415,31.8,89.21,205,2026/8/29 6:16,Batch 2 · 500
3417,31.78,89.23,205,2026/8/29 6:17,Batch 2 · 500
3420,31.78,89.2,205,2026/8/29 6:19,Batch 2 · 500
3425,31.8,89.19,205,2026/8/29 6:20,Batch 2 · 500
3429,31.8,89.2,206,2026/8/29 6:21,Batch 2 · 500
3432,31.82,89.23,205,2026/8/29 6:22,Batch 2 · 500
3436,31.8,89.17,206,2026/8/29 6:23,Batch 2 · 500
3438,31.78,89.19,206,2026/8/29 6:24,Batch 2 · 500
3441,31.81,89.18,206,2026/8/29 6:25,Batch 2 · 500
3444,31.8,89.15,206,2026/8/29 6:26,Batch 2 · 500
3449,31.82,89.17,207,2026/8/29 6:27,Batch 2 · 500
3453,31.8,89.21,207,2026/8/29 6:28,Batch 2 · 500
3457,31.81,89.16,208,2026/8/29 6:29,Batch 2 · 500
3457,31.81,89.18,208,2026/8/29 6:30,Batch 2 · 500
3458,31.82,89.16,208,2026/8/29 6:31,Batch 2 · 500
3463,31.8,89.17,208,2026/8/29 6:32,Batch 2 · 500
3468,31.81,89.17,208,2026/8/29 6:33,Batch 2 · 500
3472,31.84,89.19,208,2026/8/29 6:34,Batch 2 · 500
3475,31.81,89.16,208,2026/8/29 6:35,Batch 2 · 500
3478,31.82,89.17,209,2026/8/29 6:36,Batch 2 · 500
3479,31.84,89.18,209,2026/8/29 6:37,Batch 2 · 500
3483,31.84,89.16,209,2026/8/29 6:38,Batch 2 · 500
3486,31.85,89.16,209,2026/8/29 6:39,Batch 2 · 500
3486,31.84,89.13,210,2026/8/29 6:40,Batch 2 · 500
3491,31.82,89.15,210,2026/8/29 6:41,Batch 2 · 500
3494,31.84,89.12,210,2026/8/29 6:42,Batch 2 · 500
3492,31.82,89.13,210,2026/8/29 6:43,Batch 2 · 500
3495,31.84,89.14,211,2026/8/29 6:44,Batch 2 · 500
3501,31.85,89.2,211,2026/8/29 6:45,Batch 2 · 500
3505,31.84,89.16,211,2026/8/29 6:46,Batch 2 · 500
3510,31.84,89.16,211,2026/8/29 6:47,Batch 2 · 500
3513,31.85,89.15,212,2026/8/29 6:48,Batch 2 · 500
3515,31.85,89.14,212,2026/8/29 6:49,Batch 2 · 500
3515,31.84,89.11,212,2026/8/29 6:50,Batch 2 · 500
3519,31.82,89.12,212,2026/8/29 6:51,Batch 2 · 500
3522,31.85,89.11,212,2026/8/29 6:52,Batch 2 · 500
3526,31.85,89.16,212,2026/8/29 6:53,Batch 2 · 500
3532,31.87,89.11,212,2026/8/29 6:54,Batch 2 · 500
3531,31.88,89.11,212,2026/8/29 6:55,Batch 2 · 500
3534,31.87,89.09,212,2026/8/29 6:56,Batch 2 · 500
3539,31.88,89.09,212,2026/8/29 6:57,Batch 2 · 500
3541,31.9,89.11,213,2026/8/29 6:58,Batch 2 · 500
3544,31.9,89.1,213,2026/8/29 6:59,Batch 2 · 500
3546,31.91,89.09,213,2026/8/29 7:00,Batch 2 · 500
3548,31.87,89.11,213,2026/8/29 7:01,Batch 2 · 500
3555,31.88,89.09,214,2026/8/29 7:02,Batch 2 · 500
3556,31.88,89.08,214,2026/8/29 7:03,Batch 2 · 500
3560,31.88,89.11,214,2026/8/29 7:04,Batch 2 · 500
3563,31.9,89.05,214,2026/8/29 7:05,Batch 2 · 500
3564,31.88,89.07,215,2026/8/29 7:06,Batch 2 · 500
3570,31.91,89.09,215,2026/8/29 7:07,Batch 2 · 500
3573,31.91,89.1,215,2026/8/29 7:08,Batch 2 · 500
3576,31.9,89.07,215,2026/8/29 7:09,Batch 2 · 500
3577,31.9,89.09,215,2026/8/29 7:10,Batch 2 · 500
3582,31.9,89.07,215,2026/8/29 7:11,Batch 2 · 500
3585,31.91,89.05,215,2026/8/29 7:12,Batch 2 · 500
3587,31.91,89.07,215,2026/8/29 7:13,Batch 2 · 500
3588,31.91,89.06,217,2026/8/29 7:14,Batch 2 · 500
3596,31.91,89.06,217,2026/8/29 7:16,Batch 2 · 500
3595,31.9,89.07,217,2026/8/29 7:17,Batch 2 · 500
3596,31.91,89.02,218,2026/8/29 7:18,Batch 2 · 500
3603,31.91,89.04,218,2026/8/29 7:19,Batch 2 · 500
3609,31.92,89.02,218,2026/8/29 7:20,Batch 2 · 500
3610,31.9,89.03,219,2026/8/29 7:21,Batch 2 · 500
3609,31.92,89.02,219,2026/8/29 7:22,Batch 2 · 500
3612,31.9,89,219,2026/8/29 7:23,Batch 2 · 500
3617,31.91,89.03,219,2026/8/29 7:24,Batch 2 · 500
3618,31.92,89.02,220,2026/8/29 7:25,Batch 2 · 500
3622,31.94,89.04,220,2026/8/29 7:26,Batch 2 · 500
3623,31.95,89.02,220,2026/8/29 7:27,Batch 2 · 500
3622,31.94,89.02,220,2026/8/29 7:28,Batch 2 · 500
3631,31.94,89.03,220,2026/8/29 7:29,Batch 2 · 500
3638,31.94,89.02,220,2026/8/29 7:30,Batch 2 · 500
3640,31.95,89.02,221,2026/8/29 7:31,Batch 2 · 500
3642,31.94,89,221,2026/8/29 7:32,Batch 2 · 500
3644,31.95,88.98,221,2026/8/29 7:33,Batch 2 · 500
3649,31.92,89.01,222,2026/8/29 7:34,Batch 2 · 500
3648,31.95,89.01,222,2026/8/29 7:35,Batch 2 · 500
3652,31.94,89,222,2026/8/29 7:36,Batch 2 · 500
3656,31.97,88.97,223,2026/8/29 7:37,Batch 2 · 500
3660,31.97,88.98,223,2026/8/29 7:38,Batch 2 · 500
3663,31.95,88.98,224,2026/8/29 7:39,Batch 2 · 500
3662,31.97,88.99,224,2026/8/29 7:40,Batch 2 · 500
3669,31.95,88.99,224,2026/8/29 7:41,Batch 2 · 500
3673,31.95,88.96,224,2026/8/29 7:42,Batch 2 · 500
3671,31.97,88.95,225,2026/8/29 7:43,Batch 2 · 500
3677,31.98,88.96,225,2026/8/29 7:44,Batch 2 · 500
3677,31.97,88.93,225,2026/8/29 7:45,Batch 2 · 500
3681,31.97,88.89,227,2026/8/29 7:46,Batch 2 · 500
3683,31.97,88.93,228,2026/8/29 7:47,Batch 2 · 500
3684,31.98,88.92,228,2026/8/29 7:48,Batch 2 · 500
3690,31.98,88.92,228,2026/8/29 7:49,Batch 2 · 500
3692,31.98,88.97,229,2026/8/29 7:50,Batch 2 · 500
3694,31.98,88.92,229,2026/8/29 7:51,Batch 2 · 500
3700,31.98,88.91,229,2026/8/29 7:52,Batch 2 · 500
3702,31.98,88.94,229,2026/8/29 7:53,Batch 2 · 500
3704,31.99,88.93,229,2026/8/29 7:54,Batch 2 · 500
3703,31.99,88.91,230,2026/8/29 7:55,Batch 2 · 500
3709,31.98,88.91,230,2026/8/29 7:56,Batch 2 · 500
3709,32.01,88.92,230,2026/8/29 7:57,Batch 2 · 500
3712,31.98,88.91,231,2026/8/29 7:58,Batch 2 · 500
3720,32.01,88.88,231,2026/8/29 7:59,Batch 2 · 500
3725,32.01,88.88,232,2026/8/29 8:00,Batch 2 · 500
3728,31.98,88.89,232,2026/8/29 8:01,Batch 2 · 500
3727,31.99,88.92,232,2026/8/29 8:02,Batch 2 · 500
3729,32.01,88.86,233,2026/8/29 8:03,Batch 2 · 500
3732,32.03,88.84,232,2026/8/29 8:04,Batch 2 · 500
3735,32.01,88.88,233,2026/8/29 8:05,Batch 2 · 500
3741,32.01,88.89,233,2026/8/29 8:06,Batch 2 · 500
3748,32.02,88.86,233,2026/8/29 8:07,Batch 2 · 500
3748,32.03,88.88,233,2026/8/29 8:08,Batch 2 · 500
3747,32.03,88.86,233,2026/8/29 8:09,Batch 2 · 500
3748,32.03,88.85,233,2026/8/29 8:10,Batch 2 · 500
3750,32.03,88.86,233,2026/8/29 8:12,Batch 2 · 500
3754,32.05,88.87,235,2026/8/29 8:13,Batch 2 · 500
3758,32.02,88.86,235,2026/8/29 8:14,Batch 2 · 500
3761,32.03,88.84,235,2026/8/29 8:15,Batch 2 · 500
3765,32.05,88.88,236,2026/8/29 8:16,Batch 2 · 500
3766,32.02,88.86,236,2026/8/29 8:17,Batch 2 · 500
3768,32.03,88.82,236,2026/8/29 8:18,Batch 2 · 500
3775,32.03,88.84,237,2026/8/29 8:19,Batch 2 · 500
3778,32.05,88.85,237,2026/8/29 8:20,Batch 2 · 500
3778,32.06,88.83,237,2026/8/29 8:21,Batch 2 · 500
3778,32.06,88.87,237,2026/8/29 8:22,Batch 2 · 500
3786,32.05,88.83,238,2026/8/29 8:23,Batch 2 · 500
3786,32.05,88.84,238,2026/8/29 8:24,Batch 2 · 500
3788,32.06,88.84,238,2026/8/29 8:25,Batch 2 · 500
3793,32.03,88.77,238,2026/8/29 8:26,Batch 2 · 500
3799,32.03,88.79,238,2026/8/29 8:27,Batch 2 · 500
3797,32.03,88.77,238,2026/8/29 8:28,Batch 2 · 500
3797,31.98,88.7,238,2026/8/29 8:29,Batch 2 · 500
3805,31.99,88.69,238,2026/8/29 8:30,Batch 2 · 500
3809,31.94,88.58,238,2026/8/29 8:31,Batch 2 · 500
3813,31.92,88.56,238,2026/8/29 8:32,Batch 2 · 500
3812,31.91,88.53,238,2026/8/29 8:33,Batch 2 · 500
3811,31.88,88.46,237,2026/8/29 8:34,Batch 2 · 500
3815,31.82,88.39,236,2026/8/29 8:35,Batch 2 · 500
3814,31.78,88.28,235,2026/8/29 8:36,Batch 2 · 500
3822,31.75,88.28,233,2026/8/29 8:37,Batch 2 · 500
3826,31.73,88.23,233,2026/8/29 8:38,Batch 2 · 500
3829,31.67,88.17,232,2026/8/29 8:39,Batch 2 · 500
3833,31.64,88.13,231,2026/8/29 8:40,Batch 2 · 500
3834,31.63,88.16,231,2026/8/29 8:41,Batch 2 · 500
3837,31.58,88.12,229,2026/8/29 8:42,Batch 2 · 500
3838,31.57,88.1,229,2026/8/29 8:43,Batch 2 · 500
3836,31.51,88.09,229,2026/8/29 8:44,Batch 2 · 500
3838,31.5,88.09,228,2026/8/29 8:45,Batch 2 · 500
3840,31.46,88.12,225,2026/8/29 8:46,Batch 2 · 500
3848,31.44,88.11,225,2026/8/29 8:47,Batch 2 · 500
3850,31.44,88.11,224,2026/8/29 8:48,Batch 2 · 500
3852,31.4,88.1,224,2026/8/29 8:49,Batch 2 · 500
3855,31.38,88.08,223,2026/8/29 8:50,Batch 2 · 500
3852,31.33,88.03,222,2026/8/29 8:51,Batch 2 · 500
3858,31.31,88.04,221,2026/8/29 8:52,Batch 2 · 500
3860,31.28,88.04,220,2026/8/29 8:53,Batch 2 · 500
3863,31.24,88,220,2026/8/29 8:54,Batch 2 · 500
3867,31.2,88,218,2026/8/29 8:55,Batch 2 · 500
3868,31.18,87.96,218,2026/8/29 8:56,Batch 2 · 500
3871,31.15,87.97,215,2026/8/29 8:57,Batch 2 · 500
3875,31.11,87.99,215,2026/8/29 8:58,Batch 2 · 500
3876,31.11,87.99,214,2026/8/29 8:59,Batch 2 · 500
3880,31.09,87.98,213,2026/8/29 9:00,Batch 2 · 500
3880,31.05,88.03,213,2026/8/29 9:01,Batch 2 · 500
3885,31.05,88.01,212,2026/8/29 9:02,Batch 2 · 500
3884,31,88,212,2026/8/29 9:03,Batch 2 · 500
3890,31,88.05,211,2026/8/29 9:05,Batch 2 · 500
3894,30.98,88.05,210,2026/8/29 9:06,Batch 2 · 500
3898,30.94,88.05,209,2026/8/29 9:07,Batch 2 · 500
3898,30.93,88.09,208,2026/8/29 9:08,Batch 2 · 500
3895,30.91,88.08,208,2026/8/29 9:09,Batch 2 · 500
3899,30.9,88.08,207,2026/8/29 9:10,Batch 2 · 500
3901,30.84,88.07,206,2026/8/29 9:11,Batch 2 · 500
3903,30.84,88.05,205,2026/8/29 9:12,Batch 2 · 500
3910,30.81,88.04,204,2026/8/29 9:13,Batch 2 · 500
3913,30.77,88.02,204,2026/8/29 9:14,Batch 2 · 500
3907,30.76,88.04,203,2026/8/29 9:15,Batch 2 · 500
3914,30.74,88.02,202,2026/8/29 9:16,Batch 2 · 500
3921,30.71,88.03,201,2026/8/29 9:17,Batch 2 · 500
3915,30.69,88.04,200,2026/8/29 9:18,Batch 2 · 500
3921,30.66,87.99,200,2026/8/29 9:19,Batch 2 · 500
3924,30.6,87.96,198,2026/8/29 9:20,Batch 2 · 500
3926,30.57,87.96,197,2026/8/29 9:21,Batch 2 · 500
3929,30.56,87.94,196,2026/8/29 9:22,Batch 2 · 500
3929,30.53,87.95,195,2026/8/29 9:23,Batch 2 · 500
3932,30.48,87.93,194,2026/8/29 9:24,Batch 2 · 500
3935,30.48,87.94,193,2026/8/29 9:25,Batch 2 · 500
3937,30.43,87.88,192,2026/8/29 9:26,Batch 2 · 500
3939,30.38,87.89,191,2026/8/29 9:27,Batch 2 · 500
3941,30.38,87.88,190,2026/8/29 9:28,Batch 2 · 500
3941,30.34,87.9,189,2026/8/29 9:29,Batch 2 · 500
3948,30.32,87.88,188,2026/8/29 9:30,Batch 2 · 500
3945,30.29,87.87,188,2026/8/29 9:31,Batch 2 · 500
3948,30.26,87.88,186,2026/8/29 9:32,Batch 2 · 500
3949,30.24,87.9,185,2026/8/29 9:33,Batch 2 · 500
3949,30.22,87.9,184,2026/8/29 9:34,Batch 2 · 500
3950,30.19,87.93,184,2026/8/29 9:35,Batch 2 · 500
3956,30.18,87.93,184,2026/8/29 9:36,Batch 2 · 500
3957,30.15,87.95,183,2026/8/29 9:37,Batch 2 · 500
3956,30.12,87.93,182,2026/8/29 9:38,Batch 2 · 500
3959,30.1,87.95,180,2026/8/29 9:39,Batch 2 · 500
3968,30.08,87.93,180,2026/8/29 9:40,Batch 2 · 500
3969,30.07,87.92,180,2026/8/29 9:41,Batch 2 · 500
3968,30.04,87.96,179,2026/8/29 9:42,Batch 2 · 500
3964,30.03,87.95,179,2026/8/29 9:43,Batch 2 · 500
3966,30.03,87.99,178,2026/8/29 9:44,Batch 2 · 500
3974,30,88.01,177,2026/8/29 9:45,Batch 2 · 500
3977,29.98,87.98,177,2026/8/29 9:46,Batch 2 · 500
3974,29.97,88.02,176,2026/8/29 9:47,Batch 2 · 500
3980,29.95,87.99,175,2026/8/29 9:48,Batch 2 · 500
3983,29.94,88.04,174,2026/8/29 9:49,Batch 2 · 500
3988,29.91,88,173,2026/8/29 9:50,Batch 2 · 500
3990,29.89,87.97,173,2026/8/29 9:51,Batch 2 · 500
3995,29.86,87.99,172,2026/8/29 9:52,Batch 2 · 500
3992,29.86,88.01,172,2026/8/29 9:53,Batch 2 · 500
3993,29.84,88,171,2026/8/29 9:54,Batch 2 · 500
3997,29.83,87.99,170,2026/8/29 9:55,Batch 2 · 500
4001,29.79,87.97,169,2026/8/29 9:56,Batch 2 · 500
4003,29.79,87.96,169,2026/8/29 9:58,Batch 2 · 500
4007,29.76,87.98,168,2026/8/29 9:59,Batch 2 · 500
4007,29.74,88,167,2026/8/29 10:00,Batch 2 · 500
4008,29.73,88.02,166,2026/8/29 10:01,Batch 2 · 500
4007,29.72,87.99,166,2026/8/29 10:02,Batch 2 · 500
4012,29.72,88.01,166,2026/8/29 10:03,Batch 2 · 500
4016,29.69,87.99,165,2026/8/29 10:04,Batch 2 · 500
4021,29.67,87.99,165,2026/8/29 10:05,Batch 2 · 500
4020,29.66,88.02,164,2026/8/29 10:06,Batch 2 · 500
4025,29.62,87.99,163,2026/8/29 10:07,Batch 2 · 500
4027,29.62,88.03,163,2026/8/29 10:08,Batch 2 · 500
4023,29.6,88.02,163,2026/8/29 10:09,Batch 2 · 500
4022,29.6,88.01,162,2026/8/29 10:10,Batch 2 · 500
4025,29.55,88.01,161,2026/8/29 10:11,Batch 2 · 500
4033,29.56,87.99,160,2026/8/29 10:12,Batch 2 · 500
4031,29.53,87.99,159,2026/8/29 10:13,Batch 2 · 500
4032,29.52,88.03,159,2026/8/29 10:14,Batch 2 · 500
4039,29.53,88.05,158,2026/8/29 10:15,Batch 2 · 500
4042,29.53,88,158,2026/8/29 10:16,Batch 2 · 500
4044,29.49,87.97,157,2026/8/29 10:17,Batch 2 · 500
4047,29.46,87.98,156,2026/8/29 10:18,Batch 2 · 500
4050,29.45,87.99,156,2026/8/29 10:19,Batch 2 · 500
4049,29.45,87.96,156,2026/8/29 10:20,Batch 2 · 500
4050,29.44,87.99,156,2026/8/29 10:21,Batch 2 · 500
4053,29.41,87.97,155,2026/8/29 10:22,Batch 2 · 500
4053,29.38,87.96,154,2026/8/29 10:23,Batch 2 · 500
4056,29.39,87.98,153,2026/8/29 10:24,Batch 2 · 500
4059,29.37,87.99,152,2026/8/29 10:25,Batch 2 · 500
4062,29.35,87.96,152,2026/8/29 10:26,Batch 2 · 500
4064,29.34,87.99,152,2026/8/29 10:27,Batch 2 · 500
4061,29.34,87.96,151,2026/8/29 10:28,Batch 2 · 500
4062,29.32,87.96,150,2026/8/29 10:29,Batch 2 · 500
4070,29.27,87.95,150,2026/8/29 10:30,Batch 2 · 500
4072,29.29,87.95,149,2026/8/29 10:31,Batch 2 · 500
4074,29.25,87.94,149,2026/8/29 10:32,Batch 2 · 500
4078,29.28,87.96,148,2026/8/29 10:33,Batch 2 · 500
4080,29.24,87.93,147,2026/8/29 10:34,Batch 2 · 500
4084,29.22,87.95,147,2026/8/29 10:35,Batch 2 · 500
4085,29.24,87.97,146,2026/8/29 10:36,Batch 2 · 500
4083,29.22,87.96,146,2026/8/29 10:37,Batch 2 · 500
4085,29.21,87.94,145,2026/8/29 10:38,Batch 2 · 500
4089,29.18,87.95,145,2026/8/29 10:39,Batch 2 · 500
4087,29.2,87.99,145,2026/8/29 10:40,Batch 2 · 500
4091,29.2,87.99,144,2026/8/29 10:41,Batch 2 · 500
4095,29.15,88.01,143,2026/8/29 10:42,Batch 2 · 500
4097,29.17,88.02,143,2026/8/29 10:43,Batch 2 · 500
4095,29.15,88.01,143,2026/8/29 10:44,Batch 2 · 500
4099,29.15,88.01,142,2026/8/29 10:45,Batch 2 · 500
4106,29.14,88,142,2026/8/29 10:46,Batch 2 · 500
4108,29.15,88.01,141,2026/8/29 10:48,Batch 2 · 500
4107,29.13,88.04,141,2026/8/29 10:49,Batch 2 · 500
4110,29.13,88.02,140,2026/8/29 10:50,Batch 2 · 500
4111,29.11,88.04,140,2026/8/29 10:51,Batch 2 · 500
4115,29.13,88.03,140,2026/8/29 10:52,Batch 2 · 500
4113,29.1,88.05,140,2026/8/29 10:53,Batch 2 · 500
4115,29.1,88.03,140,2026/8/29 10:54,Batch 2 · 500
4116,29.11,88.05,140,2026/8/29 10:55,Batch 2 · 500
4116,29.08,88.04,139,2026/8/29 10:56,Batch 2 · 500
4120,29.08,88.08,139,2026/8/29 10:57,Batch 2 · 500
4126,29.07,88.07,138,2026/8/29 10:58,Batch 2 · 500
4131,29.07,88.06,137,2026/8/29 10:59,Batch 2 · 500
4132,29.07,88.05,137,2026/8/29 11:00,Batch 2 · 500
4136,29.06,88.04,137,2026/8/29 11:01,Batch 2 · 500
4137,29.03,88.03,136,2026/8/29 11:02,Batch 2 · 500
4137,29.04,88.04,136,2026/8/29 11:03,Batch 2 · 500
4140,29.03,88.04,136,2026/8/29 11:04,Batch 2 · 500
4142,29.04,88.05,136,2026/8/29 11:05,Batch 2 · 500
4144,29.01,88.04,136,2026/8/29 11:06,Batch 2 · 500
4149,29.01,88.01,135,2026/8/29 11:07,Batch 2 · 500
4150,29.01,88.02,135,2026/8/29 11:08,Batch 2 · 500
4156,29,87.99,135,2026/8/29 11:09,Batch 2 · 500
4156,29,88.05,134,2026/8/29 11:10,Batch 2 · 500
4154,29,88.01,134,2026/8/29 11:11,Batch 2 · 500
4157,29,88.04,133,2026/8/29 11:12,Batch 2 · 500
4158,28.99,88.08,133,2026/8/29 11:13,Batch 2 · 500
4163,29.01,88.13,133,2026/8/29 11:14,Batch 2 · 500
4169,29,88.13,133,2026/8/29 11:15,Batch 2 · 500
4170,29.01,88.15,133,2026/8/29 11:16,Batch 2 · 500
4170,29.01,88.16,133,2026/8/29 11:17,Batch 2 · 500
4170,29.03,88.14,133,2026/8/29 11:18,Batch 2 · 500
4172,29.01,88.18,133,2026/8/29 11:19,Batch 2 · 500
4176,29.04,88.19,133,2026/8/29 11:20,Batch 2 · 500
4178,29.06,88.23,133,2026/8/29 11:21,Batch 2 · 500
4181,29.06,88.18,133,2026/8/29 11:22,Batch 2 · 500
4184,29.03,88.19,133,2026/8/29 11:23,Batch 2 · 500
4187,29.06,88.17,132,2026/8/29 11:24,Batch 2 · 500
4189,29.08,88.2,132,2026/8/29 11:25,Batch 2 · 500
4191,29.04,88.16,132,2026/8/29 11:26,Batch 2 · 500
4193,29.04,88.17,132,2026/8/29 11:27,Batch 2 · 500
4194,29.03,88.12,132,2026/8/29 11:28,Batch 2 · 500
4198,29.03,88.14,132,2026/8/29 11:29,Batch 2 · 500
4201,29.03,88.14,132,2026/8/29 11:30,Batch 2 · 500
4199,29.01,88.12,132,2026/8/29 11:31,Batch 2 · 500
4202,29.04,88.12,132,2026/8/29 11:32,Batch 2 · 500
4202,29.01,88.08,132,2026/8/29 11:33,Batch 2 · 500
4207,29.01,88.08,131,2026/8/29 11:34,Batch 2 · 500
4210,29,88.04,131,2026/8/29 11:35,Batch 2 · 500
4211,28.99,88.02,131,2026/8/29 11:37,Batch 2 · 500
4214,28.99,88.03,131,2026/8/29 11:38,Batch 2 · 500
4217,28.97,88.02,130,2026/8/29 11:39,Batch 2 · 500
4218,28.99,88.01,130,2026/8/29 11:40,Batch 2 · 500
4218,28.97,88,130,2026/8/29 11:41,Batch 2 · 500
4219,28.96,88.01,130,2026/8/29 11:42,Batch 2 · 500
4224,28.96,88.01,130,2026/8/29 11:43,Batch 2 · 500
4229,28.95,88,130,2026/8/29 11:44,Batch 2 · 500
4231,28.96,87.98,130,2026/8/29 11:45,Batch 2 · 500
4230,28.93,88.03,129,2026/8/29 11:46,Batch 2 · 500
4233,28.96,88.04,129,2026/8/29 11:47,Batch 2 · 500
4235,28.93,88,129,2026/8/29 11:48,Batch 2 · 500
4233,28.96,88.01,129,2026/8/29 11:49,Batch 2 · 500
4239,28.95,87.99,129,2026/8/29 11:50,Batch 2 · 500
4242,28.95,88.03,129,2026/8/29 11:51,Batch 2 · 500
4246,28.96,88.04,129,2026/8/29 11:52,Batch 2 · 500
4247,28.96,88.04,129,2026/8/29 11:53,Batch 2 · 500
4249,28.96,88.04,129,2026/8/29 11:54,Batch 2 · 500
4252,28.99,88.09,129,2026/8/29 11:55,Batch 2 · 500
4253,28.97,88.05,128,2026/8/29 11:56,Batch 2 · 500
4255,28.97,88.07,129,2026/8/29 11:57,Batch 2 · 500
4261,28.96,88.06,128,2026/8/29 11:58,Batch 2 · 500
4262,28.97,88.09,128,2026/8/29 11:59,Batch 2 · 500
4261,28.96,88.09,128,2026/8/29 12:00,Batch 2 · 500
4265,28.96,88.06,128,2026/8/29 12:01,Batch 2 · 500
4270,28.96,88.06,128,2026/8/29 12:02,Batch 2 · 500
4268,28.96,88.04,128,2026/8/29 12:03,Batch 2 · 500
4270,29,88.02,128,2026/8/29 12:04,Batch 2 · 500
4273,28.95,88.02,128,2026/8/29 12:05,Batch 2 · 500
4277,28.93,87.99,128,2026/8/29 12:06,Batch 2 · 500
4281,28.95,87.98,128,2026/8/29 12:07,Batch 2 · 500
4285,28.93,88,128,2026/8/29 12:08,Batch 2 · 500
4284,28.89,87.96,127,2026/8/29 12:09,Batch 2 · 500
4285,28.92,87.93,127,2026/8/29 12:10,Batch 2 · 500
4284,28.9,87.93,127,2026/8/29 12:11,Batch 2 · 500
4286,28.87,87.92,126,2026/8/29 12:12,Batch 2 · 500
4288,28.87,87.94,126,2026/8/29 12:13,Batch 2 · 500
4291,28.87,87.94,126,2026/8/29 12:14,Batch 2 · 500
4294,28.89,87.93,126,2026/8/29 12:15,Batch 2 · 500
4296,28.87,87.9,126,2026/8/29 12:16,Batch 2 · 500
4297,28.87,87.91,126,2026/8/29 12:17,Batch 2 · 500
4301,28.87,87.92,125,2026/8/29 12:18,Batch 2 · 500
4302,28.87,87.97,126,2026/8/29 12:19,Batch 2 · 500
4307,28.9,87.98,125,2026/8/29 12:20,Batch 2 · 500
4310,28.9,87.99,125,2026/8/29 12:21,Batch 2 · 500
4311,28.9,88.04,125,2026/8/29 12:22,Batch 2 · 500
4312,28.92,88.04,126,2026/8/29 12:24,Batch 2 · 500
4312,28.93,88.09,125,2026/8/29 12:25,Batch 2 · 500
4313,28.95,88.08,125,2026/8/29 12:26,Batch 2 · 500
4317,28.95,88.06,125,2026/8/29 12:27,Batch 2 · 500
4321,28.97,88.11,126,2026/8/29 12:28,Batch 2 · 500
4323,29,88.11,126,2026/8/29 12:29,Batch 2 · 500
4323,28.99,88.13,126,2026/8/29 12:30,Batch 2 · 500
4326,29,88.13,126,2026/8/29 12:31,Batch 2 · 500
4329,29.01,88.15,126,2026/8/29 12:32,Batch 2 · 500
4330,29.01,88.13,126,2026/8/29 12:33,Batch 2 · 500
4332,28.99,88.14,126,2026/8/29 12:34,Batch 2 · 500
4336,29.01,88.11,126,2026/8/29 12:35,Batch 2 · 500
4338,29.01,88.09,126,2026/8/29 12:36,Batch 2 · 500
4337,28.99,88.06,126,2026/8/29 12:37,Batch 2 · 500
4340,29.01,88.1,126,2026/8/29 12:38,Batch 2 · 500
4346,29,88.05,126,2026/8/29 12:39,Batch 2 · 500
4345,28.99,88.03,126,2026/8/29 12:40,Batch 2 · 500
4348,29,88.01,126,2026/8/29 12:41,Batch 2 · 500
4351,28.99,88,126,2026/8/29 12:42,Batch 2 · 500
4352,28.97,87.96,126,2026/8/29 12:43,Batch 2 · 500
4353,28.99,87.98,126,2026/8/29 12:44,Batch 2 · 500
4353,28.96,87.92,126,2026/8/29 12:45,Batch 2 · 500
4361,28.97,87.91,126,2026/8/29 12:46,Batch 2 · 500
4363,28.96,87.9,126,2026/8/29 12:47,Batch 2 · 500
4363,28.95,87.9,126,2026/8/29 12:48,Batch 2 · 500
4365,28.95,87.87,126,2026/8/29 12:49,Batch 2 · 500
4364,28.93,87.88,125,2026/8/29 12:50,Batch 2 · 500
4367,28.92,87.84,125,2026/8/29 12:51,Batch 2 · 500
4366,28.92,87.83,125,2026/8/29 12:52,Batch 2 · 500
4369,28.9,87.84,125,2026/8/29 12:53,Batch 2 · 500
4373,28.89,87.83,125,2026/8/29 12:54,Batch 2 · 500
4374,28.92,87.82,125,2026/8/29 12:55,Batch 2 · 500
4378,28.93,87.88,125,2026/8/29 12:56,Batch 2 · 500
4379,28.93,87.87,125,2026/8/29 12:57,Batch 2 · 500
4379,28.93,87.86,125,2026/8/29 12:58,Batch 2 · 500
4385,28.93,87.94,126,2026/8/29 12:59,Batch 2 · 500
4386,28.93,87.94,126,2026/8/29 13:00,Batch 2 · 500
4389,28.95,87.95,126,2026/8/29 13:01,Batch 2 · 500
4389,28.96,88,126,2026/8/29 13:02,Batch 2 · 500
4393,28.97,87.99,126,2026/8/29 13:03,Batch 2 · 500
4391,28.99,88.03,126,2026/8/29 13:04,Batch 2 · 500
4394,29,88.06,126,2026/8/29 13:05,Batch 2 · 500
4394,29.03,88.07,127,2026/8/29 13:06,Batch 2 · 500
4395,29.01,88.08,127,2026/8/29 13:07,Batch 2 · 500
4405,29.03,88.06,128,2026/8/29 13:08,Batch 2 · 500
4407,29.03,88.06,128,2026/8/29 13:09,Batch 2 · 500
4411,29.04,88.07,128,2026/8/29 13:10,Batch 2 · 500
4410,29.06,88.08,128,2026/8/29 13:11,Batch 2 · 500
4411,29.07,88.09,129,2026/8/29 13:13,Batch 2 · 500
4416,29.07,88.07,129,2026/8/29 13:14,Batch 2 · 500
4423,29.1,88.07,129,2026/8/29 13:15,Batch 2 · 500
4424,29.08,88.08,129,2026/8/29 13:16,Batch 2 · 500
4425,29.08,88.13,130,2026/8/29 13:17,Batch 2 · 500
4423,29.11,88.12,130,2026/8/29 13:18,Batch 2 · 500
4428,29.11,88.1,130,2026/8/29 13:19,Batch 2 · 500
4430,29.15,88.12,130,2026/8/29 13:20,Batch 2 · 500
4431,29.17,88.17,131,2026/8/29 13:21,Batch 2 · 500
4433,29.18,88.16,132,2026/8/29 13:22,Batch 2 · 500
4429,29.2,88.15,132,2026/8/29 13:23,Batch 2 · 500
4437,29.18,88.15,132,2026/8/29 13:24,Batch 2 · 500
4443,29.2,88.15,132,2026/8/29 13:25,Batch 2 · 500
4441,29.24,88.14,133,2026/8/29 13:26,Batch 2 · 500
4442,29.22,88.12,133,2026/8/29 13:27,Batch 2 · 500
4441,29.22,88.11,133,2026/8/29 13:28,Batch 2 · 500
4448,29.22,88.12,133,2026/8/29 13:29,Batch 2 · 500
4452,29.24,88.11,133,2026/8/29 13:30,Batch 2 · 500
4452,29.21,88.06,134,2026/8/29 13:31,Batch 2 · 500
4457,29.24,88.06,134,2026/8/29 13:32,Batch 2 · 500
4460,29.25,88.07,135,2026/8/29 13:33,Batch 2 · 500
4459,29.25,88.05,135,2026/8/29 13:34,Batch 2 · 500
4461,29.24,88.04,136,2026/8/29 13:35,Batch 2 · 500
4468,29.25,88.02,136,2026/8/29 13:36,Batch 2 · 500
4468,29.24,88,136,2026/8/29 13:37,Batch 2 · 500
4468,29.21,87.99,136,2026/8/29 13:38,Batch 2 · 500
4471,29.24,87.97,136,2026/8/29 13:39,Batch 2 · 500
4474,29.22,87.98,136,2026/8/29 13:40,Batch 2 · 500
4477,29.24,87.94,136,2026/8/29 13:41,Batch 2 · 500
4479,29.22,87.92,136,2026/8/29 13:42,Batch 2 · 500
4481,29.24,87.92,136,2026/8/29 13:43,Batch 2 · 500
4484,29.24,87.92,136,2026/8/29 13:44,Batch 2 · 500
4484,29.24,87.91,136,2026/8/29 13:45,Batch 2 · 500
4487,29.22,87.93,136,2026/8/29 13:46,Batch 2 · 500
4489,29.22,87.91,137,2026/8/29 13:47,Batch 2 · 500
4491,29.2,87.88,137,2026/8/29 13:48,Batch 2 · 500
4493,29.21,87.86,137,2026/8/29 13:49,Batch 2 · 500
4496,29.21,87.9,137,2026/8/29 13:50,Batch 2 · 500
4498,29.22,87.88,137,2026/8/29 13:51,Batch 2 · 500
4498,29.2,87.9,138,2026/8/29 13:52,Batch 2 · 500
4500,29.21,87.88,138,2026/8/29 13:53,Batch 2 · 500
4504,29.2,87.87,138,2026/8/29 13:54,Batch 2 · 500
4510,29.22,87.87,138,2026/8/29 13:55,Batch 2 · 500
4512,29.21,87.87,139,2026/8/29 13:56,Batch 2 · 500
4513,29.2,87.83,139,2026/8/29 13:58,Batch 2 · 500
4515,29.21,87.84,139,2026/8/29 13:59,Batch 2 · 500
4513,29.24,87.85,139,2026/8/29 14:00,Batch 2 · 500
4514,29.2,87.82,140,2026/8/29 14:01,Batch 2 · 500
4517,29.22,87.87,140,2026/8/29 14:02,Batch 2 · 500
4524,29.18,87.82,140,2026/8/29 14:03,Batch 2 · 500
4523,29.22,87.84,140,2026/8/29 14:04,Batch 2 · 500
4527,29.22,87.84,140,2026/8/29 14:05,Batch 2 · 500
4528,29.21,87.84,140,2026/8/29 14:06,Batch 2 · 500
4529,29.21,87.85,140,2026/8/29 14:07,Batch 2 · 500
4533,29.22,87.85,140,2026/8/29 14:08,Batch 2 · 500
4536,29.2,87.84,140,2026/8/29 14:09,Batch 2 · 500
4537,29.22,87.84,141,2026/8/29 14:10,Batch 2 · 500
4541,29.24,87.88,141,2026/8/29 14:11,Batch 2 · 500
4539,29.24,87.87,142,2026/8/29 14:12,Batch 2 · 500
4544,29.24,87.85,142,2026/8/29 14:13,Batch 2 · 500
4550,29.25,87.9,142,2026/8/29 14:14,Batch 2 · 500
4551,29.27,87.9,143,2026/8/29 14:15,Batch 2 · 500
4553,29.25,87.88,143,2026/8/29 14:16,Batch 2 · 500
4552,29.27,87.89,143,2026/8/29 14:17,Batch 2 · 500
4556,29.28,87.9,143,2026/8/29 14:18,Batch 2 · 500
4559,29.28,87.91,144,2026/8/29 14:19,Batch 2 · 500
4558,29.27,87.88,144,2026/8/29 14:20,Batch 2 · 500
4558,29.28,87.9,145,2026/8/29 14:21,Batch 2 · 500
4565,29.27,87.91,145,2026/8/29 14:22,Batch 2 · 500
4566,29.31,87.86,145,2026/8/29 14:23,Batch 2 · 500
4570,29.31,87.87,145,2026/8/29 14:24,Batch 2 · 500
4572,29.29,87.86,146,2026/8/29 14:25,Batch 2 · 500
4574,29.31,87.88,146,2026/8/29 14:26,Batch 2 · 500
4577,29.29,87.83,146,2026/8/29 14:27,Batch 2 · 500
4576,29.28,87.82,147,2026/8/29 14:28,Batch 2 · 500
4579,29.31,87.85,147,2026/8/29 14:29,Batch 2 · 500
4583,29.29,87.83,148,2026/8/29 14:30,Batch 2 · 500
4580,29.31,87.81,148,2026/8/29 14:31,Batch 2 · 500
4586,29.28,87.81,149,2026/8/29 14:32,Batch 2 · 500
4590,29.28,87.8,149,2026/8/29 14:33,Batch 2 · 500
4589,29.29,87.77,149,2026/8/29 14:34,Batch 2 · 500
4591,29.28,87.76,149,2026/8/29 14:35,Batch 2 · 500
4593,29.28,87.77,150,2026/8/29 14:36,Batch 2 · 500
4593,29.29,87.77,150,2026/8/29 14:37,Batch 2 · 500
4599,29.27,87.77,150,2026/8/29 14:38,Batch 2 · 500
4602,29.27,87.78,150,2026/8/29 14:39,Batch 2 · 500
4605,29.28,87.75,150,2026/8/29 14:40,Batch 2 · 500
4608,29.25,87.73,151,2026/8/29 14:42,Batch 2 · 500
4607,29.25,87.72,152,2026/8/29 14:43,Batch 2 · 500
4609,29.27,87.74,152,2026/8/29 14:44,Batch 2 · 500
4613,29.27,87.71,152,2026/8/29 14:45,Batch 2 · 500
4616,29.25,87.69,152,2026/8/29 14:46,Batch 2 · 500
4617,29.24,87.71,153,2026/8/29 14:47,Batch 2 · 500
4617,29.25,87.69,153,2026/8/29 14:48,Batch 2 · 500
4617,29.25,87.69,153,2026/8/29 14:49,Batch 2 · 500
4622,29.22,87.68,154,2026/8/29 14:50,Batch 2 · 500
4624,29.22,87.66,154,2026/8/29 14:51,Batch 2 · 500
4627,29.24,87.68,155,2026/8/29 14:52,Batch 2 · 500
4629,29.21,87.66,155,2026/8/29 14:53,Batch 2 · 500
4633,29.24,87.64,156,2026/8/29 14:54,Batch 2 · 500
4640,29.2,87.64,156,2026/8/29 14:55,Batch 2 · 500
4640,29.2,87.62,156,2026/8/29 14:56,Batch 2 · 500
4643,29.18,87.67,156,2026/8/29 14:57,Batch 2 · 500
4643,29.18,87.61,156,2026/8/29 14:58,Batch 2 · 500
4644,29.21,87.66,156,2026/8/29 14:59,Batch 2 · 500
4644,29.18,87.63,156,2026/8/29 15:00,Batch 2 · 500
4646,29.18,87.59,156,2026/8/29 15:01,Batch 2 · 500
4648,29.17,87.6,156,2026/8/29 15:02,Batch 2 · 500
4650,29.17,87.61,156,2026/8/29 15:03,Batch 2 · 500
4655,29.17,87.6,157,2026/8/29 15:04,Batch 2 · 500
4655,29.15,87.61,157,2026/8/29 15:05,Batch 2 · 500
4656,29.17,87.58,157,2026/8/29 15:06,Batch 2 · 500
4654,29.15,87.61,157,2026/8/29 15:07,Batch 2 · 500
4660,29.17,87.59,158,2026/8/29 15:08,Batch 2 · 500
4665,29.17,87.64,158,2026/8/29 15:09,Batch 2 · 500
4667,29.14,87.6,159,2026/8/29 15:10,Batch 2 · 500
4670,29.17,87.59,159,2026/8/29 15:11,Batch 2 · 500
4674,29.15,87.63,159,2026/8/29 15:12,Batch 2 · 500
4673,29.17,87.6,159,2026/8/29 15:13,Batch 2 · 500
4676,29.15,87.6,159,2026/8/29 15:14,Batch 2 · 500
4678,29.17,87.65,159,2026/8/29 15:15,Batch 2 · 500
4680,29.15,87.65,160,2026/8/29 15:16,Batch 2 · 500
4684,29.15,87.63,160,2026/8/29 15:17,Batch 2 · 500
4683,29.15,87.63,161,2026/8/29 15:18,Batch 2 · 500
529,25.3,65.74,0,2026/9/4 12:22,Batch 3 · Blank (0)
464,25.23,64.75,0,2026/9/4 12:23,Batch 3 · Blank (0)
443,25.09,64.3,0,2026/9/4 12:24,Batch 3 · Blank (0)
450,25.06,64.2,0,2026/9/4 12:25,Batch 3 · Blank (0)
456,25.08,64.09,0,2026/9/4 12:26,Batch 3 · Blank (0)
620,25.12,64.57,0,2026/9/4 12:27,Batch 3 · Blank (0)
600,25.17,64.41,0,2026/9/4 12:28,Batch 3 · Blank (0)
512,25.21,63.88,0,2026/9/4 12:29,Batch 3 · Blank (0)
481,25.28,63.92,0,2026/9/4 12:31,Batch 3 · Blank (0)
469,25.33,63.86,0,2026/9/4 12:32,Batch 3 · Blank (0)
454,25.35,63.97,0,2026/9/4 12:33,Batch 3 · Blank (0)
447,25.4,63.95,0,2026/9/4 12:34,Batch 3 · Blank (0)
441,25.44,63.87,0,2026/9/4 12:35,Batch 3 · Blank (0)
437,25.45,63.92,0,2026/9/4 12:36,Batch 3 · Blank (0)
431,25.52,64.14,0,2026/9/4 12:37,Batch 3 · Blank (0)
430,25.54,64.18,0,2026/9/4 12:38,Batch 3 · Blank (0)
427,25.58,63.94,0,2026/9/4 12:39,Batch 3 · Blank (0)
424,25.61,63.96,0,2026/9/4 12:40,Batch 3 · Blank (0)
422,25.62,63.83,0,2026/9/4 12:41,Batch 3 · Blank (0)
418,25.65,63.71,0,2026/9/4 12:42,Batch 3 · Blank (0)
416,25.72,63.69,0,2026/9/4 12:43,Batch 3 · Blank (0)
414,25.72,63.64,0,2026/9/4 12:44,Batch 3 · Blank (0)
413,25.75,63.48,0,2026/9/4 12:45,Batch 3 · Blank (0)
410,25.76,63.22,0,2026/9/4 12:46,Batch 3 · Blank (0)
406,25.79,63.1,0,2026/9/4 12:47,Batch 3 · Blank (0)
404,25.81,62.97,0,2026/9/4 12:48,Batch 3 · Blank (0)
403,25.82,62.8,0,2026/9/4 12:49,Batch 3 · Blank (0)
404,25.83,62.48,0,2026/9/4 12:50,Batch 3 · Blank (0)
401,25.86,62.41,0,2026/9/4 12:51,Batch 3 · Blank (0)
397,25.87,62.4,0,2026/9/4 12:52,Batch 3 · Blank (0)
396,25.87,62.17,0,2026/9/4 12:53,Batch 3 · Blank (0)
395,25.86,61.44,0,2026/9/4 12:54,Batch 3 · Blank (0)
396,25.9,61.59,0,2026/9/4 12:55,Batch 3 · Blank (0)
393,25.91,61.52,0,2026/9/4 12:56,Batch 3 · Blank (0)
391,25.91,61.71,0,2026/9/4 12:57,Batch 3 · Blank (0)
390,25.91,61.62,0,2026/9/4 12:58,Batch 3 · Blank (0)
389,25.91,61.38,0,2026/9/4 12:59,Batch 3 · Blank (0)
388,25.94,61.42,0,2026/9/4 13:00,Batch 3 · Blank (0)
388,25.96,61.38,0,2026/9/4 13:01,Batch 3 · Blank (0)
389,25.94,61.11,0,2026/9/4 13:02,Batch 3 · Blank (0)
390,25.97,61.04,0,2026/9/4 13:03,Batch 3 · Blank (0)
391,25.96,60.74,0,2026/9/4 13:04,Batch 3 · Blank (0)
391,25.96,60.72,0,2026/9/4 13:05,Batch 3 · Blank (0)
391,25.96,60.4,0,2026/9/4 13:06,Batch 3 · Blank (0)
393,25.94,60.14,0,2026/9/4 13:07,Batch 3 · Blank (0)
393,25.96,59.87,0,2026/9/4 13:08,Batch 3 · Blank (0)
393,25.94,59.7,0,2026/9/4 13:09,Batch 3 · Blank (0)
392,25.97,59.87,0,2026/9/4 13:10,Batch 3 · Blank (0)
393,25.96,60.11,0,2026/9/4 13:11,Batch 3 · Blank (0)
393,25.97,60.21,0,2026/9/4 13:12,Batch 3 · Blank (0)
395,25.97,60.44,0,2026/9/4 13:13,Batch 3 · Blank (0)
397,26,60.63,0,2026/9/4 13:14,Batch 3 · Blank (0)
396,26.01,60.67,0,2026/9/4 13:15,Batch 3 · Blank (0)
397,26,60.75,0,2026/9/4 13:16,Batch 3 · Blank (0)
395,26.06,61.07,0,2026/9/4 13:17,Batch 3 · Blank (0)
394,26.07,61.22,0,2026/9/4 13:18,Batch 3 · Blank (0)
394,26.07,61.16,0,2026/9/4 13:19,Batch 3 · Blank (0)
396,26.09,61.2,0,2026/9/4 13:20,Batch 3 · Blank (0)
397,26.11,61.27,0,2026/9/4 13:21,Batch 3 · Blank (0)
397,26.13,61.44,0,2026/9/4 13:22,Batch 3 · Blank (0)
399,26.14,61.6,0,2026/9/4 13:23,Batch 3 · Blank (0)
398,26.17,61.81,0,2026/9/4 13:24,Batch 3 · Blank (0)
398,26.2,61.95,0,2026/9/4 13:25,Batch 3 · Blank (0)
398,26.21,62.11,0,2026/9/4 13:26,Batch 3 · Blank (0)
397,26.24,62.29,0,2026/9/4 13:27,Batch 3 · Blank (0)
398,26.27,62.35,0,2026/9/4 13:28,Batch 3 · Blank (0)
397,26.29,62.55,0,2026/9/4 13:29,Batch 3 · Blank (0)
398,26.31,62.68,0,2026/9/4 13:30,Batch 3 · Blank (0)
398,26.32,62.75,0,2026/9/4 13:31,Batch 3 · Blank (0)
399,26.35,62.5,0,2026/9/4 13:32,Batch 3 · Blank (0)
400,26.38,62.38,0,2026/9/4 13:33,Batch 3 · Blank (0)
398,26.38,62.25,0,2026/9/4 13:34,Batch 3 · Blank (0)
398,26.44,62.06,0,2026/9/4 13:35,Batch 3 · Blank (0)
400,26.42,61.96,0,2026/9/4 13:36,Batch 3 · Blank (0)
400,26.42,61.62,0,2026/9/4 13:37,Batch 3 · Blank (0)
401,26.44,61.47,0,2026/9/4 13:38,Batch 3 · Blank (0)
400,26.46,61.21,0,2026/9/4 13:39,Batch 3 · Blank (0)
399,26.46,61.1,0,2026/9/4 13:40,Batch 3 · Blank (0)
400,26.48,60.82,0,2026/9/4 13:41,Batch 3 · Blank (0)
400,26.48,60.87,0,2026/9/4 13:42,Batch 3 · Blank (0)
398,26.48,60.47,0,2026/9/4 13:43,Batch 3 · Blank (0)
398,26.46,60.25,0,2026/9/4 13:44,Batch 3 · Blank (0)
400,26.45,60.1,0,2026/9/4 13:45,Batch 3 · Blank (0)
400,26.46,59.98,0,2026/9/4 13:46,Batch 3 · Blank (0)
401,26.46,59.77,0,2026/9/4 13:47,Batch 3 · Blank (0)
400,26.48,59.74,0,2026/9/4 13:48,Batch 3 · Blank (0)
400,26.45,59.79,0,2026/9/4 13:49,Batch 3 · Blank (0)
401,26.46,59.74,0,2026/9/4 13:50,Batch 3 · Blank (0)
401,26.46,59.65,0,2026/9/4 13:51,Batch 3 · Blank (0)
400,26.45,59.68,0,2026/9/4 13:52,Batch 3 · Blank (0)
402,26.44,59.32,0,2026/9/4 13:53,Batch 3 · Blank (0)
403,26.44,59.15,0,2026/9/4 13:54,Batch 3 · Blank (0)
403,26.44,58.88,0,2026/9/4 13:55,Batch 3 · Blank (0)
403,26.41,58.69,0,2026/9/4 13:56,Batch 3 · Blank (0)
403,26.42,58.75,0,2026/9/4 13:57,Batch 3 · Blank (0)
406,26.41,58.61,0,2026/9/4 13:58,Batch 3 · Blank (0)
406,26.39,58.29,0,2026/9/4 13:59,Batch 3 · Blank (0)
405,26.39,58.28,0,2026/9/4 14:00,Batch 3 · Blank (0)
405,26.39,58.09,0,2026/9/4 14:01,Batch 3 · Blank (0)
406,26.38,58.03,0,2026/9/4 14:02,Batch 3 · Blank (0)
404,26.39,58.04,0,2026/9/4 14:03,Batch 3 · Blank (0)
405,26.35,57.75,0,2026/9/4 14:04,Batch 3 · Blank (0)
405,26.36,57.72,0,2026/9/4 14:05,Batch 3 · Blank (0)
403,26.35,57.69,0,2026/9/4 14:06,Batch 3 · Blank (0)
405,26.34,57.57,0,2026/9/4 14:07,Batch 3 · Blank (0)
407,26.34,57.62,0,2026/9/4 14:08,Batch 3 · Blank (0)
405,26.32,57.35,0,2026/9/4 14:09,Batch 3 · Blank (0)
406,26.32,57.42,0,2026/9/4 14:10,Batch 3 · Blank (0)
408,26.31,56.97,0,2026/9/4 14:11,Batch 3 · Blank (0)
408,26.31,57.24,0,2026/9/4 14:12,Batch 3 · Blank (0)
407,26.31,57.28,0,2026/9/4 14:13,Batch 3 · Blank (0)
409,26.31,57.41,0,2026/9/4 14:14,Batch 3 · Blank (0)
410,26.29,57.58,0,2026/9/4 14:15,Batch 3 · Blank (0)
409,26.28,57.84,0,2026/9/4 14:16,Batch 3 · Blank (0)
411,26.29,58,0,2026/9/4 14:17,Batch 3 · Blank (0)
409,26.31,58.15,0,2026/9/4 14:18,Batch 3 · Blank (0)
410,26.32,58.31,0,2026/9/4 14:19,Batch 3 · Blank (0)
410,26.32,58.65,0,2026/9/4 14:20,Batch 3 · Blank (0)
410,26.34,58.88,0,2026/9/4 14:21,Batch 3 · Blank (0)
411,26.35,58.9,0,2026/9/4 14:22,Batch 3 · Blank (0)
410,26.35,58.92,0,2026/9/4 14:23,Batch 3 · Blank (0)
410,26.35,59.08,0,2026/9/4 14:24,Batch 3 · Blank (0)
410,26.39,59.32,0,2026/9/4 14:25,Batch 3 · Blank (0)
408,26.41,59.54,0,2026/9/4 14:26,Batch 3 · Blank (0)
410,26.41,59.73,0,2026/9/4 14:27,Batch 3 · Blank (0)
412,26.41,60.11,0,2026/9/4 14:28,Batch 3 · Blank (0)
412,26.42,60.18,0,2026/9/4 14:29,Batch 3 · Blank (0)
413,26.44,60.31,0,2026/9/4 14:30,Batch 3 · Blank (0)
412,26.49,60.51,0,2026/9/4 14:31,Batch 3 · Blank (0)
411,26.52,60.55,0,2026/9/4 14:32,Batch 3 · Blank (0)
409,26.52,60.45,0,2026/9/4 14:33,Batch 3 · Blank (0)
405,26.54,60.29,0,2026/9/4 14:34,Batch 3 · Blank (0)
405,26.57,60.18,0,2026/9/4 14:35,Batch 3 · Blank (0)
404,26.59,60.04,0,2026/9/4 14:36,Batch 3 · Blank (0)
403,26.59,59.65,0,2026/9/4 14:37,Batch 3 · Blank (0)
403,26.6,59.33,0,2026/9/4 14:38,Batch 3 · Blank (0)
401,26.59,58.93,0,2026/9/4 14:39,Batch 3 · Blank (0)
404,26.6,58.71,0,2026/9/4 14:40,Batch 3 · Blank (0)
404,26.6,58.38,0,2026/9/4 14:41,Batch 3 · Blank (0)
403,26.59,57.75,0,2026/9/4 14:42,Batch 3 · Blank (0)
404,26.57,57.61,0,2026/9/4 14:43,Batch 3 · Blank (0)
403,26.56,57.83,0,2026/9/4 14:44,Batch 3 · Blank (0)
405,26.56,58.11,0,2026/9/4 14:45,Batch 3 · Blank (0)
407,26.57,58.21,0,2026/9/4 14:46,Batch 3 · Blank (0)
406,26.54,58.38,0,2026/9/4 14:47,Batch 3 · Blank (0)
405,26.54,58.57,0,2026/9/4 14:48,Batch 3 · Blank (0)
408,26.57,58.64,0,2026/9/4 14:49,Batch 3 · Blank (0)
408,26.57,58.9,0,2026/9/4 14:50,Batch 3 · Blank (0)
407,26.6,59.18,0,2026/9/4 14:51,Batch 3 · Blank (0)
406,26.62,59.38,0,2026/9/4 14:52,Batch 3 · Blank (0)
405,26.63,59.65,0,2026/9/4 14:53,Batch 3 · Blank (0)
404,26.6,59.79,0,2026/9/4 14:54,Batch 3 · Blank (0)
404,26.62,59.98,0,2026/9/4 14:55,Batch 3 · Blank (0)
404,26.66,60.03,0,2026/9/4 14:56,Batch 3 · Blank (0)
403,26.65,60.09,0,2026/9/4 14:57,Batch 3 · Blank (0)
401,26.66,60.09,0,2026/9/4 14:58,Batch 3 · Blank (0)
400,26.65,60.13,0,2026/9/4 14:59,Batch 3 · Blank (0)
401,26.66,60.23,0,2026/9/4 15:01,Batch 3 · Blank (0)
401,26.69,60.28,0,2026/9/4 15:02,Batch 3 · Blank (0)
402,26.69,60.28,0,2026/9/4 15:03,Batch 3 · Blank (0)
403,26.7,60.29,0,2026/9/4 15:04,Batch 3 · Blank (0)
406,26.72,60.3,0,2026/9/4 15:05,Batch 3 · Blank (0)
406,26.73,60.3,0,2026/9/4 15:06,Batch 3 · Blank (0)
408,26.74,60.12,0,2026/9/4 15:07,Batch 3 · Blank (0)
411,26.73,59.69,0,2026/9/4 15:08,Batch 3 · Blank (0)
412,26.73,59.29,0,2026/9/4 15:09,Batch 3 · Blank (0)
410,26.73,58.79,0,2026/9/4 15:10,Batch 3 · Blank (0)
411,26.73,58.66,0,2026/9/4 15:11,Batch 3 · Blank (0)
411,26.69,58.69,0,2026/9/4 15:12,Batch 3 · Blank (0)
410,26.72,58.67,0,2026/9/4 15:13,Batch 3 · Blank (0)
411,26.7,58.75,0,2026/9/4 15:14,Batch 3 · Blank (0)
411,26.72,58.73,0,2026/9/4 15:15,Batch 3 · Blank (0)
412,26.7,58.45,0,2026/9/4 15:16,Batch 3 · Blank (0)
414,26.7,58.5,0,2026/9/4 15:17,Batch 3 · Blank (0)
414,26.73,58.63,0,2026/9/4 15:18,Batch 3 · Blank (0)
418,26.7,58.76,0,2026/9/4 15:19,Batch 3 · Blank (0)
421,26.7,59.04,0,2026/9/4 15:20,Batch 3 · Blank (0)
421,26.72,59.41,0,2026/9/4 15:21,Batch 3 · Blank (0)
420,26.7,59.64,0,2026/9/4 15:22,Batch 3 · Blank (0)
419,26.74,59.94,0,2026/9/4 15:23,Batch 3 · Blank (0)
418,26.73,60.03,0,2026/9/4 15:24,Batch 3 · Blank (0)
419,26.76,60.23,0,2026/9/4 15:25,Batch 3 · Blank (0)
421,26.76,60.39,0,2026/9/4 15:26,Batch 3 · Blank (0)
420,26.77,60.51,0,2026/9/4 15:27,Batch 3 · Blank (0)
418,26.79,60.56,0,2026/9/4 15:28,Batch 3 · Blank (0)
418,26.77,60.38,0,2026/9/4 15:29,Batch 3 · Blank (0)
415,26.8,60.14,0,2026/9/4 15:30,Batch 3 · Blank (0)
413,26.8,59.89,0,2026/9/4 15:31,Batch 3 · Blank (0)
414,26.81,59.76,0,2026/9/4 15:32,Batch 3 · Blank (0)
415,26.8,59.48,0,2026/9/4 15:33,Batch 3 · Blank (0)
414,26.81,59.21,0,2026/9/4 15:34,Batch 3 · Blank (0)
415,26.79,58.98,0,2026/9/4 15:35,Batch 3 · Blank (0)
416,26.8,58.96,0,2026/9/4 15:36,Batch 3 · Blank (0)
415,26.81,58.99,0,2026/9/4 15:37,Batch 3 · Blank (0)
414,26.79,58.83,0,2026/9/4 15:38,Batch 3 · Blank (0)
415,26.77,58.77,0,2026/9/4 15:39,Batch 3 · Blank (0)
417,26.79,58.7,0,2026/9/4 15:40,Batch 3 · Blank (0)
417,26.79,58.38,0,2026/9/4 15:41,Batch 3 · Blank (0)
418,26.77,58.27,0,2026/9/4 15:42,Batch 3 · Blank (0)
418,26.77,58.21,0,2026/9/4 15:43,Batch 3 · Blank (0)
417,26.74,58,0,2026/9/4 15:44,Batch 3 · Blank (0)
416,26.73,58.13,0,2026/9/4 15:45,Batch 3 · Blank (0)
415,26.7,57.8,0,2026/9/4 15:46,Batch 3 · Blank (0)
414,26.72,57.74,0,2026/9/4 15:47,Batch 3 · Blank (0)
416,26.72,57.67,0,2026/9/4 15:48,Batch 3 · Blank (0)
417,26.7,57.46,0,2026/9/4 15:49,Batch 3 · Blank (0)
416,26.7,57.51,0,2026/9/4 15:50,Batch 3 · Blank (0)
417,26.67,57.38,0,2026/9/4 15:51,Batch 3 · Blank (0)
419,26.67,57.29,0,2026/9/4 15:52,Batch 3 · Blank (0)
418,26.66,57.19,0,2026/9/4 15:53,Batch 3 · Blank (0)
416,26.63,56.87,0,2026/9/4 15:54,Batch 3 · Blank (0)
418,26.63,56.97,0,2026/9/4 15:55,Batch 3 · Blank (0)
416,26.59,57.18,0,2026/9/4 15:56,Batch 3 · Blank (0)
416,26.6,57.41,0,2026/9/4 15:57,Batch 3 · Blank (0)
417,26.6,57.51,0,2026/9/4 15:58,Batch 3 · Blank (0)
417,26.62,57.65,0,2026/9/4 15:59,Batch 3 · Blank (0)
418,26.59,57.73,0,2026/9/4 16:00,Batch 3 · Blank (0)
419,26.63,57.98,0,2026/9/4 16:01,Batch 3 · Blank (0)
421,26.63,58.28,0,2026/9/4 16:02,Batch 3 · Blank (0)
420,26.65,58.56,0,2026/9/4 16:03,Batch 3 · Blank (0)
420,26.65,58.81,0,2026/9/4 16:04,Batch 3 · Blank (0)
419,26.66,59.01,0,2026/9/4 16:05,Batch 3 · Blank (0)
418,26.67,59.1,0,2026/9/4 16:06,Batch 3 · Blank (0)
419,26.69,59.24,0,2026/9/4 16:07,Batch 3 · Blank (0)
421,26.67,59.37,0,2026/9/4 16:08,Batch 3 · Blank (0)
421,26.67,59.33,0,2026/9/4 16:09,Batch 3 · Blank (0)
419,26.72,59.47,0,2026/9/4 16:10,Batch 3 · Blank (0)
417,26.74,59.6,0,2026/9/4 16:11,Batch 3 · Blank (0)
417,26.74,59.64,0,2026/9/4 16:12,Batch 3 · Blank (0)
416,26.77,59.79,0,2026/9/4 16:13,Batch 3 · Blank (0)
418,26.79,59.74,0,2026/9/4 16:14,Batch 3 · Blank (0)
416,26.8,59.65,0,2026/9/4 16:15,Batch 3 · Blank (0)
415,26.8,59.6,0,2026/9/4 16:16,Batch 3 · Blank (0)
415,26.8,59.48,0,2026/9/4 16:17,Batch 3 · Blank (0)
413,26.8,59.34,0,2026/9/4 16:18,Batch 3 · Blank (0)
413,26.81,59.32,0,2026/9/4 16:19,Batch 3 · Blank (0)
413,26.83,59.13,0,2026/9/4 16:20,Batch 3 · Blank (0)
413,26.83,59.07,0,2026/9/4 16:21,Batch 3 · Blank (0)
413,26.83,58.91,0,2026/9/4 16:22,Batch 3 · Blank (0)
413,26.84,58.82,0,2026/9/4 16:23,Batch 3 · Blank (0)
413,26.81,58.71,0,2026/9/4 16:24,Batch 3 · Blank (0)
412,26.83,58.58,0,2026/9/4 16:25,Batch 3 · Blank (0)
411,26.83,58.47,0,2026/9/4 16:26,Batch 3 · Blank (0)
411,26.83,58.43,0,2026/9/4 16:27,Batch 3 · Blank (0)
410,26.83,58.39,0,2026/9/4 16:28,Batch 3 · Blank (0)
411,26.8,58.48,0,2026/9/4 16:29,Batch 3 · Blank (0)
411,26.83,58.24,0,2026/9/4 16:30,Batch 3 · Blank (0)
412,26.81,58.14,0,2026/9/4 16:31,Batch 3 · Blank (0)
412,26.77,58.12,0,2026/9/4 16:32,Batch 3 · Blank (0)
413,26.81,58.06,0,2026/9/4 16:33,Batch 3 · Blank (0)
410,26.8,58.1,0,2026/9/4 16:34,Batch 3 · Blank (0)
411,26.79,57.93,0,2026/9/4 16:35,Batch 3 · Blank (0)
412,26.8,57.93,0,2026/9/4 16:36,Batch 3 · Blank (0)
414,26.83,57.89,0,2026/9/4 16:37,Batch 3 · Blank (0)
415,26.77,57.82,0,2026/9/4 16:38,Batch 3 · Blank (0)
414,26.79,57.78,0,2026/9/4 16:39,Batch 3 · Blank (0)
413,26.77,57.8,0,2026/9/4 16:40,Batch 3 · Blank (0)
412,26.79,57.74,0,2026/9/4 16:41,Batch 3 · Blank (0)
412,26.79,57.78,0,2026/9/4 16:42,Batch 3 · Blank (0)
414,26.76,57.79,0,2026/9/4 16:43,Batch 3 · Blank (0)
414,26.77,57.79,0,2026/9/4 16:44,Batch 3 · Blank (0)
414,26.77,57.75,0,2026/9/4 16:45,Batch 3 · Blank (0)
412,26.8,57.69,0,2026/9/4 16:46,Batch 3 · Blank (0)
412,26.77,57.67,0,2026/9/4 16:47,Batch 3 · Blank (0)
412,26.77,57.62,0,2026/9/4 16:48,Batch 3 · Blank (0)
410,26.76,57.55,0,2026/9/4 16:49,Batch 3 · Blank (0)
410,26.76,57.56,0,2026/9/4 16:50,Batch 3 · Blank (0)
409,26.76,57.52,0,2026/9/4 16:51,Batch 3 · Blank (0)
409,26.76,57.51,0,2026/9/4 16:52,Batch 3 · Blank (0)
408,26.76,57.38,0,2026/9/4 16:53,Batch 3 · Blank (0)
407,26.79,57.42,0,2026/9/4 16:54,Batch 3 · Blank (0)
406,26.76,57.49,0,2026/9/4 16:55,Batch 3 · Blank (0)
406,26.77,57.36,0,2026/9/4 16:56,Batch 3 · Blank (0)
405,26.77,57.39,0,2026/9/4 16:57,Batch 3 · Blank (0)
406,26.76,57.37,0,2026/9/4 16:58,Batch 3 · Blank (0)
406,26.76,57.33,0,2026/9/4 16:59,Batch 3 · Blank (0)
406,26.76,57.29,0,2026/9/4 17:00,Batch 3 · Blank (0)
406,26.73,57.19,0,2026/9/4 17:01,Batch 3 · Blank (0)
404,26.76,57.28,0,2026/9/4 17:02,Batch 3 · Blank (0)
404,26.77,57.28,0,2026/9/4 17:03,Batch 3 · Blank (0)
404,26.77,57.3,0,2026/9/4 17:04,Batch 3 · Blank (0)
405,26.76,57.19,0,2026/9/4 17:06,Batch 3 · Blank (0)
404,26.74,57.22,0,2026/9/4 17:07,Batch 3 · Blank (0)
405,26.76,57.31,0,2026/9/4 17:08,Batch 3 · Blank (0)
405,26.73,57.15,0,2026/9/4 17:09,Batch 3 · Blank (0)
403,26.76,57.11,0,2026/9/4 17:10,Batch 3 · Blank (0)
404,26.76,57.02,0,2026/9/4 17:11,Batch 3 · Blank (0)
404,26.74,56.78,0,2026/9/4 17:12,Batch 3 · Blank (0)
404,26.74,56.53,0,2026/9/4 17:13,Batch 3 · Blank (0)
402,26.74,56.26,0,2026/9/4 17:14,Batch 3 · Blank (0)
401,26.73,55.95,0,2026/9/4 17:15,Batch 3 · Blank (0)
402,26.72,55.85,0,2026/9/4 17:16,Batch 3 · Blank (0)
400,26.7,55.93,0,2026/9/4 17:17,Batch 3 · Blank (0)
401,26.72,56.06,0,2026/9/4 17:18,Batch 3 · Blank (0)
401,26.69,56.33,0,2026/9/4 17:19,Batch 3 · Blank (0)
400,26.67,56.44,0,2026/9/4 17:20,Batch 3 · Blank (0)
402,26.69,56.56,0,2026/9/4 17:21,Batch 3 · Blank (0)
403,26.67,56.71,0,2026/9/4 17:22,Batch 3 · Blank (0)
406,26.7,56.97,0,2026/9/4 17:23,Batch 3 · Blank (0)
406,26.72,57.41,0,2026/9/4 17:24,Batch 3 · Blank (0)
405,26.73,57.8,0,2026/9/4 17:25,Batch 3 · Blank (0)
404,26.76,58.21,0,2026/9/4 17:26,Batch 3 · Blank (0)
407,26.74,58.29,0,2026/9/4 17:27,Batch 3 · Blank (0)
409,26.74,58.29,0,2026/9/4 17:28,Batch 3 · Blank (0)
409,26.76,58.34,0,2026/9/4 17:29,Batch 3 · Blank (0)
412,26.77,58.6,0,2026/9/4 17:30,Batch 3 · Blank (0)
414,26.77,58.95,0,2026/9/4 17:31,Batch 3 · Blank (0)
413,26.77,59.2,0,2026/9/4 17:32,Batch 3 · Blank (0)
412,26.79,59.18,0,2026/9/4 17:33,Batch 3 · Blank (0)
414,26.81,59.42,0,2026/9/4 17:34,Batch 3 · Blank (0)
415,26.83,59.54,0,2026/9/4 17:35,Batch 3 · Blank (0)
416,26.85,59.84,0,2026/9/4 17:36,Batch 3 · Blank (0)
414,26.87,59.77,0,2026/9/4 17:37,Batch 3 · Blank (0)
417,26.88,59.68,0,2026/9/4 17:38,Batch 3 · Blank (0)
418,26.91,59.6,0,2026/9/4 17:39,Batch 3 · Blank (0)
417,26.94,59.41,0,2026/9/4 17:40,Batch 3 · Blank (0)
416,26.94,59.17,0,2026/9/4 17:41,Batch 3 · Blank (0)
417,26.92,58.74,0,2026/9/4 17:42,Batch 3 · Blank (0)
417,26.94,58.32,0,2026/9/4 17:43,Batch 3 · Blank (0)
418,26.92,58.1,0,2026/9/4 17:44,Batch 3 · Blank (0)
418,26.92,57.92,0,2026/9/4 17:45,Batch 3 · Blank (0)
418,26.92,57.81,0,2026/9/4 17:46,Batch 3 · Blank (0)
423,26.92,57.7,0,2026/9/4 17:47,Batch 3 · Blank (0)
424,26.92,57.67,0,2026/9/4 17:48,Batch 3 · Blank (0)
423,26.9,57.53,0,2026/9/4 17:49,Batch 3 · Blank (0)
428,26.91,57.21,0,2026/9/4 17:50,Batch 3 · Blank (0)
429,26.88,57.23,0,2026/9/4 17:51,Batch 3 · Blank (0)
430,26.88,57.13,0,2026/9/4 17:52,Batch 3 · Blank (0)
442,26.88,57.25,0,2026/9/4 17:53,Batch 3 · Blank (0)
444,26.87,57.43,0,2026/9/4 17:54,Batch 3 · Blank (0)
437,26.84,57.5,0,2026/9/4 17:55,Batch 3 · Blank (0)
435,26.85,57.69,0,2026/9/4 17:56,Batch 3 · Blank (0)
438,26.85,57.73,0,2026/9/4 17:57,Batch 3 · Blank (0)
438,26.85,57.89,0,2026/9/4 17:58,Batch 3 · Blank (0)
438,26.87,58.05,0,2026/9/4 17:59,Batch 3 · Blank (0)
448,26.87,58.54,0,2026/9/4 18:00,Batch 3 · Blank (0)
452,26.9,58.81,0,2026/9/4 18:01,Batch 3 · Blank (0)
455,26.9,58.91,0,2026/9/4 18:02,Batch 3 · Blank (0)
457,26.92,58.97,0,2026/9/4 18:03,Batch 3 · Blank (0)
457,26.92,58.97,0,2026/9/4 18:04,Batch 3 · Blank (0)
458,26.92,59.15,0,2026/9/4 18:05,Batch 3 · Blank (0)
460,26.91,59.15,0,2026/9/4 18:06,Batch 3 · Blank (0)
457,26.92,59.43,0,2026/9/4 18:07,Batch 3 · Blank (0)
452,26.92,59.6,0,2026/9/4 18:08,Batch 3 · Blank (0)
448,26.94,59.99,0,2026/9/4 18:09,Batch 3 · Blank (0)
446,26.94,60.12,0,2026/9/4 18:10,Batch 3 · Blank (0)
441,26.97,60.42,0,2026/9/4 18:11,Batch 3 · Blank (0)
439,27.01,60.65,0,2026/9/4 18:12,Batch 3 · Blank (0)
437,26.99,61.02,0,2026/9/4 18:13,Batch 3 · Blank (0)
434,27.01,61.36,0,2026/9/4 18:14,Batch 3 · Blank (0)
432,27.07,61.49,0,2026/9/4 18:15,Batch 3 · Blank (0)
428,27.07,61.21,0,2026/9/4 18:16,Batch 3 · Blank (0)
426,27.07,60.95,0,2026/9/4 18:17,Batch 3 · Blank (0)
427,27.08,60.54,0,2026/9/4 18:18,Batch 3 · Blank (0)
430,27.07,59.94,0,2026/9/4 18:19,Batch 3 · Blank (0)
429,27.08,59.58,0,2026/9/4 18:20,Batch 3 · Blank (0)
431,27.08,59.24,0,2026/9/4 18:21,Batch 3 · Blank (0)
434,27.07,58.89,0,2026/9/4 18:22,Batch 3 · Blank (0)
434,27.05,58.59,0,2026/9/4 18:23,Batch 3 · Blank (0)
435,27.05,58.09,0,2026/9/4 18:24,Batch 3 · Blank (0)
435,27.05,57.95,0,2026/9/4 18:25,Batch 3 · Blank (0)
436,27.01,57.8,0,2026/9/4 18:26,Batch 3 · Blank (0)
435,26.99,57.53,0,2026/9/4 18:27,Batch 3 · Blank (0)
435,27.01,57.64,0,2026/9/4 18:28,Batch 3 · Blank (0)
434,26.99,57.87,0,2026/9/4 18:29,Batch 3 · Blank (0)
431,26.98,57.92,0,2026/9/4 18:30,Batch 3 · Blank (0)
429,26.95,57.87,0,2026/9/4 18:31,Batch 3 · Blank (0)
427,26.94,57.87,0,2026/9/4 18:32,Batch 3 · Blank (0)
426,26.91,57.99,0,2026/9/4 18:33,Batch 3 · Blank (0)
426,26.92,58.11,0,2026/9/4 18:34,Batch 3 · Blank (0)
424,26.9,58.29,0,2026/9/4 18:35,Batch 3 · Blank (0)
423,26.9,58.35,0,2026/9/4 18:36,Batch 3 · Blank (0)
422,26.87,58.57,0,2026/9/4 18:37,Batch 3 · Blank (0)
421,26.91,58.76,0,2026/9/4 18:38,Batch 3 · Blank (0)
421,26.9,59.06,0,2026/9/4 18:39,Batch 3 · Blank (0)
418,26.9,59.46,0,2026/9/4 18:40,Batch 3 · Blank (0)
413,26.9,59.74,0,2026/9/4 18:41,Batch 3 · Blank (0)
411,26.91,59.85,0,2026/9/4 18:42,Batch 3 · Blank (0)
408,26.92,60.02,0,2026/9/4 18:43,Batch 3 · Blank (0)
409,26.94,60.17,0,2026/9/4 18:44,Batch 3 · Blank (0)
410,26.95,60.43,0,2026/9/4 18:45,Batch 3 · Blank (0)
406,26.94,60.39,0,2026/9/4 18:46,Batch 3 · Blank (0)
405,26.97,60.36,0,2026/9/4 18:47,Batch 3 · Blank (0)
404,26.98,60.43,0,2026/9/4 18:48,Batch 3 · Blank (0)
403,26.98,60.52,0,2026/9/4 18:49,Batch 3 · Blank (0)
399,26.98,60.58,0,2026/9/4 18:50,Batch 3 · Blank (0)
400,26.97,60.44,0,2026/9/4 18:51,Batch 3 · Blank (0)
398,26.99,60.38,0,2026/9/4 18:52,Batch 3 · Blank (0)
394,26.99,60.37,0,2026/9/4 18:53,Batch 3 · Blank (0)
393,26.98,60.35,0,2026/9/4 18:54,Batch 3 · Blank (0)
392,26.99,60.26,0,2026/9/4 18:55,Batch 3 · Blank (0)
392,27.02,60.17,0,2026/9/4 18:56,Batch 3 · Blank (0)
395,26.99,60.15,0,2026/9/4 18:57,Batch 3 · Blank (0)
396,27.02,60.08,0,2026/9/4 18:58,Batch 3 · Blank (0)
395,27.01,59.89,0,2026/9/4 18:59,Batch 3 · Blank (0)
392,27.01,59.7,0,2026/9/4 19:00,Batch 3 · Blank (0)
394,27.01,59.28,0,2026/9/4 19:01,Batch 3 · Blank (0)
398,26.99,58.95,0,2026/9/4 19:02,Batch 3 · Blank (0)
400,27.01,58.77,0,2026/9/4 19:03,Batch 3 · Blank (0)
402,26.99,58.34,0,2026/9/4 19:04,Batch 3 · Blank (0)
401,26.97,57.91,0,2026/9/4 19:05,Batch 3 · Blank (0)
403,26.95,57.52,0,2026/9/4 19:06,Batch 3 · Blank (0)
404,26.94,57.31,0,2026/9/4 19:07,Batch 3 · Blank (0)
404,26.92,57.2,0,2026/9/4 19:08,Batch 3 · Blank (0)
403,26.92,57.18,0,2026/9/4 19:09,Batch 3 · Blank (0)
405,26.88,57.31,0,2026/9/4 19:10,Batch 3 · Blank (0)
405,26.88,57.54,0,2026/9/4 19:11,Batch 3 · Blank (0)
406,26.87,57.57,0,2026/9/4 19:12,Batch 3 · Blank (0)
406,26.85,57.72,0,2026/9/4 19:13,Batch 3 · Blank (0)
404,26.84,57.87,0,2026/9/4 19:14,Batch 3 · Blank (0)
405,26.87,58.12,0,2026/9/4 19:15,Batch 3 · Blank (0)
405,26.87,58.42,0,2026/9/4 19:16,Batch 3 · Blank (0)
405,26.87,58.8,0,2026/9/4 19:18,Batch 3 · Blank (0)
406,26.87,59.03,0,2026/9/4 19:19,Batch 3 · Blank (0)
407,26.87,59.19,0,2026/9/4 19:20,Batch 3 · Blank (0)
407,26.87,59.18,0,2026/9/4 19:21,Batch 3 · Blank (0)
405,26.87,59.18,0,2026/9/4 19:22,Batch 3 · Blank (0)
405,26.87,59.26,0,2026/9/4 19:23,Batch 3 · Blank (0)
406,26.9,59.46,0,2026/9/4 19:24,Batch 3 · Blank (0)
405,26.88,59.68,0,2026/9/4 19:25,Batch 3 · Blank (0)
405,26.88,59.87,0,2026/9/4 19:26,Batch 3 · Blank (0)
407,26.88,60.02,0,2026/9/4 19:27,Batch 3 · Blank (0)
405,26.91,60.15,0,2026/9/4 19:28,Batch 3 · Blank (0)
404,26.91,60.4,0,2026/9/4 19:29,Batch 3 · Blank (0)
403,26.94,60.55,0,2026/9/4 19:30,Batch 3 · Blank (0)
404,26.95,60.67,0,2026/9/4 19:31,Batch 3 · Blank (0)
404,26.95,60.83,0,2026/9/4 19:32,Batch 3 · Blank (0)
404,26.98,60.84,0,2026/9/4 19:33,Batch 3 · Blank (0)
403,26.99,60.58,0,2026/9/4 19:34,Batch 3 · Blank (0)
402,27.02,60.42,0,2026/9/4 19:35,Batch 3 · Blank (0)
401,27.02,60.18,0,2026/9/4 19:36,Batch 3 · Blank (0)
400,27.01,59.62,0,2026/9/4 19:37,Batch 3 · Blank (0)
401,27.04,59.06,0,2026/9/4 19:38,Batch 3 · Blank (0)
403,27.02,58.91,0,2026/9/4 19:39,Batch 3 · Blank (0)
403,27.02,58.59,0,2026/9/4 19:40,Batch 3 · Blank (0)
402,26.98,58.33,0,2026/9/4 19:41,Batch 3 · Blank (0)
404,26.98,58.08,0,2026/9/4 19:42,Batch 3 · Blank (0)
402,26.97,57.93,0,2026/9/4 19:43,Batch 3 · Blank (0)
401,26.95,57.83,0,2026/9/4 19:44,Batch 3 · Blank (0)
401,26.94,57.61,0,2026/9/4 19:45,Batch 3 · Blank (0)
402,26.92,57.79,0,2026/9/4 19:46,Batch 3 · Blank (0)
402,26.9,57.86,0,2026/9/4 19:47,Batch 3 · Blank (0)
404,26.9,58.05,0,2026/9/4 19:48,Batch 3 · Blank (0)
402,26.91,58.12,0,2026/9/4 19:49,Batch 3 · Blank (0)
401,26.87,58.24,0,2026/9/4 19:50,Batch 3 · Blank (0)
400,26.87,58.47,0,2026/9/4 19:51,Batch 3 · Blank (0)
402,26.91,58.71,0,2026/9/4 19:52,Batch 3 · Blank (0)
401,26.9,58.95,0,2026/9/4 19:53,Batch 3 · Blank (0)
401,26.91,59.3,0,2026/9/4 19:54,Batch 3 · Blank (0)
401,26.9,59.57,0,2026/9/4 19:55,Batch 3 · Blank (0)
401,26.92,59.71,0,2026/9/4 19:56,Batch 3 · Blank (0)
400,26.91,59.72,0,2026/9/4 19:57,Batch 3 · Blank (0)
399,26.9,59.74,0,2026/9/4 19:58,Batch 3 · Blank (0)
396,26.91,59.78,0,2026/9/4 19:59,Batch 3 · Blank (0)
397,26.92,60.04,0,2026/9/4 20:00,Batch 3 · Blank (0)
399,26.91,60.33,0,2026/9/4 20:01,Batch 3 · Blank (0)
399,26.92,60.42,0,2026/9/4 20:02,Batch 3 · Blank (0)
398,26.95,60.7,0,2026/9/4 20:03,Batch 3 · Blank (0)
397,26.95,61.11,0,2026/9/4 20:04,Batch 3 · Blank (0)
396,26.97,61.29,0,2026/9/4 20:05,Batch 3 · Blank (0)
396,26.97,61.47,0,2026/9/4 20:06,Batch 3 · Blank (0)
398,27.01,61.68,0,2026/9/4 20:07,Batch 3 · Blank (0)
397,26.99,61.51,0,2026/9/4 20:08,Batch 3 · Blank (0)
398,27.05,61.77,0,2026/9/4 20:09,Batch 3 · Blank (0)
397,27.08,61.81,0,2026/9/4 20:10,Batch 3 · Blank (0)
398,27.08,61.74,0,2026/9/4 20:11,Batch 3 · Blank (0)
399,27.09,61.42,0,2026/9/4 20:12,Batch 3 · Blank (0)
399,27.11,61.04,0,2026/9/4 20:13,Batch 3 · Blank (0)
399,27.08,60.63,0,2026/9/4 20:14,Batch 3 · Blank (0)
402,27.08,60.4,0,2026/9/4 20:15,Batch 3 · Blank (0)
401,27.09,59.91,0,2026/9/4 20:16,Batch 3 · Blank (0)
402,27.07,59.46,0,2026/9/4 20:17,Batch 3 · Blank (0)
400,27.07,58.86,0,2026/9/4 20:18,Batch 3 · Blank (0)
402,27.07,58.58,0,2026/9/4 20:19,Batch 3 · Blank (0)
401,27.04,58.54,0,2026/9/4 20:20,Batch 3 · Blank (0)
402,27.05,58.72,0,2026/9/4 20:21,Batch 3 · Blank (0)
402,27.04,58.82,0,2026/9/4 20:22,Batch 3 · Blank (0)
403,26.99,58.86,0,2026/9/4 20:23,Batch 3 · Blank (0)
403,26.98,58.96,0,2026/9/4 20:24,Batch 3 · Blank (0)
402,26.99,59.07,0,2026/9/4 20:25,Batch 3 · Blank (0)
401,26.97,59.16,0,2026/9/4 20:26,Batch 3 · Blank (0)
402,26.99,59.27,0,2026/9/4 20:27,Batch 3 · Blank (0)
403,26.99,59.47,0,2026/9/4 20:28,Batch 3 · Blank (0)
404,26.99,59.88,0,2026/9/4 20:29,Batch 3 · Blank (0)
403,26.99,60.06,0,2026/9/4 20:30,Batch 3 · Blank (0)
401,27.02,60.21,0,2026/9/4 20:31,Batch 3 · Blank (0)
400,27.01,60.26,0,2026/9/4 20:32,Batch 3 · Blank (0)
400,26.99,60.26,0,2026/9/4 20:33,Batch 3 · Blank (0)
400,27.02,60.42,0,2026/9/4 20:34,Batch 3 · Blank (0)
400,27.02,60.54,0,2026/9/4 20:35,Batch 3 · Blank (0)
400,27.01,60.68,0,2026/9/4 20:36,Batch 3 · Blank (0)
402,27.02,60.7,0,2026/9/4 20:37,Batch 3 · Blank (0)
401,27.05,60.96,0,2026/9/4 20:38,Batch 3 · Blank (0)
399,27.04,61.1,0,2026/9/4 20:39,Batch 3 · Blank (0)
397,27.01,61.23,0,2026/9/4 20:40,Batch 3 · Blank (0)
399,27.07,61.39,0,2026/9/4 20:41,Batch 3 · Blank (0)
399,27.08,61.34,0,2026/9/4 20:42,Batch 3 · Blank (0)
398,27.08,61.27,0,2026/9/4 20:43,Batch 3 · Blank (0)
397,27.08,60.92,0,2026/9/4 20:44,Batch 3 · Blank (0)
397,27.09,60.76,0,2026/9/4 20:45,Batch 3 · Blank (0)
395,27.07,60.34,0,2026/9/4 20:46,Batch 3 · Blank (0)
396,27.08,59.9,0,2026/9/4 20:47,Batch 3 · Blank (0)
398,27.05,59.62,0,2026/9/4 20:48,Batch 3 · Blank (0)
396,27.07,59.3,0,2026/9/4 20:49,Batch 3 · Blank (0)
396,27.04,59.06,0,2026/9/4 20:50,Batch 3 · Blank (0)
396,27.04,58.8,0,2026/9/4 20:51,Batch 3 · Blank (0)
397,27.02,58.61,0,2026/9/4 20:52,Batch 3 · Blank (0)
399,26.99,58.55,0,2026/9/4 20:53,Batch 3 · Blank (0)
397,26.98,58.63,0,2026/9/4 20:54,Batch 3 · Blank (0)
396,27.01,58.79,0,2026/9/4 20:55,Batch 3 · Blank (0)
398,26.97,58.9,0,2026/9/4 20:56,Batch 3 · Blank (0)
400,26.97,59.05,0,2026/9/4 20:57,Batch 3 · Blank (0)
399,26.97,59.18,0,2026/9/4 20:58,Batch 3 · Blank (0)
397,26.97,59.32,0,2026/9/4 20:59,Batch 3 · Blank (0)
399,26.98,59.68,0,2026/9/4 21:00,Batch 3 · Blank (0)
397,26.98,60.01,0,2026/9/4 21:01,Batch 3 · Blank (0)
396,26.99,60.28,0,2026/9/4 21:02,Batch 3 · Blank (0)
397,27.01,60.46,0,2026/9/4 21:03,Batch 3 · Blank (0)
398,27.01,60.71,0,2026/9/4 21:04,Batch 3 · Blank (0)
398,27.01,60.71,0,2026/9/4 21:05,Batch 3 · Blank (0)
395,26.99,60.66,0,2026/9/4 21:06,Batch 3 · Blank (0)
395,27.01,60.79,0,2026/9/4 21:07,Batch 3 · Blank (0)
396,27.02,61.01,0,2026/9/4 21:08,Batch 3 · Blank (0)
397,27.01,61.27,0,2026/9/4 21:09,Batch 3 · Blank (0)
394,27.01,61.49,0,2026/9/4 21:10,Batch 3 · Blank (0)
395,27.05,61.72,0,2026/9/4 21:11,Batch 3 · Blank (0)
396,27.04,61.96,0,2026/9/4 21:12,Batch 3 · Blank (0)
395,27.05,62.25,0,2026/9/4 21:13,Batch 3 · Blank (0)
397,27.05,62.43,0,2026/9/4 21:14,Batch 3 · Blank (0)
395,27.09,62.33,0,2026/9/4 21:15,Batch 3 · Blank (0)
393,27.11,62.63,0,2026/9/4 21:16,Batch 3 · Blank (0)
395,27.12,62.55,0,2026/9/4 21:17,Batch 3 · Blank (0)
395,27.09,62.74,0,2026/9/4 21:18,Batch 3 · Blank (0)
394,27.15,62.5,0,2026/9/4 21:19,Batch 3 · Blank (0)
395,27.15,62.3,0,2026/9/4 21:20,Batch 3 · Blank (0)
394,27.15,61.96,0,2026/9/4 21:21,Batch 3 · Blank (0)
396,27.15,61.62,0,2026/9/4 21:22,Batch 3 · Blank (0)
396,27.16,60.94,0,2026/9/4 21:23,Batch 3 · Blank (0)
397,27.13,60.71,0,2026/9/4 21:24,Batch 3 · Blank (0)
398,27.13,60.39,0,2026/9/4 21:25,Batch 3 · Blank (0)
395,27.13,60.24,0,2026/9/4 21:26,Batch 3 · Blank (0)
396,27.13,59.89,0,2026/9/4 21:27,Batch 3 · Blank (0)
396,27.11,59.64,0,2026/9/4 21:28,Batch 3 · Blank (0)
398,27.11,59.49,0,2026/9/4 21:29,Batch 3 · Blank (0)
399,27.08,59.4,0,2026/9/4 21:30,Batch 3 · Blank (0)
400,27.07,59.05,0,2026/9/4 21:31,Batch 3 · Blank (0)
402,27.05,58.88,0,2026/9/4 21:32,Batch 3 · Blank (0)
400,27.01,59.05,0,2026/9/4 21:33,Batch 3 · Blank (0)
400,26.99,58.75,0,2026/9/4 21:34,Batch 3 · Blank (0)
402,26.99,58.64,0,2026/9/4 21:35,Batch 3 · Blank (0)
403,26.97,58.56,0,2026/9/4 21:36,Batch 3 · Blank (0)
403,26.95,58.49,0,2026/9/4 21:37,Batch 3 · Blank (0)
402,26.94,58.53,0,2026/9/4 21:38,Batch 3 · Blank (0)
405,26.92,58.41,0,2026/9/4 21:40,Batch 3 · Blank (0)
406,26.91,58.45,0,2026/9/4 21:41,Batch 3 · Blank (0)
404,26.91,58.55,0,2026/9/4 21:42,Batch 3 · Blank (0)
403,26.88,58.56,0,2026/9/4 21:43,Batch 3 · Blank (0)
405,26.85,58.59,0,2026/9/4 21:44,Batch 3 · Blank (0)
404,26.87,58.7,0,2026/9/4 21:45,Batch 3 · Blank (0)
406,26.85,58.74,0,2026/9/4 21:46,Batch 3 · Blank (0)
407,26.87,58.81,0,2026/9/4 21:47,Batch 3 · Blank (0)
407,26.81,58.81,0,2026/9/4 21:48,Batch 3 · Blank (0)
405,26.83,58.8,0,2026/9/4 21:49,Batch 3 · Blank (0)
404,26.81,58.85,0,2026/9/4 21:50,Batch 3 · Blank (0)
406,26.83,58.86,0,2026/9/4 21:51,Batch 3 · Blank (0)
407,26.8,58.91,0,2026/9/4 21:52,Batch 3 · Blank (0)
406,26.79,59.02,0,2026/9/4 21:53,Batch 3 · Blank (0)
404,26.8,59.13,0,2026/9/4 21:54,Batch 3 · Blank (0)
403,26.79,59.2,0,2026/9/4 21:55,Batch 3 · Blank (0)
405,26.79,59.26,0,2026/9/4 21:56,Batch 3 · Blank (0)
407,26.79,59.42,0,2026/9/4 21:57,Batch 3 · Blank (0)
406,26.81,59.65,0,2026/9/4 21:58,Batch 3 · Blank (0)
405,26.83,59.92,0,2026/9/4 21:59,Batch 3 · Blank (0)
405,26.84,60.18,0,2026/9/4 22:00,Batch 3 · Blank (0)
406,26.84,60.42,0,2026/9/4 22:01,Batch 3 · Blank (0)
406,26.84,60.61,0,2026/9/4 22:02,Batch 3 · Blank (0)
406,26.87,60.95,0,2026/9/4 22:03,Batch 3 · Blank (0)
406,26.88,61,0,2026/9/4 22:04,Batch 3 · Blank (0)
405,26.91,61.18,0,2026/9/4 22:05,Batch 3 · Blank (0)
406,26.94,61.3,0,2026/9/4 22:06,Batch 3 · Blank (0)
402,26.94,61.6,0,2026/9/4 22:07,Batch 3 · Blank (0)
404,26.97,61.59,0,2026/9/4 22:08,Batch 3 · Blank (0)
404,26.98,61.56,0,2026/9/4 22:09,Batch 3 · Blank (0)
402,26.98,61.37,0,2026/9/4 22:10,Batch 3 · Blank (0)
402,26.99,60.98,0,2026/9/4 22:11,Batch 3 · Blank (0)
404,27.01,60.5,0,2026/9/4 22:12,Batch 3 · Blank (0)
403,26.99,59.99,0,2026/9/4 22:13,Batch 3 · Blank (0)
404,26.98,59.75,0,2026/9/4 22:14,Batch 3 · Blank (0)
403,26.98,59.35,0,2026/9/4 22:15,Batch 3 · Blank (0)
404,26.99,59.15,0,2026/9/4 22:16,Batch 3 · Blank (0)
403,26.97,58.92,0,2026/9/4 22:17,Batch 3 · Blank (0)
403,26.95,58.7,0,2026/9/4 22:18,Batch 3 · Blank (0)
404,26.91,58.85,0,2026/9/4 22:19,Batch 3 · Blank (0)
404,26.94,59.01,0,2026/9/4 22:20,Batch 3 · Blank (0)
405,26.94,59.09,0,2026/9/4 22:21,Batch 3 · Blank (0)
405,26.92,59.11,0,2026/9/4 22:22,Batch 3 · Blank (0)
404,26.9,59.28,0,2026/9/4 22:23,Batch 3 · Blank (0)
405,26.94,59.38,0,2026/9/4 22:24,Batch 3 · Blank (0)
407,26.91,59.46,0,2026/9/4 22:25,Batch 3 · Blank (0)
407,26.92,59.5,0,2026/9/4 22:26,Batch 3 · Blank (0)
406,26.94,59.52,0,2026/9/4 22:27,Batch 3 · Blank (0)
405,26.94,59.49,0,2026/9/4 22:28,Batch 3 · Blank (0)
407,26.95,59.26,0,2026/9/4 22:29,Batch 3 · Blank (0)
406,26.95,58.93,0,2026/9/4 22:30,Batch 3 · Blank (0)
405,26.92,58.66,0,2026/9/4 22:31,Batch 3 · Blank (0)
403,26.94,58.3,0,2026/9/4 22:32,Batch 3 · Blank (0)
403,26.94,57.99,0,2026/9/4 22:33,Batch 3 · Blank (0)
405,26.9,57.94,0,2026/9/4 22:34,Batch 3 · Blank (0)
403,26.91,58.08,0,2026/9/4 22:35,Batch 3 · Blank (0)
403,26.9,58.35,0,2026/9/4 22:36,Batch 3 · Blank (0)
401,26.9,58.59,0,2026/9/4 22:37,Batch 3 · Blank (0)
400,26.9,58.84,0,2026/9/4 22:38,Batch 3 · Blank (0)
401,26.88,59.08,0,2026/9/4 22:39,Batch 3 · Blank (0)
399,26.88,59.23,0,2026/9/4 22:40,Batch 3 · Blank (0)
398,26.91,59.46,0,2026/9/4 22:41,Batch 3 · Blank (0)
397,26.92,59.6,0,2026/9/4 22:42,Batch 3 · Blank (0)
397,26.92,59.72,0,2026/9/4 22:43,Batch 3 · Blank (0)
397,26.94,59.85,0,2026/9/4 22:44,Batch 3 · Blank (0)
395,26.94,59.85,0,2026/9/4 22:45,Batch 3 · Blank (0)
396,26.95,59.9,0,2026/9/4 22:46,Batch 3 · Blank (0)
397,26.95,59.97,0,2026/9/4 22:47,Batch 3 · Blank (0)
393,26.97,60.09,0,2026/9/4 22:48,Batch 3 · Blank (0)
395,27.01,60.13,0,2026/9/4 22:49,Batch 3 · Blank (0)
394,26.99,60.17,0,2026/9/4 22:50,Batch 3 · Blank (0)
394,27.01,60.21,0,2026/9/4 22:52,Batch 3 · Blank (0)
393,27.01,60.15,0,2026/9/4 22:53,Batch 3 · Blank (0)
392,27.02,59.95,0,2026/9/4 22:54,Batch 3 · Blank (0)
389,27.04,59.63,0,2026/9/4 22:55,Batch 3 · Blank (0)
388,27.04,59.29,0,2026/9/4 22:56,Batch 3 · Blank (0)
388,26.99,58.86,0,2026/9/4 22:57,Batch 3 · Blank (0)
385,26.99,58.68,0,2026/9/4 22:58,Batch 3 · Blank (0)
386,26.98,58.74,0,2026/9/4 22:59,Batch 3 · Blank (0)
386,26.98,58.88,0,2026/9/4 23:00,Batch 3 · Blank (0)
384,26.99,59.17,0,2026/9/4 23:01,Batch 3 · Blank (0)
384,26.98,59.36,0,2026/9/4 23:02,Batch 3 · Blank (0)
384,26.99,59.64,0,2026/9/4 23:03,Batch 3 · Blank (0)
383,26.99,59.76,0,2026/9/4 23:04,Batch 3 · Blank (0)
382,27.01,59.95,0,2026/9/4 23:05,Batch 3 · Blank (0)
385,27.01,60.09,0,2026/9/4 23:06,Batch 3 · Blank (0)
383,27.04,60.15,0,2026/9/4 23:07,Batch 3 · Blank (0)
383,27.05,60.28,0,2026/9/4 23:08,Batch 3 · Blank (0)
382,27.04,60.41,0,2026/9/4 23:09,Batch 3 · Blank (0)
382,27.05,60.42,0,2026/9/4 23:10,Batch 3 · Blank (0)
381,27.05,60.54,0,2026/9/4 23:11,Batch 3 · Blank (0)
381,27.07,60.51,0,2026/9/4 23:12,Batch 3 · Blank (0)
381,27.11,60.6,0,2026/9/4 23:13,Batch 3 · Blank (0)
381,27.08,60.63,0,2026/9/4 23:14,Batch 3 · Blank (0)
381,27.11,60.55,0,2026/9/4 23:15,Batch 3 · Blank (0)
382,27.12,60.69,0,2026/9/4 23:16,Batch 3 · Blank (0)
384,27.12,60.59,0,2026/9/4 23:17,Batch 3 · Blank (0)
380,27.12,60.47,0,2026/9/4 23:18,Batch 3 · Blank (0)
378,27.15,60.25,0,2026/9/4 23:19,Batch 3 · Blank (0)
378,27.13,59.92,0,2026/9/4 23:20,Batch 3 · Blank (0)
376,27.12,59.32,0,2026/9/4 23:21,Batch 3 · Blank (0)
376,27.09,59.07,0,2026/9/4 23:22,Batch 3 · Blank (0)
377,27.11,59.08,0,2026/9/4 23:23,Batch 3 · Blank (0)
375,27.09,58.82,0,2026/9/4 23:24,Batch 3 · Blank (0)
374,27.07,58.83,0,2026/9/4 23:25,Batch 3 · Blank (0)
374,27.04,59,0,2026/9/4 23:26,Batch 3 · Blank (0)
374,27.07,59.23,0,2026/9/4 23:27,Batch 3 · Blank (0)
373,27.07,59.45,0,2026/9/4 23:28,Batch 3 · Blank (0)
374,27.04,59.7,0,2026/9/4 23:29,Batch 3 · Blank (0)
372,27.07,59.96,0,2026/9/4 23:30,Batch 3 · Blank (0)
372,27.08,60.15,0,2026/9/4 23:31,Batch 3 · Blank (0)
372,27.09,60.3,0,2026/9/4 23:32,Batch 3 · Blank (0)
371,27.09,60.42,0,2026/9/4 23:33,Batch 3 · Blank (0)
373,27.08,60.57,0,2026/9/4 23:34,Batch 3 · Blank (0)
373,27.11,60.69,0,2026/9/4 23:35,Batch 3 · Blank (0)
371,27.09,60.76,0,2026/9/4 23:36,Batch 3 · Blank (0)
371,27.12,60.81,0,2026/9/4 23:37,Batch 3 · Blank (0)
369,27.12,60.87,0,2026/9/4 23:38,Batch 3 · Blank (0)
368,27.12,60.97,0,2026/9/4 23:39,Batch 3 · Blank (0)
370,27.16,60.93,0,2026/9/4 23:40,Batch 3 · Blank (0)
370,27.16,60.94,0,2026/9/4 23:41,Batch 3 · Blank (0)
370,27.16,61.02,0,2026/9/4 23:42,Batch 3 · Blank (0)
370,27.18,61.02,0,2026/9/4 23:43,Batch 3 · Blank (0)
368,27.21,61.11,0,2026/9/4 23:44,Batch 3 · Blank (0)
369,27.23,61.05,0,2026/9/4 23:45,Batch 3 · Blank (0)
367,27.23,60.83,0,2026/9/4 23:46,Batch 3 · Blank (0)
366,27.22,60.52,0,2026/9/4 23:47,Batch 3 · Blank (0)
364,27.22,60.2,0,2026/9/4 23:48,Batch 3 · Blank (0)
367,27.21,59.72,0,2026/9/4 23:49,Batch 3 · Blank (0)
366,27.18,59.31,0,2026/9/4 23:50,Batch 3 · Blank (0)
367,27.18,59.2,0,2026/9/4 23:51,Batch 3 · Blank (0)
366,27.16,58.95,0,2026/9/4 23:52,Batch 3 · Blank (0)
364,27.15,58.72,0,2026/9/4 23:53,Batch 3 · Blank (0)
366,27.13,58.92,0,2026/9/4 23:54,Batch 3 · Blank (0)
363,27.12,59.18,0,2026/9/4 23:55,Batch 3 · Blank (0)
364,27.12,59.34,0,2026/9/4 23:56,Batch 3 · Blank (0)
365,27.08,59.51,0,2026/9/4 23:57,Batch 3 · Blank (0)
366,27.13,59.8,0,2026/9/4 23:58,Batch 3 · Blank (0)
366,27.12,60.02,0,2026/9/4 23:59,Batch 3 · Blank (0)
365,27.15,60.22,0,2026/9/5 0:00,Batch 3 · Blank (0)
363,27.15,60.36,0,2026/9/5 0:02,Batch 3 · Blank (0)
364,27.12,60.57,0,2026/9/5 0:03,Batch 3 · Blank (0)
365,27.15,60.63,0,2026/9/5 0:04,Batch 3 · Blank (0)
362,27.13,60.74,0,2026/9/5 0:05,Batch 3 · Blank (0)
365,27.19,60.92,0,2026/9/5 0:06,Batch 3 · Blank (0)
362,27.16,61.07,0,2026/9/5 0:07,Batch 3 · Blank (0)
361,27.18,61.09,0,2026/9/5 0:08,Batch 3 · Blank (0)
361,27.21,61.12,0,2026/9/5 0:09,Batch 3 · Blank (0)
361,27.19,61.18,0,2026/9/5 0:10,Batch 3 · Blank (0)
362,27.23,61.16,0,2026/9/5 0:11,Batch 3 · Blank (0)
362,27.25,61.15,0,2026/9/5 0:12,Batch 3 · Blank (0)
362,27.25,61.23,0,2026/9/5 0:13,Batch 3 · Blank (0)
359,27.25,61.28,0,2026/9/5 0:14,Batch 3 · Blank (0)
360,27.26,61.26,0,2026/9/5 0:15,Batch 3 · Blank (0)
360,27.29,61.27,0,2026/9/5 0:16,Batch 3 · Blank (0)
360,27.29,61.13,0,2026/9/5 0:17,Batch 3 · Blank (0)
359,27.28,60.96,0,2026/9/5 0:18,Batch 3 · Blank (0)
358,27.29,60.66,0,2026/9/5 0:19,Batch 3 · Blank (0)
359,27.28,60.2,0,2026/9/5 0:20,Batch 3 · Blank (0)
358,27.25,59.87,0,2026/9/5 0:21,Batch 3 · Blank (0)
357,27.25,59.68,0,2026/9/5 0:22,Batch 3 · Blank (0)
358,27.23,59.73,0,2026/9/5 0:23,Batch 3 · Blank (0)
357,27.22,59.89,0,2026/9/5 0:24,Batch 3 · Blank (0)
357,27.26,60.09,0,2026/9/5 0:25,Batch 3 · Blank (0)
358,27.22,60.29,0,2026/9/5 0:26,Batch 3 · Blank (0)
357,27.25,60.49,0,2026/9/5 0:27,Batch 3 · Blank (0)
357,27.26,60.7,0,2026/9/5 0:28,Batch 3 · Blank (0)
354,27.23,60.88,0,2026/9/5 0:29,Batch 3 · Blank (0)
355,27.25,60.89,0,2026/9/5 0:30,Batch 3 · Blank (0)
356,27.25,61.08,0,2026/9/5 0:31,Batch 3 · Blank (0)
355,27.26,61.23,0,2026/9/5 0:32,Batch 3 · Blank (0)
355,27.28,61.14,0,2026/9/5 0:33,Batch 3 · Blank (0)
354,27.26,61.29,0,2026/9/5 0:34,Batch 3 · Blank (0)
355,27.29,61.36,0,2026/9/5 0:35,Batch 3 · Blank (0)
355,27.29,61.34,0,2026/9/5 0:36,Batch 3 · Blank (0)
353,27.3,61.37,0,2026/9/5 0:37,Batch 3 · Blank (0)
355,27.33,61.31,0,2026/9/5 0:38,Batch 3 · Blank (0)
354,27.33,61.41,0,2026/9/5 0:39,Batch 3 · Blank (0)
352,27.35,61.5,0,2026/9/5 0:40,Batch 3 · Blank (0)
353,27.33,61.32,0,2026/9/5 0:41,Batch 3 · Blank (0)
354,27.36,61.11,0,2026/9/5 0:42,Batch 3 · Blank (0)
353,27.33,60.78,0,2026/9/5 0:43,Batch 3 · Blank (0)
354,27.32,60.36,0,2026/9/5 0:44,Batch 3 · Blank (0)
354,27.29,59.98,0,2026/9/5 0:45,Batch 3 · Blank (0)
352,27.28,59.55,0,2026/9/5 0:46,Batch 3 · Blank (0)
353,27.26,59.31,0,2026/9/5 0:47,Batch 3 · Blank (0)
353,27.22,59.39,0,2026/9/5 0:48,Batch 3 · Blank (0)
353,27.23,59.58,0,2026/9/5 0:49,Batch 3 · Blank (0)
354,27.23,59.82,0,2026/9/5 0:50,Batch 3 · Blank (0)
355,27.23,60.01,0,2026/9/5 0:51,Batch 3 · Blank (0)
354,27.23,60.24,0,2026/9/5 0:52,Batch 3 · Blank (0)
350,27.23,60.41,0,2026/9/5 0:53,Batch 3 · Blank (0)
353,27.23,60.72,0,2026/9/5 0:54,Batch 3 · Blank (0)
355,27.25,60.81,0,2026/9/5 0:55,Batch 3 · Blank (0)
352,27.25,61.08,0,2026/9/5 0:56,Batch 3 · Blank (0)
349,27.23,61.22,0,2026/9/5 0:57,Batch 3 · Blank (0)
350,27.25,61.27,0,2026/9/5 0:58,Batch 3 · Blank (0)
351,27.26,61.4,0,2026/9/5 0:59,Batch 3 · Blank (0)
351,27.26,61.44,0,2026/9/5 1:00,Batch 3 · Blank (0)
349,27.29,61.5,0,2026/9/5 1:01,Batch 3 · Blank (0)
348,27.3,61.45,0,2026/9/5 1:02,Batch 3 · Blank (0)
349,27.32,61.52,0,2026/9/5 1:03,Batch 3 · Blank (0)
351,27.32,61.54,0,2026/9/5 1:04,Batch 3 · Blank (0)
350,27.33,61.62,0,2026/9/5 1:05,Batch 3 · Blank (0)
350,27.36,61.65,0,2026/9/5 1:07,Batch 3 · Blank (0)
350,27.35,61.8,0,2026/9/5 1:08,Batch 3 · Blank (0)
350,27.36,61.68,0,2026/9/5 1:09,Batch 3 · Blank (0)
349,27.35,61.59,0,2026/9/5 1:10,Batch 3 · Blank (0)
350,27.36,61.29,0,2026/9/5 1:11,Batch 3 · Blank (0)
350,27.35,60.94,0,2026/9/5 1:12,Batch 3 · Blank (0)
349,27.35,60.44,0,2026/9/5 1:13,Batch 3 · Blank (0)
349,27.3,60.07,0,2026/9/5 1:14,Batch 3 · Blank (0)
348,27.3,59.95,0,2026/9/5 1:15,Batch 3 · Blank (0)
347,27.29,59.74,0,2026/9/5 1:16,Batch 3 · Blank (0)
351,27.28,59.51,0,2026/9/5 1:17,Batch 3 · Blank (0)
349,27.25,59.4,0,2026/9/5 1:18,Batch 3 · Blank (0)
349,27.25,59.57,0,2026/9/5 1:19,Batch 3 · Blank (0)
349,27.23,59.84,0,2026/9/5 1:20,Batch 3 · Blank (0)
347,27.26,60.04,0,2026/9/5 1:21,Batch 3 · Blank (0)
348,27.22,60.26,0,2026/9/5 1:22,Batch 3 · Blank (0)
348,27.23,60.4,0,2026/9/5 1:23,Batch 3 · Blank (0)
347,27.28,60.65,0,2026/9/5 1:24,Batch 3 · Blank (0)
348,27.26,60.83,0,2026/9/5 1:25,Batch 3 · Blank (0)
347,27.26,61.04,0,2026/9/5 1:26,Batch 3 · Blank (0)
348,27.25,61.25,0,2026/9/5 1:27,Batch 3 · Blank (0)
348,27.25,61.33,0,2026/9/5 1:28,Batch 3 · Blank (0)
347,27.28,61.5,0,2026/9/5 1:29,Batch 3 · Blank (0)
347,27.3,61.59,0,2026/9/5 1:30,Batch 3 · Blank (0)
346,27.3,61.62,0,2026/9/5 1:31,Batch 3 · Blank (0)
345,27.29,61.64,0,2026/9/5 1:32,Batch 3 · Blank (0)
347,27.33,61.79,0,2026/9/5 1:33,Batch 3 · Blank (0)
348,27.3,61.74,0,2026/9/5 1:34,Batch 3 · Blank (0)
348,27.32,61.92,0,2026/9/5 1:35,Batch 3 · Blank (0)
348,27.35,61.81,0,2026/9/5 1:36,Batch 3 · Blank (0)
347,27.36,61.85,0,2026/9/5 1:37,Batch 3 · Blank (0)
347,27.37,61.87,0,2026/9/5 1:38,Batch 3 · Blank (0)
346,27.4,61.96,0,2026/9/5 1:39,Batch 3 · Blank (0)
346,27.36,61.84,0,2026/9/5 1:40,Batch 3 · Blank (0)
346,27.39,61.6,0,2026/9/5 1:41,Batch 3 · Blank (0)
345,27.37,61.22,0,2026/9/5 1:42,Batch 3 · Blank (0)
346,27.35,60.91,0,2026/9/5 1:43,Batch 3 · Blank (0)
348,27.33,60.33,0,2026/9/5 1:44,Batch 3 · Blank (0)
348,27.32,60,0,2026/9/5 1:45,Batch 3 · Blank (0)
347,27.28,59.42,0,2026/9/5 1:46,Batch 3 · Blank (0)
349,27.3,59.62,0,2026/9/5 1:47,Batch 3 · Blank (0)
346,27.29,59.87,0,2026/9/5 1:48,Batch 3 · Blank (0)
347,27.28,60.09,0,2026/9/5 1:49,Batch 3 · Blank (0)
346,27.28,60.32,0,2026/9/5 1:50,Batch 3 · Blank (0)
348,27.29,60.56,0,2026/9/5 1:51,Batch 3 · Blank (0)
347,27.26,60.81,0,2026/9/5 1:52,Batch 3 · Blank (0)
345,27.28,60.93,0,2026/9/5 1:53,Batch 3 · Blank (0)
346,27.26,61.11,0,2026/9/5 1:54,Batch 3 · Blank (0)
345,27.28,61.32,0,2026/9/5 1:55,Batch 3 · Blank (0)
345,27.28,61.45,0,2026/9/5 1:56,Batch 3 · Blank (0)
344,27.29,61.65,0,2026/9/5 1:57,Batch 3 · Blank (0)
343,27.3,61.62,0,2026/9/5 1:58,Batch 3 · Blank (0)
346,27.3,61.72,0,2026/9/5 1:59,Batch 3 · Blank (0)
345,27.3,61.74,0,2026/9/5 2:00,Batch 3 · Blank (0)
346,27.32,61.9,0,2026/9/5 2:01,Batch 3 · Blank (0)
346,27.35,61.93,0,2026/9/5 2:02,Batch 3 · Blank (0)
346,27.35,61.95,0,2026/9/5 2:03,Batch 3 · Blank (0)
346,27.33,62.01,0,2026/9/5 2:04,Batch 3 · Blank (0)
345,27.35,62.03,0,2026/9/5 2:05,Batch 3 · Blank (0)
342,27.37,62.03,0,2026/9/5 2:06,Batch 3 · Blank (0)
344,27.37,61.99,0,2026/9/5 2:07,Batch 3 · Blank (0)
345,27.39,62.05,0,2026/9/5 2:09,Batch 3 · Blank (0)
344,27.39,61.79,0,2026/9/5 2:10,Batch 3 · Blank (0)
345,27.4,61.48,0,2026/9/5 2:11,Batch 3 · Blank (0)
346,27.4,61.07,0,2026/9/5 2:12,Batch 3 · Blank (0)
347,27.37,60.67,0,2026/9/5 2:13,Batch 3 · Blank (0)
345,27.35,60.25,0,2026/9/5 2:14,Batch 3 · Blank (0)
344,27.35,59.89,0,2026/9/5 2:15,Batch 3 · Blank (0)
344,27.3,59.77,0,2026/9/5 2:16,Batch 3 · Blank (0)
344,27.3,60,0,2026/9/5 2:17,Batch 3 · Blank (0)
346,27.29,60.22,0,2026/9/5 2:18,Batch 3 · Blank (0)
346,27.29,60.48,0,2026/9/5 2:19,Batch 3 · Blank (0)
345,27.29,60.67,0,2026/9/5 2:20,Batch 3 · Blank (0)
345,27.29,60.89,0,2026/9/5 2:21,Batch 3 · Blank (0)
345,27.29,61.07,0,2026/9/5 2:22,Batch 3 · Blank (0)
346,27.32,61.3,0,2026/9/5 2:23,Batch 3 · Blank (0)
345,27.29,61.43,0,2026/9/5 2:24,Batch 3 · Blank (0)
344,27.33,61.71,0,2026/9/5 2:25,Batch 3 · Blank (0)
345,27.32,61.83,0,2026/9/5 2:26,Batch 3 · Blank (0)
346,27.32,61.88,0,2026/9/5 2:27,Batch 3 · Blank (0)
346,27.35,62,0,2026/9/5 2:28,Batch 3 · Blank (0)
345,27.33,61.99,0,2026/9/5 2:29,Batch 3 · Blank (0)
342,27.35,62.03,0,2026/9/5 2:30,Batch 3 · Blank (0)
343,27.36,62.14,0,2026/9/5 2:31,Batch 3 · Blank (0)
342,27.39,62.14,0,2026/9/5 2:32,Batch 3 · Blank (0)
344,27.36,62.19,0,2026/9/5 2:33,Batch 3 · Blank (0)
347,27.36,62.15,0,2026/9/5 2:34,Batch 3 · Blank (0)
347,27.4,62.16,0,2026/9/5 2:35,Batch 3 · Blank (0)
346,27.39,62.05,0,2026/9/5 2:36,Batch 3 · Blank (0)
345,27.42,62.19,0,2026/9/5 2:37,Batch 3 · Blank (0)
343,27.4,61.96,0,2026/9/5 2:38,Batch 3 · Blank (0)
343,27.4,61.64,0,2026/9/5 2:39,Batch 3 · Blank (0)
346,27.4,61.22,0,2026/9/5 2:40,Batch 3 · Blank (0)
345,27.36,60.81,0,2026/9/5 2:41,Batch 3 · Blank (0)
345,27.36,60.26,0,2026/9/5 2:42,Batch 3 · Blank (0)
347,27.32,59.81,0,2026/9/5 2:43,Batch 3 · Blank (0)
346,27.32,59.89,0,2026/9/5 2:44,Batch 3 · Blank (0)
347,27.28,60.05,0,2026/9/5 2:45,Batch 3 · Blank (0)
347,27.29,60.25,0,2026/9/5 2:46,Batch 3 · Blank (0)
346,27.28,60.49,0,2026/9/5 2:47,Batch 3 · Blank (0)
347,27.28,60.74,0,2026/9/5 2:48,Batch 3 · Blank (0)
346,27.26,60.94,0,2026/9/5 2:49,Batch 3 · Blank (0)
346,27.29,61.17,0,2026/9/5 2:50,Batch 3 · Blank (0)
344,27.26,61.32,0,2026/9/5 2:51,Batch 3 · Blank (0)
344,27.28,61.49,0,2026/9/5 2:52,Batch 3 · Blank (0)
345,27.29,61.62,0,2026/9/5 2:53,Batch 3 · Blank (0)
346,27.3,61.71,0,2026/9/5 2:54,Batch 3 · Blank (0)
347,27.32,61.99,0,2026/9/5 2:55,Batch 3 · Blank (0)
346,27.32,62.01,0,2026/9/5 2:56,Batch 3 · Blank (0)
344,27.32,62.19,0,2026/9/5 2:57,Batch 3 · Blank (0)
346,27.32,62.09,0,2026/9/5 2:58,Batch 3 · Blank (0)
345,27.36,62.18,0,2026/9/5 2:59,Batch 3 · Blank (0)
345,27.36,62.2,0,2026/9/5 3:00,Batch 3 · Blank (0)
346,27.37,62.29,0,2026/9/5 3:01,Batch 3 · Blank (0)
345,27.4,62.31,0,2026/9/5 3:02,Batch 3 · Blank (0)
343,27.39,62.39,0,2026/9/5 3:03,Batch 3 · Blank (0)
344,27.42,62.35,0,2026/9/5 3:04,Batch 3 · Blank (0)
346,27.4,62.37,0,2026/9/5 3:05,Batch 3 · Blank (0)
345,27.42,62.39,0,2026/9/5 3:06,Batch 3 · Blank (0)
344,27.43,62.3,0,2026/9/5 3:07,Batch 3 · Blank (0)
345,27.44,61.97,0,2026/9/5 3:09,Batch 3 · Blank (0)
345,27.44,61.72,0,2026/9/5 3:10,Batch 3 · Blank (0)
345,27.43,61.26,0,2026/9/5 3:11,Batch 3 · Blank (0)
345,27.37,60.8,0,2026/9/5 3:12,Batch 3 · Blank (0)
345,27.37,60.39,0,2026/9/5 3:13,Batch 3 · Blank (0)
345,27.36,59.97,0,2026/9/5 3:14,Batch 3 · Blank (0)
345,27.32,60.16,0,2026/9/5 3:15,Batch 3 · Blank (0)
345,27.35,60.31,0,2026/9/5 3:16,Batch 3 · Blank (0)
347,27.33,60.65,0,2026/9/5 3:17,Batch 3 · Blank (0)
346,27.33,60.83,0,2026/9/5 3:18,Batch 3 · Blank (0)
345,27.32,61.01,0,2026/9/5 3:19,Batch 3 · Blank (0)
346,27.3,61.23,0,2026/9/5 3:20,Batch 3 · Blank (0)
344,27.32,61.44,0,2026/9/5 3:21,Batch 3 · Blank (0)
345,27.33,61.7,0,2026/9/5 3:22,Batch 3 · Blank (0)
345,27.32,61.8,0,2026/9/5 3:23,Batch 3 · Blank (0)
344,27.33,62.02,0,2026/9/5 3:24,Batch 3 · Blank (0)
345,27.36,62.11,0,2026/9/5 3:25,Batch 3 · Blank (0)
345,27.36,62.19,0,2026/9/5 3:26,Batch 3 · Blank (0)
345,27.36,62.29,0,2026/9/5 3:27,Batch 3 · Blank (0)
344,27.36,62.34,0,2026/9/5 3:28,Batch 3 · Blank (0)
345,27.36,62.45,0,2026/9/5 3:29,Batch 3 · Blank (0)
346,27.37,62.45,0,2026/9/5 3:30,Batch 3 · Blank (0)
347,27.37,62.42,0,2026/9/5 3:31,Batch 3 · Blank (0)
346,27.42,62.41,0,2026/9/5 3:32,Batch 3 · Blank (0)
346,27.43,62.53,0,2026/9/5 3:33,Batch 3 · Blank (0)
345,27.43,62.55,0,2026/9/5 3:34,Batch 3 · Blank (0)
345,27.44,62.72,0,2026/9/5 3:35,Batch 3 · Blank (0)
343,27.46,62.52,0,2026/9/5 3:36,Batch 3 · Blank (0)
346,27.44,62.26,0,2026/9/5 3:37,Batch 3 · Blank (0)
347,27.44,61.95,0,2026/9/5 3:38,Batch 3 · Blank (0)
347,27.42,61.44,0,2026/9/5 3:39,Batch 3 · Blank (0)
345,27.42,60.98,0,2026/9/5 3:40,Batch 3 · Blank (0)
346,27.37,60.5,0,2026/9/5 3:41,Batch 3 · Blank (0)
348,27.36,60.53,0,2026/9/5 3:42,Batch 3 · Blank (0)
347,27.35,60.68,0,2026/9/5 3:43,Batch 3 · Blank (0)
346,27.36,60.84,0,2026/9/5 3:44,Batch 3 · Blank (0)
345,27.36,61.1,0,2026/9/5 3:45,Batch 3 · Blank (0)
345,27.36,61.3,0,2026/9/5 3:46,Batch 3 · Blank (0)
346,27.37,61.52,0,2026/9/5 3:47,Batch 3 · Blank (0)
346,27.36,61.77,0,2026/9/5 3:48,Batch 3 · Blank (0)
346,27.39,61.91,0,2026/9/5 3:49,Batch 3 · Blank (0)
345,27.37,62.09,0,2026/9/5 3:50,Batch 3 · Blank (0)
345,27.39,62.22,0,2026/9/5 3:51,Batch 3 · Blank (0)
344,27.39,62.31,0,2026/9/5 3:52,Batch 3 · Blank (0)
345,27.37,62.43,0,2026/9/5 3:53,Batch 3 · Blank (0)
345,27.37,62.5,0,2026/9/5 3:54,Batch 3 · Blank (0)
345,27.43,62.46,0,2026/9/5 3:55,Batch 3 · Blank (0)
347,27.4,62.43,0,2026/9/5 3:56,Batch 3 · Blank (0)
345,27.44,62.51,0,2026/9/5 3:57,Batch 3 · Blank (0)
344,27.46,62.5,0,2026/9/5 3:58,Batch 3 · Blank (0)
342,27.44,62.56,0,2026/9/5 3:59,Batch 3 · Blank (0)
343,27.46,62.57,0,2026/9/5 4:00,Batch 3 · Blank (0)
344,27.48,62.6,0,2026/9/5 4:01,Batch 3 · Blank (0)
345,27.47,62.6,0,2026/9/5 4:02,Batch 3 · Blank (0)
344,27.48,62.5,0,2026/9/5 4:03,Batch 3 · Blank (0)
344,27.44,62.22,0,2026/9/5 4:04,Batch 3 · Blank (0)
346,27.47,61.81,0,2026/9/5 4:06,Batch 3 · Blank (0)
345,27.46,61.41,0,2026/9/5 4:07,Batch 3 · Blank (0)
344,27.46,61,0,2026/9/5 4:08,Batch 3 · Blank (0)
344,27.44,60.58,0,2026/9/5 4:09,Batch 3 · Blank (0)
346,27.39,60.67,0,2026/9/5 4:10,Batch 3 · Blank (0)
345,27.39,60.83,0,2026/9/5 4:11,Batch 3 · Blank (0)
344,27.37,61.09,0,2026/9/5 4:12,Batch 3 · Blank (0)
344,27.39,61.32,0,2026/9/5 4:13,Batch 3 · Blank (0)
345,27.37,61.46,0,2026/9/5 4:14,Batch 3 · Blank (0)
344,27.36,61.71,0,2026/9/5 4:15,Batch 3 · Blank (0)
343,27.4,61.88,0,2026/9/5 4:16,Batch 3 · Blank (0)
344,27.42,61.99,0,2026/9/5 4:17,Batch 3 · Blank (0)
344,27.36,62.15,0,2026/9/5 4:18,Batch 3 · Blank (0)
344,27.4,62.3,0,2026/9/5 4:19,Batch 3 · Blank (0)
343,27.4,62.4,0,2026/9/5 4:20,Batch 3 · Blank (0)
345,27.39,62.44,0,2026/9/5 4:21,Batch 3 · Blank (0)
344,27.43,62.5,0,2026/9/5 4:22,Batch 3 · Blank (0)
346,27.44,62.56,0,2026/9/5 4:23,Batch 3 · Blank (0)
345,27.43,62.55,0,2026/9/5 4:24,Batch 3 · Blank (0)
345,27.44,62.63,0,2026/9/5 4:25,Batch 3 · Blank (0)
344,27.46,62.68,0,2026/9/5 4:26,Batch 3 · Blank (0)
343,27.46,62.79,0,2026/9/5 4:27,Batch 3 · Blank (0)
344,27.47,62.78,0,2026/9/5 4:28,Batch 3 · Blank (0)
343,27.48,62.76,0,2026/9/5 4:29,Batch 3 · Blank (0)
344,27.48,62.61,0,2026/9/5 4:30,Batch 3 · Blank (0)
345,27.51,62.37,0,2026/9/5 4:31,Batch 3 · Blank (0)
343,27.48,61.99,0,2026/9/5 4:32,Batch 3 · Blank (0)
345,27.48,61.57,0,2026/9/5 4:33,Batch 3 · Blank (0)
347,27.44,61.14,0,2026/9/5 4:34,Batch 3 · Blank (0)
347,27.42,60.56,0,2026/9/5 4:35,Batch 3 · Blank (0)
346,27.4,60.78,0,2026/9/5 4:36,Batch 3 · Blank (0)
348,27.42,60.92,0,2026/9/5 4:37,Batch 3 · Blank (0)
346,27.4,61.16,0,2026/9/5 4:38,Batch 3 · Blank (0)
346,27.37,61.38,0,2026/9/5 4:39,Batch 3 · Blank (0)
347,27.39,61.51,0,2026/9/5 4:40,Batch 3 · Blank (0)
345,27.39,61.78,0,2026/9/5 4:41,Batch 3 · Blank (0)
344,27.4,61.99,0,2026/9/5 4:42,Batch 3 · Blank (0)
346,27.37,62.25,0,2026/9/5 4:43,Batch 3 · Blank (0)
347,27.42,62.41,0,2026/9/5 4:44,Batch 3 · Blank (0)
347,27.4,62.48,0,2026/9/5 4:45,Batch 3 · Blank (0)
347,27.43,62.6,0,2026/9/5 4:46,Batch 3 · Blank (0)
346,27.42,62.62,0,2026/9/5 4:47,Batch 3 · Blank (0)
345,27.42,62.66,0,2026/9/5 4:48,Batch 3 · Blank (0)
347,27.42,62.72,0,2026/9/5 4:49,Batch 3 · Blank (0)
346,27.44,62.84,0,2026/9/5 4:50,Batch 3 · Blank (0)
345,27.47,62.87,0,2026/9/5 4:51,Batch 3 · Blank (0)
346,27.46,62.88,0,2026/9/5 4:52,Batch 3 · Blank (0)
347,27.47,62.88,0,2026/9/5 4:53,Batch 3 · Blank (0)
347,27.5,62.9,0,2026/9/5 4:54,Batch 3 · Blank (0)
345,27.51,62.95,0,2026/9/5 4:55,Batch 3 · Blank (0)
344,27.51,62.93,0,2026/9/5 4:56,Batch 3 · Blank (0)
346,27.51,62.93,0,2026/9/5 4:57,Batch 3 · Blank (0)
346,27.53,62.67,0,2026/9/5 4:58,Batch 3 · Blank (0)
345,27.51,62.28,0,2026/9/5 4:59,Batch 3 · Blank (0)
348,27.53,61.87,0,2026/9/5 5:00,Batch 3 · Blank (0)
347,27.47,61.44,0,2026/9/5 5:02,Batch 3 · Blank (0)
345,27.47,60.96,0,2026/9/5 5:03,Batch 3 · Blank (0)
346,27.44,60.86,0,2026/9/5 5:04,Batch 3 · Blank (0)
346,27.42,61.07,0,2026/9/5 5:05,Batch 3 · Blank (0)
346,27.42,61.3,0,2026/9/5 5:06,Batch 3 · Blank (0)
345,27.43,61.49,0,2026/9/5 5:07,Batch 3 · Blank (0)
347,27.42,61.73,0,2026/9/5 5:08,Batch 3 · Blank (0)
348,27.4,61.88,0,2026/9/5 5:09,Batch 3 · Blank (0)
347,27.42,62.02,0,2026/9/5 5:10,Batch 3 · Blank (0)
346,27.43,62.24,0,2026/9/5 5:11,Batch 3 · Blank (0)
345,27.42,62.41,0,2026/9/5 5:12,Batch 3 · Blank (0)
345,27.44,62.55,0,2026/9/5 5:13,Batch 3 · Blank (0)
344,27.43,62.62,0,2026/9/5 5:14,Batch 3 · Blank (0)
345,27.43,62.66,0,2026/9/5 5:15,Batch 3 · Blank (0)
346,27.46,62.76,0,2026/9/5 5:16,Batch 3 · Blank (0)
347,27.46,62.81,0,2026/9/5 5:17,Batch 3 · Blank (0)
348,27.46,62.87,0,2026/9/5 5:18,Batch 3 · Blank (0)
346,27.47,62.86,0,2026/9/5 5:19,Batch 3 · Blank (0)
347,27.48,62.94,0,2026/9/5 5:20,Batch 3 · Blank (0)
346,27.5,62.95,0,2026/9/5 5:21,Batch 3 · Blank (0)
345,27.5,63.05,0,2026/9/5 5:22,Batch 3 · Blank (0)
346,27.51,63.01,0,2026/9/5 5:23,Batch 3 · Blank (0)
346,27.51,62.98,0,2026/9/5 5:24,Batch 3 · Blank (0)
348,27.54,62.78,0,2026/9/5 5:25,Batch 3 · Blank (0)
349,27.53,62.51,0,2026/9/5 5:26,Batch 3 · Blank (0)
348,27.51,62.07,0,2026/9/5 5:27,Batch 3 · Blank (0)
346,27.5,61.46,0,2026/9/5 5:28,Batch 3 · Blank (0)
347,27.47,60.98,0,2026/9/5 5:29,Batch 3 · Blank (0)
350,27.46,60.94,0,2026/9/5 5:30,Batch 3 · Blank (0)
350,27.44,61.04,0,2026/9/5 5:31,Batch 3 · Blank (0)
348,27.44,61.25,0,2026/9/5 5:32,Batch 3 · Blank (0)
346,27.44,61.42,0,2026/9/5 5:33,Batch 3 · Blank (0)
347,27.42,61.62,0,2026/9/5 5:34,Batch 3 · Blank (0)
348,27.43,61.86,0,2026/9/5 5:35,Batch 3 · Blank (0)
347,27.43,62.12,0,2026/9/5 5:36,Batch 3 · Blank (0)
347,27.44,62.29,0,2026/9/5 5:37,Batch 3 · Blank (0)
348,27.43,62.49,0,2026/9/5 5:38,Batch 3 · Blank (0)
348,27.43,62.56,0,2026/9/5 5:39,Batch 3 · Blank (0)
347,27.44,62.66,0,2026/9/5 5:40,Batch 3 · Blank (0)
346,27.44,62.77,0,2026/9/5 5:41,Batch 3 · Blank (0)
347,27.46,62.91,0,2026/9/5 5:42,Batch 3 · Blank (0)
348,27.44,62.95,0,2026/9/5 5:43,Batch 3 · Blank (0)
349,27.46,63.04,0,2026/9/5 5:44,Batch 3 · Blank (0)
348,27.48,63.07,0,2026/9/5 5:45,Batch 3 · Blank (0)
348,27.47,63.12,0,2026/9/5 5:46,Batch 3 · Blank (0)
348,27.51,63.14,0,2026/9/5 5:47,Batch 3 · Blank (0)
349,27.5,63.22,0,2026/9/5 5:48,Batch 3 · Blank (0)
349,27.54,63.26,0,2026/9/5 5:49,Batch 3 · Blank (0)
349,27.51,63.14,0,2026/9/5 5:50,Batch 3 · Blank (0)
350,27.51,63.03,0,2026/9/5 5:51,Batch 3 · Blank (0)
350,27.51,62.68,0,2026/9/5 5:52,Batch 3 · Blank (0)
348,27.51,62.39,0,2026/9/5 5:53,Batch 3 · Blank (0)
347,27.48,61.83,0,2026/9/5 5:55,Batch 3 · Blank (0)
348,27.44,61.42,0,2026/9/5 5:56,Batch 3 · Blank (0)
350,27.44,61.21,0,2026/9/5 5:57,Batch 3 · Blank (0)
350,27.43,60.98,0,2026/9/5 5:58,Batch 3 · Blank (0)
352,27.4,60.85,0,2026/9/5 5:59,Batch 3 · Blank (0)
350,27.4,60.55,0,2026/9/5 6:00,Batch 3 · Blank (0)
351,27.37,60.59,0,2026/9/5 6:01,Batch 3 · Blank (0)
350,27.36,60.68,0,2026/9/5 6:02,Batch 3 · Blank (0)
351,27.35,60.87,0,2026/9/5 6:03,Batch 3 · Blank (0)
352,27.32,61.15,0,2026/9/5 6:04,Batch 3 · Blank (0)
350,27.32,61.41,0,2026/9/5 6:05,Batch 3 · Blank (0)
350,27.33,61.59,0,2026/9/5 6:06,Batch 3 · Blank (0)
351,27.33,61.83,0,2026/9/5 6:07,Batch 3 · Blank (0)
351,27.35,62.07,0,2026/9/5 6:08,Batch 3 · Blank (0)
352,27.33,62.23,0,2026/9/5 6:09,Batch 3 · Blank (0)
352,27.35,62.5,0,2026/9/5 6:10,Batch 3 · Blank (0)
352,27.35,62.51,0,2026/9/5 6:11,Batch 3 · Blank (0)
351,27.35,62.75,0,2026/9/5 6:12,Batch 3 · Blank (0)
351,27.36,62.77,0,2026/9/5 6:13,Batch 3 · Blank (0)
353,27.39,62.82,0,2026/9/5 6:14,Batch 3 · Blank (0)
351,27.36,62.98,0,2026/9/5 6:15,Batch 3 · Blank (0)
352,27.4,63.03,0,2026/9/5 6:16,Batch 3 · Blank (0)
353,27.4,63.09,0,2026/9/5 6:17,Batch 3 · Blank (0)
353,27.42,63.07,0,2026/9/5 6:18,Batch 3 · Blank (0)
353,27.44,63.2,0,2026/9/5 6:19,Batch 3 · Blank (0)
352,27.46,63.22,0,2026/9/5 6:20,Batch 3 · Blank (0)
354,27.46,63.31,0,2026/9/5 6:21,Batch 3 · Blank (0)
352,27.46,63.32,0,2026/9/5 6:22,Batch 3 · Blank (0)
353,27.48,63.25,0,2026/9/5 6:23,Batch 3 · Blank (0)
352,27.5,63.29,0,2026/9/5 6:24,Batch 3 · Blank (0)
354,27.51,63.37,0,2026/9/5 6:25,Batch 3 · Blank (0)
353,27.5,63.09,0,2026/9/5 6:26,Batch 3 · Blank (0)
353,27.5,62.79,0,2026/9/5 6:27,Batch 3 · Blank (0)
355,27.5,62.32,0,2026/9/5 6:28,Batch 3 · Blank (0)
353,27.48,61.8,0,2026/9/5 6:29,Batch 3 · Blank (0)
355,27.47,61.26,0,2026/9/5 6:30,Batch 3 · Blank (0)
355,27.42,61.12,0,2026/9/5 6:31,Batch 3 · Blank (0)
355,27.42,61.27,0,2026/9/5 6:32,Batch 3 · Blank (0)
355,27.4,61.47,0,2026/9/5 6:33,Batch 3 · Blank (0)
355,27.4,61.68,0,2026/9/5 6:34,Batch 3 · Blank (0)
356,27.42,61.92,0,2026/9/5 6:35,Batch 3 · Blank (0)
356,27.42,62.13,0,2026/9/5 6:36,Batch 3 · Blank (0)
355,27.4,62.34,0,2026/9/5 6:37,Batch 3 · Blank (0)
354,27.4,62.57,0,2026/9/5 6:38,Batch 3 · Blank (0)
355,27.42,62.68,0,2026/9/5 6:39,Batch 3 · Blank (0)
355,27.42,62.78,0,2026/9/5 6:40,Batch 3 · Blank (0)
355,27.4,62.99,0,2026/9/5 6:41,Batch 3 · Blank (0)
355,27.43,63.1,0,2026/9/5 6:42,Batch 3 · Blank (0)
354,27.47,63.26,0,2026/9/5 6:43,Batch 3 · Blank (0)
354,27.43,63.2,0,2026/9/5 6:44,Batch 3 · Blank (0)
357,27.47,63.21,0,2026/9/5 6:45,Batch 3 · Blank (0)
356,27.44,63.28,0,2026/9/5 6:47,Batch 3 · Blank (0)
355,27.48,63.32,0,2026/9/5 6:48,Batch 3 · Blank (0)
357,27.48,63.3,0,2026/9/5 6:49,Batch 3 · Blank (0)
358,27.51,63.52,0,2026/9/5 6:50,Batch 3 · Blank (0)
356,27.53,63.52,0,2026/9/5 6:51,Batch 3 · Blank (0)
355,27.5,63.53,0,2026/9/5 6:52,Batch 3 · Blank (0)
357,27.53,63.61,0,2026/9/5 6:53,Batch 3 · Blank (0)
356,27.55,63.56,0,2026/9/5 6:54,Batch 3 · Blank (0)
357,27.54,63.46,0,2026/9/5 6:55,Batch 3 · Blank (0)
358,27.53,63.14,0,2026/9/5 6:56,Batch 3 · Blank (0)
360,27.51,62.73,0,2026/9/5 6:57,Batch 3 · Blank (0)
361,27.54,62.2,0,2026/9/5 6:58,Batch 3 · Blank (0)
359,27.48,61.83,0,2026/9/5 6:59,Batch 3 · Blank (0)
359,27.46,61.52,0,2026/9/5 7:00,Batch 3 · Blank (0)
359,27.46,61.51,0,2026/9/5 7:01,Batch 3 · Blank (0)
359,27.44,61.26,0,2026/9/5 7:02,Batch 3 · Blank (0)
361,27.44,61.05,0,2026/9/5 7:03,Batch 3 · Blank (0)
361,27.4,61.16,0,2026/9/5 7:04,Batch 3 · Blank (0)
361,27.39,61.39,0,2026/9/5 7:05,Batch 3 · Blank (0)
362,27.4,61.61,0,2026/9/5 7:06,Batch 3 · Blank (0)
362,27.39,61.86,0,2026/9/5 7:07,Batch 3 · Blank (0)
363,27.37,62.02,0,2026/9/5 7:08,Batch 3 · Blank (0)
362,27.37,62.25,0,2026/9/5 7:09,Batch 3 · Blank (0)
362,27.37,62.44,0,2026/9/5 7:10,Batch 3 · Blank (0)
364,27.37,62.61,0,2026/9/5 7:11,Batch 3 · Blank (0)
363,27.39,62.78,0,2026/9/5 7:12,Batch 3 · Blank (0)
362,27.4,62.86,0,2026/9/5 7:13,Batch 3 · Blank (0)
361,27.4,63.06,0,2026/9/5 7:14,Batch 3 · Blank (0)
361,27.4,63.18,0,2026/9/5 7:15,Batch 3 · Blank (0)
363,27.4,63.26,0,2026/9/5 7:16,Batch 3 · Blank (0)
362,27.43,63.37,0,2026/9/5 7:17,Batch 3 · Blank (0)
361,27.46,63.51,0,2026/9/5 7:18,Batch 3 · Blank (0)
361,27.47,63.58,0,2026/9/5 7:19,Batch 3 · Blank (0)
361,27.48,63.59,0,2026/9/5 7:20,Batch 3 · Blank (0)
362,27.48,63.62,0,2026/9/5 7:21,Batch 3 · Blank (0)
361,27.48,63.59,0,2026/9/5 7:22,Batch 3 · Blank (0)
362,27.5,63.66,0,2026/9/5 7:23,Batch 3 · Blank (0)
364,27.5,63.69,0,2026/9/5 7:24,Batch 3 · Blank (0)
363,27.53,63.91,0,2026/9/5 7:25,Batch 3 · Blank (0)
361,27.54,63.74,0,2026/9/5 7:26,Batch 3 · Blank (0)
361,27.53,63.76,0,2026/9/5 7:27,Batch 3 · Blank (0)
362,27.55,63.77,0,2026/9/5 7:28,Batch 3 · Blank (0)
364,27.58,63.6,0,2026/9/5 7:29,Batch 3 · Blank (0)
363,27.55,63.43,0,2026/9/5 7:30,Batch 3 · Blank (0)
363,27.57,63.36,0,2026/9/5 7:31,Batch 3 · Blank (0)
362,27.57,63.25,0,2026/9/5 7:32,Batch 3 · Blank (0)
363,27.55,63.07,0,2026/9/5 7:33,Batch 3 · Blank (0)
363,27.57,62.95,0,2026/9/5 7:34,Batch 3 · Blank (0)
364,27.57,62.85,0,2026/9/5 7:35,Batch 3 · Blank (0)
363,27.57,62.72,0,2026/9/5 7:36,Batch 3 · Blank (0)
363,27.54,62.62,0,2026/9/5 7:38,Batch 3 · Blank (0)
364,27.53,62.47,0,2026/9/5 7:39,Batch 3 · Blank (0)
364,27.5,62.36,0,2026/9/5 7:40,Batch 3 · Blank (0)
365,27.5,62.28,0,2026/9/5 7:41,Batch 3 · Blank (0)
365,27.51,62.16,0,2026/9/5 7:42,Batch 3 · Blank (0)
364,27.51,62.1,0,2026/9/5 7:43,Batch 3 · Blank (0)
365,27.47,62.05,0,2026/9/5 7:44,Batch 3 · Blank (0)
364,27.53,61.97,0,2026/9/5 7:45,Batch 3 · Blank (0)
366,27.46,61.9,0,2026/9/5 7:46,Batch 3 · Blank (0)
367,27.46,61.89,0,2026/9/5 7:47,Batch 3 · Blank (0)
369,27.46,61.79,0,2026/9/5 7:48,Batch 3 · Blank (0)
371,27.44,61.7,0,2026/9/5 7:49,Batch 3 · Blank (0)
372,27.44,61.67,0,2026/9/5 7:50,Batch 3 · Blank (0)
373,27.42,61.66,0,2026/9/5 7:51,Batch 3 · Blank (0)
374,27.42,61.65,0,2026/9/5 7:52,Batch 3 · Blank (0)
374,27.43,61.46,0,2026/9/5 7:53,Batch 3 · Blank (0)
373,27.37,61.17,0,2026/9/5 7:54,Batch 3 · Blank (0)
376,27.37,61.14,0,2026/9/5 7:55,Batch 3 · Blank (0)
376,27.37,61.12,0,2026/9/5 7:56,Batch 3 · Blank (0)
375,27.35,61.13,0,2026/9/5 7:57,Batch 3 · Blank (0)
376,27.33,61.25,0,2026/9/5 7:58,Batch 3 · Blank (0)
376,27.33,61.31,0,2026/9/5 7:59,Batch 3 · Blank (0)
375,27.35,61.24,0,2026/9/5 8:00,Batch 3 · Blank (0)
374,27.32,61.1,0,2026/9/5 8:01,Batch 3 · Blank (0)
373,27.3,61.02,0,2026/9/5 8:02,Batch 3 · Blank (0)
373,27.29,61.03,0,2026/9/5 8:03,Batch 3 · Blank (0)
376,27.29,60.95,0,2026/9/5 8:04,Batch 3 · Blank (0)
373,27.29,60.93,0,2026/9/5 8:05,Batch 3 · Blank (0)
375,27.3,60.96,0,2026/9/5 8:06,Batch 3 · Blank (0)
375,27.29,60.95,0,2026/9/5 8:07,Batch 3 · Blank (0)
373,27.29,60.84,0,2026/9/5 8:08,Batch 3 · Blank (0)
373,27.26,60.88,0,2026/9/5 8:09,Batch 3 · Blank (0)
374,27.25,60.78,0,2026/9/5 8:10,Batch 3 · Blank (0)
374,27.28,60.71,0,2026/9/5 8:11,Batch 3 · Blank (0)
373,27.26,60.59,0,2026/9/5 8:12,Batch 3 · Blank (0)
374,27.25,60.54,0,2026/9/5 8:13,Batch 3 · Blank (0)
374,27.23,60.54,0,2026/9/5 8:14,Batch 3 · Blank (0)
372,27.23,60.51,0,2026/9/5 8:15,Batch 3 · Blank (0)
372,27.23,60.43,0,2026/9/5 8:16,Batch 3 · Blank (0)
372,27.23,60.33,0,2026/9/5 8:17,Batch 3 · Blank (0)
374,27.21,60.4,0,2026/9/5 8:18,Batch 3 · Blank (0)
373,27.23,60.3,0,2026/9/5 8:19,Batch 3 · Blank (0)
372,27.21,60.26,0,2026/9/5 8:20,Batch 3 · Blank (0)
371,27.21,60.23,0,2026/9/5 8:21,Batch 3 · Blank (0)
371,27.19,60.08,0,2026/9/5 8:22,Batch 3 · Blank (0)
373,27.16,60.14,0,2026/9/5 8:23,Batch 3 · Blank (0)
373,27.19,60.05,0,2026/9/5 8:24,Batch 3 · Blank (0)
373,27.21,60.08,0,2026/9/5 8:25,Batch 3 · Blank (0)
374,27.15,59.99,0,2026/9/5 8:26,Batch 3 · Blank (0)
373,27.13,60,0,2026/9/5 8:27,Batch 3 · Blank (0)
373,27.13,59.91,0,2026/9/5 8:28,Batch 3 · Blank (0)
372,27.15,59.94,0,2026/9/5 8:29,Batch 3 · Blank (0)
371,27.12,59.93,0,2026/9/5 8:30,Batch 3 · Blank (0)
371,27.13,59.79,0,2026/9/5 8:31,Batch 3 · Blank (0)
372,27.15,59.84,0,2026/9/5 8:32,Batch 3 · Blank (0)
374,27.13,59.69,0,2026/9/5 8:33,Batch 3 · Blank (0)
374,27.11,59.71,0,2026/9/5 8:34,Batch 3 · Blank (0)
374,27.12,59.71,0,2026/9/5 8:35,Batch 3 · Blank (0)
372,27.12,59.72,0,2026/9/5 8:36,Batch 3 · Blank (0)
371,27.11,59.69,0,2026/9/5 8:37,Batch 3 · Blank (0)
370,27.11,59.69,0,2026/9/5 8:38,Batch 3 · Blank (0)
373,27.12,59.62,0,2026/9/5 8:39,Batch 3 · Blank (0)
372,27.11,59.63,0,2026/9/5 8:40,Batch 3 · Blank (0)
371,27.12,59.59,0,2026/9/5 8:41,Batch 3 · Blank (0)
372,27.12,59.59,0,2026/9/5 8:42,Batch 3 · Blank (0)
371,27.11,59.67,0,2026/9/5 8:43,Batch 3 · Blank (0)
371,27.11,59.79,0,2026/9/5 8:44,Batch 3 · Blank (0)
371,27.11,59.74,0,2026/9/5 8:45,Batch 3 · Blank (0)
371,27.12,59.73,0,2026/9/5 8:46,Batch 3 · Blank (0)
371,27.11,59.79,0,2026/9/5 8:47,Batch 3 · Blank (0)
372,27.15,59.92,0,2026/9/5 8:48,Batch 3 · Blank (0)
373,27.13,59.93,0,2026/9/5 8:49,Batch 3 · Blank (0)
373,27.13,60,0,2026/9/5 8:50,Batch 3 · Blank (0)
375,27.13,59.94,0,2026/9/5 8:51,Batch 3 · Blank (0)
375,27.15,60,0,2026/9/5 8:52,Batch 3 · Blank (0)
379,27.13,59.91,0,2026/9/5 8:53,Batch 3 · Blank (0)
383,27.13,59.62,0,2026/9/5 8:54,Batch 3 · Blank (0)
383,27.15,59.54,0,2026/9/5 8:55,Batch 3 · Blank (0)
383,27.15,59.64,0,2026/9/5 8:56,Batch 3 · Blank (0)
384,27.11,59.74,0,2026/9/5 8:57,Batch 3 · Blank (0)
386,27.12,59.85,0,2026/9/5 8:58,Batch 3 · Blank (0)
389,27.13,59.91,0,2026/9/5 8:59,Batch 3 · Blank (0)
390,27.15,59.94,0,2026/9/5 9:00,Batch 3 · Blank (0)
390,27.16,59.97,0,2026/9/5 9:01,Batch 3 · Blank (0)
389,27.18,60.04,0,2026/9/5 9:02,Batch 3 · Blank (0)
391,27.19,60.06,0,2026/9/5 9:03,Batch 3 · Blank (0)
392,27.18,60.03,0,2026/9/5 9:04,Batch 3 · Blank (0)
395,27.19,60.07,0,2026/9/5 9:05,Batch 3 · Blank (0)
394,27.19,60.06,0,2026/9/5 9:06,Batch 3 · Blank (0)
393,27.21,60.03,0,2026/9/5 9:08,Batch 3 · Blank (0)
393,27.22,59.97,0,2026/9/5 9:09,Batch 3 · Blank (0)
396,27.19,59.95,0,2026/9/5 9:10,Batch 3 · Blank (0)
398,27.21,59.92,0,2026/9/5 9:11,Batch 3 · Blank (0)
396,27.22,59.89,0,2026/9/5 9:12,Batch 3 · Blank (0)
396,27.23,59.87,0,2026/9/5 9:13,Batch 3 · Blank (0)
398,27.23,59.84,0,2026/9/5 9:14,Batch 3 · Blank (0)
401,27.25,59.77,0,2026/9/5 9:15,Batch 3 · Blank (0)
401,27.25,59.71,0,2026/9/5 9:16,Batch 3 · Blank (0)
399,27.25,59.63,0,2026/9/5 9:17,Batch 3 · Blank (0)
399,27.23,59.42,0,2026/9/5 9:18,Batch 3 · Blank (0)
397,27.23,59.5,0,2026/9/5 9:19,Batch 3 · Blank (0)
399,27.23,59.33,0,2026/9/5 9:20,Batch 3 · Blank (0)
400,27.23,59.34,0,2026/9/5 9:21,Batch 3 · Blank (0)
399,27.23,59.06,0,2026/9/5 9:22,Batch 3 · Blank (0)
399,27.22,59.09,0,2026/9/5 9:23,Batch 3 · Blank (0)
396,27.22,59,0,2026/9/5 9:24,Batch 3 · Blank (0)
397,27.22,58.84,0,2026/9/5 9:25,Batch 3 · Blank (0)
397,27.21,58.82,0,2026/9/5 9:26,Batch 3 · Blank (0)
397,27.21,58.69,0,2026/9/5 9:27,Batch 3 · Blank (0)
399,27.19,58.53,0,2026/9/5 9:28,Batch 3 · Blank (0)
400,27.19,58.5,0,2026/9/5 9:29,Batch 3 · Blank (0)
400,27.19,58.43,0,2026/9/5 9:30,Batch 3 · Blank (0)
402,27.15,58.15,0,2026/9/5 9:31,Batch 3 · Blank (0)
403,27.15,58.21,0,2026/9/5 9:32,Batch 3 · Blank (0)
402,27.16,58.14,0,2026/9/5 9:33,Batch 3 · Blank (0)
403,27.13,58.03,0,2026/9/5 9:34,Batch 3 · Blank (0)
403,27.12,58,0,2026/9/5 9:35,Batch 3 · Blank (0)
406,27.12,57.91,0,2026/9/5 9:36,Batch 3 · Blank (0)
405,27.11,57.89,0,2026/9/5 9:37,Batch 3 · Blank (0)
406,27.09,57.94,0,2026/9/5 9:38,Batch 3 · Blank (0)
406,27.11,57.93,0,2026/9/5 9:39,Batch 3 · Blank (0)
407,27.11,57.85,0,2026/9/5 9:40,Batch 3 · Blank (0)
408,27.11,57.78,0,2026/9/5 9:41,Batch 3 · Blank (0)
408,27.09,57.85,0,2026/9/5 9:42,Batch 3 · Blank (0)
408,27.09,57.71,0,2026/9/5 9:43,Batch 3 · Blank (0)
409,27.08,58,0,2026/9/5 9:44,Batch 3 · Blank (0)
411,27.11,57.98,0,2026/9/5 9:45,Batch 3 · Blank (0)
412,27.07,57.97,0,2026/9/5 9:46,Batch 3 · Blank (0)
415,27.08,58.12,0,2026/9/5 9:47,Batch 3 · Blank (0)
415,27.11,58.02,0,2026/9/5 9:48,Batch 3 · Blank (0)
416,27.11,58.03,0,2026/9/5 9:49,Batch 3 · Blank (0)
419,27.09,58.13,0,2026/9/5 9:50,Batch 3 · Blank (0)
423,27.09,58.07,0,2026/9/5 9:51,Batch 3 · Blank (0)
424,27.11,58.12,0,2026/9/5 9:52,Batch 3 · Blank (0)
424,27.11,58.13,0,2026/9/5 9:53,Batch 3 · Blank (0)
427,27.13,58.16,0,2026/9/5 9:54,Batch 3 · Blank (0)
428,27.09,57.85,0,2026/9/5 9:55,Batch 3 · Blank (0)
431,27.08,57.5,0,2026/9/5 9:56,Batch 3 · Blank (0)
429,27.08,57.64,0,2026/9/5 9:57,Batch 3 · Blank (0)
429,27.09,57.9,0,2026/9/5 9:58,Batch 3 · Blank (0)
429,27.09,57.95,0,2026/9/5 9:59,Batch 3 · Blank (0)
430,27.09,58.17,0,2026/9/5 10:00,Batch 3 · Blank (0)
432,27.09,58.28,0,2026/9/5 10:01,Batch 3 · Blank (0)
435,27.11,58.28,0,2026/9/5 10:02,Batch 3 · Blank (0)
436,27.12,58.35,0,2026/9/5 10:03,Batch 3 · Blank (0)
436,27.12,58.36,0,2026/9/5 10:04,Batch 3 · Blank (0)
436,27.13,58.45,0,2026/9/5 10:05,Batch 3 · Blank (0)
436,27.16,58.43,0,2026/9/5 10:06,Batch 3 · Blank (0)
437,27.13,58.46,0,2026/9/5 10:07,Batch 3 · Blank (0)
436,27.16,58.28,0,2026/9/5 10:08,Batch 3 · Blank (0)
437,27.15,58.03,0,2026/9/5 10:09,Batch 3 · Blank (0)
437,27.16,57.75,0,2026/9/5 10:10,Batch 3 · Blank (0)
438,27.15,57.61,0,2026/9/5 10:11,Batch 3 · Blank (0)
440,27.12,57.47,0,2026/9/5 10:12,Batch 3 · Blank (0)
441,27.12,57.32,0,2026/9/5 10:13,Batch 3 · Blank (0)
441,27.11,57.21,0,2026/9/5 10:14,Batch 3 · Blank (0)
441,27.09,57.23,0,2026/9/5 10:15,Batch 3 · Blank (0)
443,27.08,57.36,0,2026/9/5 10:16,Batch 3 · Blank (0)
444,27.07,57.37,0,2026/9/5 10:17,Batch 3 · Blank (0)
447,27.08,57.35,0,2026/9/5 10:18,Batch 3 · Blank (0)
447,27.07,57.42,0,2026/9/5 10:19,Batch 3 · Blank (0)
444,27.05,57.47,0,2026/9/5 10:20,Batch 3 · Blank (0)
443,27.05,57.43,0,2026/9/5 10:21,Batch 3 · Blank (0)
441,27.05,57.54,0,2026/9/5 10:22,Batch 3 · Blank (0)
440,27.05,57.54,0,2026/9/5 10:23,Batch 3 · Blank (0)
437,27.04,57.62,0,2026/9/5 10:24,Batch 3 · Blank (0)
437,27.04,57.45,0,2026/9/5 10:25,Batch 3 · Blank (0)
437,27.02,57.31,0,2026/9/5 10:26,Batch 3 · Blank (0)
436,27.01,57.31,0,2026/9/5 10:27,Batch 3 · Blank (0)
434,27.01,57.34,0,2026/9/5 10:28,Batch 3 · Blank (0)
434,27.01,57.42,0,2026/9/5 10:29,Batch 3 · Blank (0)
433,26.97,57.43,0,2026/9/5 10:30,Batch 3 · Blank (0)
431,26.99,57.59,0,2026/9/5 10:31,Batch 3 · Blank (0)
431,27.01,57.61,0,2026/9/5 10:32,Batch 3 · Blank (0)
432,26.99,57.68,0,2026/9/5 10:33,Batch 3 · Blank (0)
429,27.04,57.63,0,2026/9/5 10:34,Batch 3 · Blank (0)
428,27.01,57.67,0,2026/9/5 10:35,Batch 3 · Blank (0)
429,27.01,57.68,0,2026/9/5 10:37,Batch 3 · Blank (0)
430,27.01,57.64,0,2026/9/5 10:38,Batch 3 · Blank (0)
430,27.01,57.58,0,2026/9/5 10:39,Batch 3 · Blank (0)
430,27.01,57.57,0,2026/9/5 10:40,Batch 3 · Blank (0)
427,27.01,57.56,0,2026/9/5 10:41,Batch 3 · Blank (0)
427,27.01,57.57,0,2026/9/5 10:42,Batch 3 · Blank (0)
426,27.02,57.48,0,2026/9/5 10:43,Batch 3 · Blank (0)
425,27.02,57.39,0,2026/9/5 10:44,Batch 3 · Blank (0)
426,27.01,57.32,0,2026/9/5 10:45,Batch 3 · Blank (0)
429,26.98,57.3,0,2026/9/5 10:46,Batch 3 · Blank (0)
429,26.99,57.31,0,2026/9/5 10:47,Batch 3 · Blank (0)
428,26.99,57.36,0,2026/9/5 10:48,Batch 3 · Blank (0)
429,27.01,57.35,0,2026/9/5 10:49,Batch 3 · Blank (0)
431,27.01,57.32,0,2026/9/5 10:50,Batch 3 · Blank (0)
432,27.01,57.21,0,2026/9/5 10:51,Batch 3 · Blank (0)
432,27.01,57.28,0,2026/9/5 10:52,Batch 3 · Blank (0)
431,26.99,57.28,0,2026/9/5 10:53,Batch 3 · Blank (0)
432,26.98,57.22,0,2026/9/5 10:54,Batch 3 · Blank (0)
433,27.01,57.17,0,2026/9/5 10:55,Batch 3 · Blank (0)
433,26.99,56.8,0,2026/9/5 10:56,Batch 3 · Blank (0)
431,26.94,56.62,0,2026/9/5 10:57,Batch 3 · Blank (0)
432,26.95,56.95,0,2026/9/5 10:58,Batch 3 · Blank (0)
431,26.97,57.3,0,2026/9/5 10:59,Batch 3 · Blank (0)
432,26.97,57.6,0,2026/9/5 11:00,Batch 3 · Blank (0)
432,26.98,57.92,0,2026/9/5 11:01,Batch 3 · Blank (0)
433,26.99,58.17,0,2026/9/5 11:02,Batch 3 · Blank (0)
435,26.99,58.4,0,2026/9/5 11:03,Batch 3 · Blank (0)
434,27.04,58.68,0,2026/9/5 11:04,Batch 3 · Blank (0)
432,27.02,58.84,0,2026/9/5 11:05,Batch 3 · Blank (0)
432,27.05,59.05,0,2026/9/5 11:06,Batch 3 · Blank (0)
433,27.09,59.21,0,2026/9/5 11:07,Batch 3 · Blank (0)
432,27.11,59.37,0,2026/9/5 11:08,Batch 3 · Blank (0)
432,27.11,59.5,0,2026/9/5 11:09,Batch 3 · Blank (0)
435,27.16,59.55,0,2026/9/5 11:10,Batch 3 · Blank (0)
433,27.16,59.28,0,2026/9/5 11:11,Batch 3 · Blank (0)
431,27.16,58.9,0,2026/9/5 11:12,Batch 3 · Blank (0)
434,27.16,58.4,0,2026/9/5 11:13,Batch 3 · Blank (0)
436,27.15,58.03,0,2026/9/5 11:14,Batch 3 · Blank (0)
435,27.11,57.89,0,2026/9/5 11:15,Batch 3 · Blank (0)
437,27.16,58.07,0,2026/9/5 11:16,Batch 3 · Blank (0)
438,27.13,58.37,0,2026/9/5 11:17,Batch 3 · Blank (0)
440,27.15,58.67,0,2026/9/5 11:18,Batch 3 · Blank (0)
440,27.16,58.91,0,2026/9/5 11:19,Batch 3 · Blank (0)
440,27.21,59.23,0,2026/9/5 11:20,Batch 3 · Blank (0)
441,27.22,59.57,0,2026/9/5 11:22,Batch 3 · Blank (0)
442,27.22,59.81,0,2026/9/5 11:23,Batch 3 · Blank (0)
440,27.25,60,0,2026/9/5 11:24,Batch 3 · Blank (0)
441,27.28,60.33,0,2026/9/5 11:25,Batch 3 · Blank (0)
441,27.28,60.41,0,2026/9/5 11:26,Batch 3 · Blank (0)
442,27.29,60.54,0,2026/9/5 11:27,Batch 3 · Blank (0)
441,27.3,60.69,0,2026/9/5 11:28,Batch 3 · Blank (0)
441,27.33,60.78,0,2026/9/5 11:29,Batch 3 · Blank (0)
442,27.36,60.84,0,2026/9/5 11:30,Batch 3 · Blank (0)
437,27.37,60.74,0,2026/9/5 11:31,Batch 3 · Blank (0)
437,27.37,60.54,0,2026/9/5 11:32,Batch 3 · Blank (0)
433,27.4,60.22,0,2026/9/5 11:33,Batch 3 · Blank (0)
435,27.4,59.84,0,2026/9/5 11:34,Batch 3 · Blank (0)
433,27.37,59.27,0,2026/9/5 11:35,Batch 3 · Blank (0)
431,27.33,58.84,0,2026/9/5 11:36,Batch 3 · Blank (0)
430,27.3,58.44,0,2026/9/5 11:37,Batch 3 · Blank (0)
427,27.28,57.97,0,2026/9/5 11:38,Batch 3 · Blank (0)
427,27.25,57.97,0,2026/9/5 11:39,Batch 3 · Blank (0)
426,27.22,58.18,0,2026/9/5 11:40,Batch 3 · Blank (0)
426,27.26,58.53,0,2026/9/5 11:41,Batch 3 · Blank (0)
424,27.25,58.86,0,2026/9/5 11:42,Batch 3 · Blank (0)
423,27.26,59.14,0,2026/9/5 11:43,Batch 3 · Blank (0)
421,27.28,59.35,0,2026/9/5 11:44,Batch 3 · Blank (0)
420,27.28,59.62,0,2026/9/5 11:45,Batch 3 · Blank (0)
421,27.3,59.81,0,2026/9/5 11:46,Batch 3 · Blank (0)
420,27.32,60.11,0,2026/9/5 11:47,Batch 3 · Blank (0)
419,27.33,60.32,0,2026/9/5 11:48,Batch 3 · Blank (0)
417,27.37,60.56,0,2026/9/5 11:49,Batch 3 · Blank (0)
416,27.36,60.71,0,2026/9/5 11:50,Batch 3 · Blank (0)
415,27.37,60.68,0,2026/9/5 11:51,Batch 3 · Blank (0)
413,27.37,61.01,0,2026/9/5 11:52,Batch 3 · Blank (0)
412,27.39,60.99,0,2026/9/5 11:53,Batch 3 · Blank (0)
412,27.44,61.1,0,2026/9/5 11:54,Batch 3 · Blank (0)
410,27.44,61.2,0,2026/9/5 11:55,Batch 3 · Blank (0)
409,27.46,61,0,2026/9/5 11:56,Batch 3 · Blank (0)
406,27.47,60.78,0,2026/9/5 11:57,Batch 3 · Blank (0)
405,27.46,60.44,0,2026/9/5 11:58,Batch 3 · Blank (0)
403,27.44,59.87,0,2026/9/5 11:59,Batch 3 · Blank (0)
404,27.43,59.32,0,2026/9/5 12:00,Batch 3 · Blank (0)
405,27.39,58.7,0,2026/9/5 12:01,Batch 3 · Blank (0)
404,27.33,58.24,0,2026/9/5 12:02,Batch 3 · Blank (0)
402,27.3,57.89,0,2026/9/5 12:03,Batch 3 · Blank (0)
404,27.28,57.79,0,2026/9/5 12:04,Batch 3 · Blank (0)
401,27.25,58.03,0,2026/9/5 12:06,Batch 3 · Blank (0)
399,27.28,58.38,0,2026/9/5 12:07,Batch 3 · Blank (0)
399,27.26,58.73,0,2026/9/5 12:08,Batch 3 · Blank (0)
399,27.26,59.03,0,2026/9/5 12:09,Batch 3 · Blank (0)
396,27.29,59.28,0,2026/9/5 12:10,Batch 3 · Blank (0)
396,27.29,59.53,0,2026/9/5 12:11,Batch 3 · Blank (0)
397,27.29,59.91,0,2026/9/5 12:12,Batch 3 · Blank (0)
397,27.29,60.15,0,2026/9/5 12:13,Batch 3 · Blank (0)
400,27.35,60.29,0,2026/9/5 12:14,Batch 3 · Blank (0)
405,27.33,60.24,0,2026/9/5 12:15,Batch 3 · Blank (0)
408,27.32,60.08,0,2026/9/5 12:16,Batch 3 · Blank (0)
409,27.33,59.94,0,2026/9/5 12:17,Batch 3 · Blank (0)
411,27.35,59.6,0,2026/9/5 12:18,Batch 3 · Blank (0)
413,27.32,59.35,0,2026/9/5 12:19,Batch 3 · Blank (0)
415,27.32,59.01,0,2026/9/5 12:20,Batch 3 · Blank (0)
416,27.3,58.8,0,2026/9/5 12:21,Batch 3 · Blank (0)
418,27.29,58.3,0,2026/9/5 12:22,Batch 3 · Blank (0)
706,26.15,72.73,0,2026/9/4 12:22,Batch 3 · 461
719,26.16,75.98,0,2026/9/4 12:23,Batch 3 · 461
725,26.18,78,0,2026/9/4 12:24,Batch 3 · 461
727,26.19,79.41,0,2026/9/4 12:25,Batch 3 · 461
729,26.18,80.07,0,2026/9/4 12:26,Batch 3 · 461
731,26.25,80.87,0,2026/9/4 12:27,Batch 3 · 461
735,26.26,81.8,0,2026/9/4 12:28,Batch 3 · 461
735,26.3,82.48,0,2026/9/4 12:29,Batch 3 · 461
738,26.32,82.91,0,2026/9/4 12:31,Batch 3 · 461
739,26.36,83.35,0,2026/9/4 12:32,Batch 3 · 461
741,26.37,83.71,0,2026/9/4 12:33,Batch 3 · 461
742,26.4,84.07,0,2026/9/4 12:34,Batch 3 · 461
743,26.43,84.38,0,2026/9/4 12:35,Batch 3 · 461
744,26.48,84.69,0,2026/9/4 12:36,Batch 3 · 461
746,26.5,84.93,0,2026/9/4 12:37,Batch 3 · 461
747,26.54,85.15,0,2026/9/4 12:38,Batch 3 · 461
749,26.55,85.41,0,2026/9/4 12:39,Batch 3 · 461
750,26.58,85.62,0,2026/9/4 12:40,Batch 3 · 461
754,26.62,85.78,0,2026/9/4 12:41,Batch 3 · 461
755,26.64,85.94,0,2026/9/4 12:42,Batch 3 · 461
756,26.68,86.09,0,2026/9/4 12:43,Batch 3 · 461
759,26.71,86.23,0,2026/9/4 12:44,Batch 3 · 461
762,26.72,86.34,0,2026/9/4 12:45,Batch 3 · 461
763,26.76,86.44,0,2026/9/4 12:46,Batch 3 · 461
765,26.78,86.55,0,2026/9/4 12:47,Batch 3 · 461
769,26.82,86.68,0,2026/9/4 12:48,Batch 3 · 461
770,26.84,86.79,0,2026/9/4 12:49,Batch 3 · 461
771,26.88,86.85,0,2026/9/4 12:50,Batch 3 · 461
773,26.92,86.93,0,2026/9/4 12:51,Batch 3 · 461
776,26.93,87.02,0,2026/9/4 12:52,Batch 3 · 461
777,26.97,87.09,6,2026/9/4 12:53,Batch 3 · 461
780,26.97,87.15,7,2026/9/4 12:54,Batch 3 · 461
782,27.02,87.17,7,2026/9/4 12:55,Batch 3 · 461
783,27.02,87.25,8,2026/9/4 12:56,Batch 3 · 461
785,27.03,87.35,9,2026/9/4 12:57,Batch 3 · 461
790,27.09,87.38,10,2026/9/4 12:58,Batch 3 · 461
791,27.09,87.43,11,2026/9/4 12:59,Batch 3 · 461
792,27.13,87.51,11,2026/9/4 13:00,Batch 3 · 461
793,27.13,87.55,12,2026/9/4 13:01,Batch 3 · 461
796,27.17,87.61,13,2026/9/4 13:02,Batch 3 · 461
797,27.16,87.63,14,2026/9/4 13:03,Batch 3 · 461
798,27.17,87.67,15,2026/9/4 13:04,Batch 3 · 461
801,27.2,87.73,16,2026/9/4 13:05,Batch 3 · 461
804,27.23,87.73,17,2026/9/4 13:06,Batch 3 · 461
805,27.23,87.78,19,2026/9/4 13:07,Batch 3 · 461
807,27.24,87.79,20,2026/9/4 13:08,Batch 3 · 461
811,27.26,87.87,21,2026/9/4 13:09,Batch 3 · 461
813,27.31,87.93,22,2026/9/4 13:10,Batch 3 · 461
815,27.3,87.93,23,2026/9/4 13:11,Batch 3 · 461
817,27.3,87.9,24,2026/9/4 13:12,Batch 3 · 461
818,27.31,87.93,25,2026/9/4 13:13,Batch 3 · 461
819,27.33,88.01,27,2026/9/4 13:14,Batch 3 · 461
822,27.34,88.03,28,2026/9/4 13:15,Batch 3 · 461
824,27.35,88.08,29,2026/9/4 13:16,Batch 3 · 461
827,27.35,88.09,31,2026/9/4 13:17,Batch 3 · 461
830,27.34,88.11,32,2026/9/4 13:18,Batch 3 · 461
830,27.38,88.15,33,2026/9/4 13:19,Batch 3 · 461
832,27.4,88.13,35,2026/9/4 13:20,Batch 3 · 461
834,27.4,88.19,36,2026/9/4 13:21,Batch 3 · 461
839,27.44,88.25,37,2026/9/4 13:22,Batch 3 · 461
841,27.41,88.29,39,2026/9/4 13:23,Batch 3 · 461
842,27.44,88.28,41,2026/9/4 13:24,Batch 3 · 461
843,27.47,88.32,42,2026/9/4 13:25,Batch 3 · 461
845,27.47,88.31,44,2026/9/4 13:26,Batch 3 · 461
848,27.51,88.37,45,2026/9/4 13:27,Batch 3 · 461
849,27.51,88.37,47,2026/9/4 13:28,Batch 3 · 461
851,27.52,88.35,48,2026/9/4 13:29,Batch 3 · 461
854,27.55,88.41,50,2026/9/4 13:30,Batch 3 · 461
855,27.54,88.37,52,2026/9/4 13:31,Batch 3 · 461
857,27.58,88.44,53,2026/9/4 13:32,Batch 3 · 461
859,27.59,88.43,55,2026/9/4 13:33,Batch 3 · 461
862,27.59,88.45,57,2026/9/4 13:34,Batch 3 · 461
864,27.62,88.47,58,2026/9/4 13:35,Batch 3 · 461
864,27.63,88.48,60,2026/9/4 13:36,Batch 3 · 461
866,27.65,88.48,62,2026/9/4 13:37,Batch 3 · 461
870,27.66,88.48,63,2026/9/4 13:38,Batch 3 · 461
873,27.68,88.52,65,2026/9/4 13:39,Batch 3 · 461
875,27.69,88.48,67,2026/9/4 13:40,Batch 3 · 461
878,27.7,88.51,69,2026/9/4 13:41,Batch 3 · 461
879,27.7,88.46,70,2026/9/4 13:42,Batch 3 · 461
882,27.76,88.47,72,2026/9/4 13:43,Batch 3 · 461
884,27.74,88.47,74,2026/9/4 13:44,Batch 3 · 461
886,27.79,88.52,76,2026/9/4 13:45,Batch 3 · 461
890,27.79,88.49,78,2026/9/4 13:46,Batch 3 · 461
892,27.79,88.51,80,2026/9/4 13:47,Batch 3 · 461
895,27.79,88.48,81,2026/9/4 13:48,Batch 3 · 461
899,27.79,88.51,84,2026/9/4 13:49,Batch 3 · 461
901,27.82,88.5,86,2026/9/4 13:50,Batch 3 · 461
904,27.82,88.48,87,2026/9/4 13:51,Batch 3 · 461
907,27.85,88.46,89,2026/9/4 13:52,Batch 3 · 461
909,27.83,88.51,91,2026/9/4 13:53,Batch 3 · 461
911,27.85,88.52,92,2026/9/4 13:54,Batch 3 · 461
913,27.85,88.49,95,2026/9/4 13:55,Batch 3 · 461
917,27.86,88.47,97,2026/9/4 13:56,Batch 3 · 461
918,27.85,88.49,98,2026/9/4 13:57,Batch 3 · 461
919,27.87,88.53,100,2026/9/4 13:58,Batch 3 · 461
923,27.86,88.5,101,2026/9/4 13:59,Batch 3 · 461
927,27.86,88.51,103,2026/9/4 14:00,Batch 3 · 461
929,27.89,88.53,105,2026/9/4 14:01,Batch 3 · 461
931,27.87,88.51,106,2026/9/4 14:02,Batch 3 · 461
935,27.87,88.5,108,2026/9/4 14:03,Batch 3 · 461
935,27.89,88.48,110,2026/9/4 14:04,Batch 3 · 461
938,27.89,88.49,111,2026/9/4 14:05,Batch 3 · 461
939,27.89,88.53,114,2026/9/4 14:06,Batch 3 · 461
942,27.89,88.52,115,2026/9/4 14:07,Batch 3 · 461
945,27.89,88.53,116,2026/9/4 14:08,Batch 3 · 461
949,27.87,88.5,118,2026/9/4 14:09,Batch 3 · 461
953,27.9,88.53,120,2026/9/4 14:10,Batch 3 · 461
954,27.89,88.5,121,2026/9/4 14:11,Batch 3 · 461
957,27.89,88.53,122,2026/9/4 14:12,Batch 3 · 461
959,27.87,88.52,124,2026/9/4 14:13,Batch 3 · 461
962,27.87,88.53,126,2026/9/4 14:14,Batch 3 · 461
964,27.89,88.54,127,2026/9/4 14:15,Batch 3 · 461
967,27.86,88.54,130,2026/9/4 14:16,Batch 3 · 461
970,27.87,88.54,130,2026/9/4 14:17,Batch 3 · 461
975,27.87,88.56,133,2026/9/4 14:18,Batch 3 · 461
976,27.89,88.57,133,2026/9/4 14:19,Batch 3 · 461
978,27.89,88.59,135,2026/9/4 14:20,Batch 3 · 461
977,27.87,88.63,136,2026/9/4 14:21,Batch 3 · 461
982,27.87,88.57,138,2026/9/4 14:22,Batch 3 · 461
984,27.9,88.59,139,2026/9/4 14:23,Batch 3 · 461
986,27.87,88.63,140,2026/9/4 14:24,Batch 3 · 461
989,27.87,88.63,141,2026/9/4 14:25,Batch 3 · 461
992,27.9,88.64,142,2026/9/4 14:26,Batch 3 · 461
995,27.86,88.61,144,2026/9/4 14:27,Batch 3 · 461
993,27.9,88.67,146,2026/9/4 14:28,Batch 3 · 461
996,27.92,88.65,147,2026/9/4 14:29,Batch 3 · 461
1000,27.92,88.68,148,2026/9/4 14:30,Batch 3 · 461
1002,27.92,88.69,150,2026/9/4 14:31,Batch 3 · 461
1004,27.94,88.68,150,2026/9/4 14:32,Batch 3 · 461
1007,27.93,88.71,152,2026/9/4 14:33,Batch 3 · 461
1008,27.94,88.71,154,2026/9/4 14:34,Batch 3 · 461
1012,27.94,88.7,154,2026/9/4 14:35,Batch 3 · 461
1013,27.96,88.72,156,2026/9/4 14:36,Batch 3 · 461
1016,27.96,88.69,157,2026/9/4 14:37,Batch 3 · 461
1016,27.97,88.74,159,2026/9/4 14:38,Batch 3 · 461
1019,28,88.7,159,2026/9/4 14:39,Batch 3 · 461
1019,27.97,88.71,161,2026/9/4 14:40,Batch 3 · 461
1022,28.01,88.71,163,2026/9/4 14:41,Batch 3 · 461
1026,28.01,88.69,164,2026/9/4 14:42,Batch 3 · 461
1031,28.03,88.68,165,2026/9/4 14:43,Batch 3 · 461
1033,28.04,88.65,166,2026/9/4 14:44,Batch 3 · 461
1035,28.04,88.71,167,2026/9/4 14:45,Batch 3 · 461
1038,28.04,88.69,169,2026/9/4 14:46,Batch 3 · 461
1039,28.03,88.62,170,2026/9/4 14:47,Batch 3 · 461
1042,28.04,88.67,171,2026/9/4 14:48,Batch 3 · 461
1041,28.03,88.67,172,2026/9/4 14:49,Batch 3 · 461
1045,28.04,88.63,173,2026/9/4 14:50,Batch 3 · 461
1046,28.04,88.66,174,2026/9/4 14:51,Batch 3 · 461
1049,28.04,88.65,176,2026/9/4 14:52,Batch 3 · 461
1052,28.04,88.67,176,2026/9/4 14:53,Batch 3 · 461
1056,28.06,88.69,178,2026/9/4 14:54,Batch 3 · 461
1055,28.08,88.68,179,2026/9/4 14:55,Batch 3 · 461
1056,28.11,88.7,179,2026/9/4 14:56,Batch 3 · 461
1061,28.07,88.69,180,2026/9/4 14:57,Batch 3 · 461
1063,28.08,88.68,181,2026/9/4 14:58,Batch 3 · 461
1068,28.1,88.67,182,2026/9/4 14:59,Batch 3 · 461
1068,28.07,88.72,183,2026/9/4 15:01,Batch 3 · 461
1070,28.08,88.67,184,2026/9/4 15:02,Batch 3 · 461
1073,28.11,88.71,185,2026/9/4 15:03,Batch 3 · 461
1076,28.13,88.73,186,2026/9/4 15:04,Batch 3 · 461
1079,28.11,88.7,187,2026/9/4 15:05,Batch 3 · 461
1080,28.14,88.68,188,2026/9/4 15:06,Batch 3 · 461
1079,28.17,88.68,189,2026/9/4 15:07,Batch 3 · 461
1082,28.14,88.68,190,2026/9/4 15:08,Batch 3 · 461
1086,28.17,88.7,191,2026/9/4 15:09,Batch 3 · 461
1090,28.16,88.69,192,2026/9/4 15:10,Batch 3 · 461
1091,28.17,88.67,193,2026/9/4 15:11,Batch 3 · 461
1093,28.17,88.65,194,2026/9/4 15:12,Batch 3 · 461
1095,28.18,88.66,195,2026/9/4 15:13,Batch 3 · 461
1098,28.18,88.69,195,2026/9/4 15:14,Batch 3 · 461
1100,28.17,88.62,196,2026/9/4 15:15,Batch 3 · 461
1103,28.17,88.65,198,2026/9/4 15:16,Batch 3 · 461
1105,28.2,88.66,198,2026/9/4 15:17,Batch 3 · 461
1107,28.2,88.65,199,2026/9/4 15:18,Batch 3 · 461
1107,28.21,88.68,200,2026/9/4 15:19,Batch 3 · 461
1110,28.2,88.67,200,2026/9/4 15:20,Batch 3 · 461
1113,28.2,88.64,202,2026/9/4 15:21,Batch 3 · 461
1115,28.21,88.66,202,2026/9/4 15:22,Batch 3 · 461
1116,28.21,88.66,202,2026/9/4 15:23,Batch 3 · 461
1118,28.21,88.69,203,2026/9/4 15:24,Batch 3 · 461
1123,28.21,88.65,204,2026/9/4 15:25,Batch 3 · 461
1124,28.22,88.7,205,2026/9/4 15:26,Batch 3 · 461
1126,28.22,88.67,206,2026/9/4 15:27,Batch 3 · 461
1129,28.22,88.69,206,2026/9/4 15:28,Batch 3 · 461
1130,28.22,88.66,206,2026/9/4 15:29,Batch 3 · 461
1133,28.25,88.68,207,2026/9/4 15:30,Batch 3 · 461
1134,28.25,88.69,208,2026/9/4 15:31,Batch 3 · 461
1138,28.25,88.69,208,2026/9/4 15:32,Batch 3 · 461
1139,28.25,88.7,209,2026/9/4 15:33,Batch 3 · 461
1142,28.25,88.67,210,2026/9/4 15:34,Batch 3 · 461
1144,28.25,88.7,210,2026/9/4 15:35,Batch 3 · 461
1145,28.28,88.68,210,2026/9/4 15:36,Batch 3 · 461
1147,28.27,88.67,211,2026/9/4 15:37,Batch 3 · 461
1149,28.28,88.66,212,2026/9/4 15:38,Batch 3 · 461
1149,28.28,88.66,213,2026/9/4 15:39,Batch 3 · 461
1151,28.28,88.62,213,2026/9/4 15:40,Batch 3 · 461
1153,28.31,88.63,214,2026/9/4 15:41,Batch 3 · 461
1157,28.3,88.64,214,2026/9/4 15:42,Batch 3 · 461
1158,28.31,88.63,214,2026/9/4 15:43,Batch 3 · 461
1164,28.3,88.64,215,2026/9/4 15:44,Batch 3 · 461
1164,28.3,88.62,215,2026/9/4 15:45,Batch 3 · 461
1168,28.3,88.6,216,2026/9/4 15:46,Batch 3 · 461
1170,28.31,88.64,216,2026/9/4 15:47,Batch 3 · 461
1173,28.28,88.65,216,2026/9/4 15:48,Batch 3 · 461
1176,28.31,88.6,217,2026/9/4 15:49,Batch 3 · 461
1176,28.28,88.6,217,2026/9/4 15:50,Batch 3 · 461
1179,28.3,88.6,217,2026/9/4 15:51,Batch 3 · 461
1182,28.3,88.64,218,2026/9/4 15:52,Batch 3 · 461
1185,28.28,88.6,218,2026/9/4 15:53,Batch 3 · 461
1185,28.3,88.58,218,2026/9/4 15:54,Batch 3 · 461
1185,28.28,88.59,218,2026/9/4 15:55,Batch 3 · 461
1186,28.27,88.59,218,2026/9/4 15:56,Batch 3 · 461
1189,28.3,88.58,218,2026/9/4 15:57,Batch 3 · 461
1191,28.28,88.55,218,2026/9/4 15:58,Batch 3 · 461
1196,28.28,88.58,218,2026/9/4 15:59,Batch 3 · 461
1197,28.28,88.55,218,2026/9/4 16:00,Batch 3 · 461
1199,28.28,88.56,218,2026/9/4 16:01,Batch 3 · 461
1202,28.24,88.58,218,2026/9/4 16:02,Batch 3 · 461
1203,28.27,88.59,218,2026/9/4 16:03,Batch 3 · 461
1206,28.27,88.6,218,2026/9/4 16:04,Batch 3 · 461
1208,28.27,88.6,218,2026/9/4 16:05,Batch 3 · 461
1210,28.27,88.61,218,2026/9/4 16:06,Batch 3 · 461
1212,28.25,88.65,218,2026/9/4 16:07,Batch 3 · 461
1213,28.25,88.6,218,2026/9/4 16:08,Batch 3 · 461
1213,28.28,88.66,218,2026/9/4 16:09,Batch 3 · 461
1217,28.25,88.65,218,2026/9/4 16:10,Batch 3 · 461
1218,28.28,88.64,218,2026/9/4 16:11,Batch 3 · 461
1222,28.25,88.66,218,2026/9/4 16:12,Batch 3 · 461
1225,28.28,88.66,218,2026/9/4 16:13,Batch 3 · 461
1228,28.3,88.66,218,2026/9/4 16:14,Batch 3 · 461
1229,28.28,88.68,218,2026/9/4 16:15,Batch 3 · 461
1231,28.31,88.67,218,2026/9/4 16:16,Batch 3 · 461
1235,28.28,88.68,218,2026/9/4 16:17,Batch 3 · 461
1233,28.32,88.69,218,2026/9/4 16:18,Batch 3 · 461
1235,28.32,88.66,218,2026/9/4 16:19,Batch 3 · 461
1238,28.34,88.67,218,2026/9/4 16:20,Batch 3 · 461
1240,28.31,88.66,218,2026/9/4 16:21,Batch 3 · 461
1243,28.32,88.66,218,2026/9/4 16:22,Batch 3 · 461
1239,28.34,88.65,218,2026/9/4 16:23,Batch 3 · 461
1239,28.35,88.66,218,2026/9/4 16:24,Batch 3 · 461
1240,28.34,88.64,218,2026/9/4 16:25,Batch 3 · 461
1245,28.38,88.67,218,2026/9/4 16:26,Batch 3 · 461
1247,28.37,88.62,218,2026/9/4 16:27,Batch 3 · 461
1249,28.32,88.6,218,2026/9/4 16:28,Batch 3 · 461
1251,28.34,88.62,218,2026/9/4 16:29,Batch 3 · 461
1253,28.35,88.63,218,2026/9/4 16:30,Batch 3 · 461
1255,28.35,88.59,218,2026/9/4 16:31,Batch 3 · 461
1258,28.37,88.6,219,2026/9/4 16:32,Batch 3 · 461
1262,28.38,88.6,218,2026/9/4 16:33,Batch 3 · 461
1261,28.35,88.56,218,2026/9/4 16:34,Batch 3 · 461
1265,28.38,88.57,218,2026/9/4 16:35,Batch 3 · 461
1266,28.37,88.57,218,2026/9/4 16:36,Batch 3 · 461
1267,28.37,88.55,219,2026/9/4 16:37,Batch 3 · 461
1267,28.37,88.55,218,2026/9/4 16:38,Batch 3 · 461
1271,28.37,88.53,218,2026/9/4 16:39,Batch 3 · 461
1274,28.38,88.58,218,2026/9/4 16:40,Batch 3 · 461
1276,28.38,88.55,218,2026/9/4 16:41,Batch 3 · 461
1278,28.37,88.54,218,2026/9/4 16:42,Batch 3 · 461
1280,28.38,88.56,218,2026/9/4 16:43,Batch 3 · 461
1280,28.41,88.57,218,2026/9/4 16:44,Batch 3 · 461
1282,28.38,88.55,218,2026/9/4 16:45,Batch 3 · 461
1286,28.35,88.54,218,2026/9/4 16:46,Batch 3 · 461
1289,28.4,88.57,218,2026/9/4 16:47,Batch 3 · 461
1291,28.37,88.54,218,2026/9/4 16:48,Batch 3 · 461
1293,28.37,88.55,218,2026/9/4 16:49,Batch 3 · 461
1293,28.34,88.54,218,2026/9/4 16:50,Batch 3 · 461
1297,28.38,88.56,217,2026/9/4 16:51,Batch 3 · 461
1297,28.35,88.54,217,2026/9/4 16:52,Batch 3 · 461
1301,28.38,88.56,217,2026/9/4 16:53,Batch 3 · 461
1302,28.38,88.57,217,2026/9/4 16:54,Batch 3 · 461
1305,28.4,88.57,217,2026/9/4 16:55,Batch 3 · 461
1306,28.38,88.56,216,2026/9/4 16:56,Batch 3 · 461
1307,28.38,88.57,216,2026/9/4 16:57,Batch 3 · 461
1309,28.38,88.56,216,2026/9/4 16:58,Batch 3 · 461
1311,28.38,88.52,216,2026/9/4 16:59,Batch 3 · 461
1312,28.37,88.53,215,2026/9/4 17:00,Batch 3 · 461
1315,28.38,88.48,215,2026/9/4 17:01,Batch 3 · 461
1317,28.37,88.5,215,2026/9/4 17:02,Batch 3 · 461
1320,28.38,88.54,215,2026/9/4 17:03,Batch 3 · 461
1321,28.37,88.55,215,2026/9/4 17:04,Batch 3 · 461
1323,28.37,88.55,214,2026/9/4 17:06,Batch 3 · 461
1325,28.37,88.53,214,2026/9/4 17:07,Batch 3 · 461
1325,28.38,88.53,214,2026/9/4 17:08,Batch 3 · 461
1327,28.37,88.56,214,2026/9/4 17:09,Batch 3 · 461
1330,28.37,88.55,214,2026/9/4 17:10,Batch 3 · 461
1333,28.38,88.54,214,2026/9/4 17:11,Batch 3 · 461
1334,28.34,88.52,214,2026/9/4 17:12,Batch 3 · 461
1334,28.35,88.55,214,2026/9/4 17:13,Batch 3 · 461
1338,28.35,88.53,213,2026/9/4 17:14,Batch 3 · 461
1339,28.38,88.52,213,2026/9/4 17:15,Batch 3 · 461
1341,28.37,88.55,213,2026/9/4 17:16,Batch 3 · 461
1343,28.35,88.49,213,2026/9/4 17:17,Batch 3 · 461
1346,28.37,88.5,212,2026/9/4 17:18,Batch 3 · 461
1345,28.35,88.51,212,2026/9/4 17:19,Batch 3 · 461
1349,28.37,88.5,212,2026/9/4 17:20,Batch 3 · 461
1351,28.34,88.5,212,2026/9/4 17:21,Batch 3 · 461
1352,28.32,88.51,211,2026/9/4 17:22,Batch 3 · 461
1354,28.32,88.51,211,2026/9/4 17:23,Batch 3 · 461
1356,28.32,88.52,210,2026/9/4 17:24,Batch 3 · 461
1355,28.34,88.52,210,2026/9/4 17:25,Batch 3 · 461
1358,28.34,88.52,210,2026/9/4 17:26,Batch 3 · 461
1362,28.32,88.53,210,2026/9/4 17:27,Batch 3 · 461
1363,28.32,88.55,210,2026/9/4 17:28,Batch 3 · 461
1365,28.31,88.54,209,2026/9/4 17:29,Batch 3 · 461
1367,28.31,88.59,209,2026/9/4 17:30,Batch 3 · 461
1368,28.32,88.58,209,2026/9/4 17:31,Batch 3 · 461
1370,28.34,88.55,208,2026/9/4 17:32,Batch 3 · 461
1372,28.35,88.59,208,2026/9/4 17:33,Batch 3 · 461
1373,28.35,88.57,207,2026/9/4 17:34,Batch 3 · 461
1376,28.34,88.6,207,2026/9/4 17:35,Batch 3 · 461
1379,28.35,88.6,207,2026/9/4 17:36,Batch 3 · 461
1379,28.35,88.62,207,2026/9/4 17:37,Batch 3 · 461
1383,28.37,88.62,206,2026/9/4 17:38,Batch 3 · 461
1384,28.4,88.63,206,2026/9/4 17:39,Batch 3 · 461
1389,28.37,88.64,206,2026/9/4 17:40,Batch 3 · 461
1388,28.38,88.64,206,2026/9/4 17:41,Batch 3 · 461
1392,28.38,88.63,206,2026/9/4 17:42,Batch 3 · 461
1388,28.38,88.61,206,2026/9/4 17:43,Batch 3 · 461
1391,28.4,88.6,206,2026/9/4 17:44,Batch 3 · 461
1395,28.41,88.57,206,2026/9/4 17:45,Batch 3 · 461
1397,28.44,88.6,206,2026/9/4 17:46,Batch 3 · 461
1399,28.42,88.56,205,2026/9/4 17:47,Batch 3 · 461
1401,28.44,88.57,205,2026/9/4 17:48,Batch 3 · 461
1401,28.41,88.59,204,2026/9/4 17:49,Batch 3 · 461
1404,28.41,88.56,204,2026/9/4 17:50,Batch 3 · 461
1406,28.41,88.54,204,2026/9/4 17:51,Batch 3 · 461
1407,28.44,88.59,204,2026/9/4 17:52,Batch 3 · 461
1411,28.45,88.56,203,2026/9/4 17:53,Batch 3 · 461
1410,28.42,88.49,203,2026/9/4 17:54,Batch 3 · 461
1413,28.42,88.52,203,2026/9/4 17:55,Batch 3 · 461
1416,28.41,88.52,202,2026/9/4 17:56,Batch 3 · 461
1416,28.41,88.5,202,2026/9/4 17:57,Batch 3 · 461
1419,28.41,88.48,202,2026/9/4 17:58,Batch 3 · 461
1422,28.42,88.53,202,2026/9/4 17:59,Batch 3 · 461
1421,28.42,88.56,201,2026/9/4 18:00,Batch 3 · 461
1425,28.42,88.53,201,2026/9/4 18:01,Batch 3 · 461
1425,28.42,88.55,200,2026/9/4 18:02,Batch 3 · 461
1427,28.42,88.53,200,2026/9/4 18:03,Batch 3 · 461
1430,28.41,88.56,199,2026/9/4 18:04,Batch 3 · 461
1432,28.44,88.52,199,2026/9/4 18:05,Batch 3 · 461
1435,28.42,88.55,198,2026/9/4 18:06,Batch 3 · 461
1433,28.44,88.57,198,2026/9/4 18:07,Batch 3 · 461
1434,28.44,88.54,198,2026/9/4 18:08,Batch 3 · 461
1438,28.46,88.58,198,2026/9/4 18:09,Batch 3 · 461
1441,28.42,88.55,198,2026/9/4 18:10,Batch 3 · 461
1441,28.44,88.56,197,2026/9/4 18:11,Batch 3 · 461
1443,28.45,88.54,196,2026/9/4 18:12,Batch 3 · 461
1446,28.45,88.54,196,2026/9/4 18:13,Batch 3 · 461
1446,28.44,88.58,195,2026/9/4 18:14,Batch 3 · 461
1450,28.45,88.57,195,2026/9/4 18:15,Batch 3 · 461
1451,28.46,88.6,195,2026/9/4 18:16,Batch 3 · 461
1452,28.48,88.57,195,2026/9/4 18:17,Batch 3 · 461
1456,28.48,88.58,195,2026/9/4 18:18,Batch 3 · 461
1457,28.48,88.55,194,2026/9/4 18:19,Batch 3 · 461
1457,28.52,88.6,194,2026/9/4 18:20,Batch 3 · 461
1460,28.53,88.58,193,2026/9/4 18:21,Batch 3 · 461
1461,28.52,88.6,193,2026/9/4 18:22,Batch 3 · 461
1462,28.53,88.57,193,2026/9/4 18:23,Batch 3 · 461
1466,28.53,88.53,192,2026/9/4 18:24,Batch 3 · 461
1469,28.53,88.52,192,2026/9/4 18:25,Batch 3 · 461
1467,28.5,88.55,191,2026/9/4 18:26,Batch 3 · 461
1470,28.55,88.52,191,2026/9/4 18:27,Batch 3 · 461
1472,28.55,88.5,191,2026/9/4 18:28,Batch 3 · 461
1470,28.53,88.51,190,2026/9/4 18:29,Batch 3 · 461
1475,28.55,88.5,190,2026/9/4 18:30,Batch 3 · 461
1477,28.55,88.48,189,2026/9/4 18:31,Batch 3 · 461
1477,28.56,88.46,189,2026/9/4 18:32,Batch 3 · 461
1479,28.52,88.47,188,2026/9/4 18:33,Batch 3 · 461
1481,28.53,88.45,187,2026/9/4 18:34,Batch 3 · 461
1482,28.56,88.46,187,2026/9/4 18:35,Batch 3 · 461
1484,28.52,88.47,187,2026/9/4 18:36,Batch 3 · 461
1487,28.55,88.47,187,2026/9/4 18:37,Batch 3 · 461
1489,28.55,88.48,185,2026/9/4 18:38,Batch 3 · 461
1489,28.52,88.48,185,2026/9/4 18:39,Batch 3 · 461
1490,28.53,88.47,184,2026/9/4 18:40,Batch 3 · 461
1492,28.55,88.49,183,2026/9/4 18:41,Batch 3 · 461
1493,28.5,88.44,183,2026/9/4 18:42,Batch 3 · 461
1500,28.53,88.48,183,2026/9/4 18:43,Batch 3 · 461
1501,28.52,88.49,182,2026/9/4 18:44,Batch 3 · 461
1504,28.55,88.49,182,2026/9/4 18:45,Batch 3 · 461
1503,28.53,88.5,181,2026/9/4 18:46,Batch 3 · 461
1502,28.52,88.5,181,2026/9/4 18:47,Batch 3 · 461
1507,28.53,88.5,180,2026/9/4 18:48,Batch 3 · 461
1504,28.55,88.52,180,2026/9/4 18:49,Batch 3 · 461
1508,28.53,88.49,180,2026/9/4 18:50,Batch 3 · 461
1509,28.55,88.51,179,2026/9/4 18:51,Batch 3 · 461
1511,28.55,88.48,179,2026/9/4 18:52,Batch 3 · 461
1515,28.56,88.52,178,2026/9/4 18:53,Batch 3 · 461
1514,28.59,88.53,178,2026/9/4 18:54,Batch 3 · 461
1515,28.58,88.53,177,2026/9/4 18:55,Batch 3 · 461
1516,28.56,88.52,177,2026/9/4 18:56,Batch 3 · 461
1518,28.56,88.51,176,2026/9/4 18:57,Batch 3 · 461
1521,28.59,88.53,176,2026/9/4 18:58,Batch 3 · 461
1524,28.59,88.51,175,2026/9/4 18:59,Batch 3 · 461
1523,28.56,88.5,175,2026/9/4 19:00,Batch 3 · 461
1526,28.59,88.47,174,2026/9/4 19:01,Batch 3 · 461
1524,28.58,88.48,174,2026/9/4 19:02,Batch 3 · 461
1528,28.6,88.5,173,2026/9/4 19:03,Batch 3 · 461
1530,28.58,88.48,173,2026/9/4 19:04,Batch 3 · 461
1533,28.6,88.44,172,2026/9/4 19:05,Batch 3 · 461
1535,28.62,88.47,172,2026/9/4 19:06,Batch 3 · 461
1535,28.58,88.45,171,2026/9/4 19:07,Batch 3 · 461
1538,28.59,88.47,171,2026/9/4 19:08,Batch 3 · 461
1540,28.58,88.42,170,2026/9/4 19:09,Batch 3 · 461
1541,28.6,88.44,170,2026/9/4 19:10,Batch 3 · 461
1544,28.58,88.42,169,2026/9/4 19:11,Batch 3 · 461
1544,28.58,88.44,168,2026/9/4 19:12,Batch 3 · 461
1545,28.55,88.42,168,2026/9/4 19:13,Batch 3 · 461
1547,28.56,88.44,166,2026/9/4 19:14,Batch 3 · 461
1547,28.55,88.41,166,2026/9/4 19:15,Batch 3 · 461
1551,28.56,88.42,165,2026/9/4 19:16,Batch 3 · 461
1554,28.53,88.43,165,2026/9/4 19:18,Batch 3 · 461
1553,28.53,88.43,164,2026/9/4 19:19,Batch 3 · 461
1557,28.53,88.45,164,2026/9/4 19:20,Batch 3 · 461
1561,28.52,88.46,163,2026/9/4 19:21,Batch 3 · 461
1560,28.52,88.46,163,2026/9/4 19:22,Batch 3 · 461
1564,28.52,88.49,162,2026/9/4 19:23,Batch 3 · 461
1562,28.5,88.46,161,2026/9/4 19:24,Batch 3 · 461
1565,28.52,88.5,160,2026/9/4 19:25,Batch 3 · 461
1565,28.52,88.5,159,2026/9/4 19:26,Batch 3 · 461
1568,28.5,88.47,159,2026/9/4 19:27,Batch 3 · 461
1570,28.5,88.47,159,2026/9/4 19:28,Batch 3 · 461
1572,28.49,88.49,158,2026/9/4 19:29,Batch 3 · 461
1573,28.52,88.5,158,2026/9/4 19:30,Batch 3 · 461
1576,28.5,88.47,157,2026/9/4 19:31,Batch 3 · 461
1576,28.53,88.52,156,2026/9/4 19:32,Batch 3 · 461
1580,28.53,88.49,156,2026/9/4 19:33,Batch 3 · 461
1578,28.55,88.52,156,2026/9/4 19:34,Batch 3 · 461
1580,28.53,88.54,154,2026/9/4 19:35,Batch 3 · 461
1583,28.53,88.53,154,2026/9/4 19:36,Batch 3 · 461
1582,28.55,88.52,154,2026/9/4 19:37,Batch 3 · 461
1585,28.55,88.52,154,2026/9/4 19:38,Batch 3 · 461
1586,28.56,88.53,153,2026/9/4 19:39,Batch 3 · 461
1588,28.56,88.49,153,2026/9/4 19:40,Batch 3 · 461
1589,28.55,88.51,152,2026/9/4 19:41,Batch 3 · 461
1593,28.56,88.49,151,2026/9/4 19:42,Batch 3 · 461
1594,28.56,88.47,151,2026/9/4 19:43,Batch 3 · 461
1594,28.56,88.47,150,2026/9/4 19:44,Batch 3 · 461
1594,28.53,88.47,150,2026/9/4 19:45,Batch 3 · 461
1597,28.56,88.43,150,2026/9/4 19:46,Batch 3 · 461
1598,28.55,88.45,150,2026/9/4 19:47,Batch 3 · 461
1599,28.55,88.45,149,2026/9/4 19:48,Batch 3 · 461
1602,28.53,88.46,148,2026/9/4 19:49,Batch 3 · 461
1606,28.52,88.44,147,2026/9/4 19:50,Batch 3 · 461
1606,28.5,88.39,147,2026/9/4 19:51,Batch 3 · 461
1608,28.52,88.45,146,2026/9/4 19:52,Batch 3 · 461
1608,28.53,88.46,146,2026/9/4 19:53,Batch 3 · 461
1611,28.53,88.48,146,2026/9/4 19:54,Batch 3 · 461
1614,28.5,88.47,145,2026/9/4 19:55,Batch 3 · 461
1612,28.5,88.47,144,2026/9/4 19:56,Batch 3 · 461
1614,28.52,88.5,144,2026/9/4 19:57,Batch 3 · 461
1616,28.53,88.5,144,2026/9/4 19:58,Batch 3 · 461
1616,28.48,88.48,143,2026/9/4 19:59,Batch 3 · 461
1618,28.52,88.54,142,2026/9/4 20:00,Batch 3 · 461
1621,28.49,88.47,142,2026/9/4 20:01,Batch 3 · 461
1622,28.53,88.53,142,2026/9/4 20:02,Batch 3 · 461
1624,28.52,88.5,141,2026/9/4 20:03,Batch 3 · 461
1626,28.5,88.5,141,2026/9/4 20:04,Batch 3 · 461
1627,28.52,88.5,141,2026/9/4 20:05,Batch 3 · 461
1627,28.53,88.57,140,2026/9/4 20:06,Batch 3 · 461
1631,28.55,88.56,139,2026/9/4 20:07,Batch 3 · 461
1631,28.52,88.48,139,2026/9/4 20:08,Batch 3 · 461
1632,28.53,88.55,139,2026/9/4 20:09,Batch 3 · 461
1635,28.55,88.51,138,2026/9/4 20:10,Batch 3 · 461
1632,28.52,88.54,138,2026/9/4 20:11,Batch 3 · 461
1637,28.58,88.56,138,2026/9/4 20:12,Batch 3 · 461
1639,28.56,88.54,137,2026/9/4 20:13,Batch 3 · 461
1642,28.58,88.55,136,2026/9/4 20:14,Batch 3 · 461
1641,28.59,88.55,136,2026/9/4 20:15,Batch 3 · 461
1643,28.58,88.54,136,2026/9/4 20:16,Batch 3 · 461
1647,28.59,88.54,136,2026/9/4 20:17,Batch 3 · 461
1648,28.6,88.52,136,2026/9/4 20:18,Batch 3 · 461
1650,28.6,88.51,135,2026/9/4 20:19,Batch 3 · 461
1651,28.62,88.49,134,2026/9/4 20:20,Batch 3 · 461
1651,28.6,88.49,134,2026/9/4 20:21,Batch 3 · 461
1652,28.59,88.5,133,2026/9/4 20:22,Batch 3 · 461
1656,28.62,88.45,133,2026/9/4 20:23,Batch 3 · 461
1660,28.6,88.45,133,2026/9/4 20:24,Batch 3 · 461
1659,28.62,88.46,133,2026/9/4 20:25,Batch 3 · 461
1664,28.59,88.44,132,2026/9/4 20:26,Batch 3 · 461
1663,28.59,88.46,131,2026/9/4 20:27,Batch 3 · 461
1666,28.59,88.43,131,2026/9/4 20:28,Batch 3 · 461
1666,28.6,88.48,130,2026/9/4 20:29,Batch 3 · 461
1668,28.59,88.46,130,2026/9/4 20:30,Batch 3 · 461
1668,28.56,88.45,130,2026/9/4 20:31,Batch 3 · 461
1671,28.56,88.45,130,2026/9/4 20:32,Batch 3 · 461
1674,28.56,88.44,129,2026/9/4 20:33,Batch 3 · 461
1673,28.58,88.46,128,2026/9/4 20:34,Batch 3 · 461
1677,28.56,88.46,128,2026/9/4 20:35,Batch 3 · 461
1679,28.58,88.48,127,2026/9/4 20:36,Batch 3 · 461
1678,28.59,88.49,127,2026/9/4 20:37,Batch 3 · 461
1683,28.6,88.47,127,2026/9/4 20:38,Batch 3 · 461
1683,28.58,88.5,127,2026/9/4 20:39,Batch 3 · 461
1684,28.58,88.48,126,2026/9/4 20:40,Batch 3 · 461
1684,28.58,88.46,126,2026/9/4 20:41,Batch 3 · 461
1688,28.58,88.51,125,2026/9/4 20:42,Batch 3 · 461
1693,28.59,88.5,125,2026/9/4 20:43,Batch 3 · 461
1691,28.6,88.49,125,2026/9/4 20:44,Batch 3 · 461
1690,28.62,88.46,125,2026/9/4 20:45,Batch 3 · 461
1694,28.6,88.47,124,2026/9/4 20:46,Batch 3 · 461
1698,28.62,88.5,124,2026/9/4 20:47,Batch 3 · 461
1699,28.62,88.49,124,2026/9/4 20:48,Batch 3 · 461
1699,28.6,88.49,124,2026/9/4 20:49,Batch 3 · 461
1700,28.63,88.5,123,2026/9/4 20:50,Batch 3 · 461
1702,28.62,88.49,123,2026/9/4 20:51,Batch 3 · 461
1701,28.6,88.47,122,2026/9/4 20:52,Batch 3 · 461
1705,28.62,88.48,122,2026/9/4 20:53,Batch 3 · 461
1706,28.6,88.44,122,2026/9/4 20:54,Batch 3 · 461
1708,28.59,88.45,121,2026/9/4 20:55,Batch 3 · 461
1711,28.6,88.42,121,2026/9/4 20:56,Batch 3 · 461
1713,28.59,88.45,121,2026/9/4 20:57,Batch 3 · 461
1713,28.58,88.44,120,2026/9/4 20:58,Batch 3 · 461
1718,28.58,88.43,120,2026/9/4 20:59,Batch 3 · 461
1718,28.58,88.46,120,2026/9/4 21:00,Batch 3 · 461
1722,28.58,88.45,119,2026/9/4 21:01,Batch 3 · 461
1721,28.58,88.44,119,2026/9/4 21:02,Batch 3 · 461
1721,28.58,88.48,119,2026/9/4 21:03,Batch 3 · 461
1721,28.58,88.48,118,2026/9/4 21:04,Batch 3 · 461
1724,28.59,88.46,118,2026/9/4 21:05,Batch 3 · 461
1728,28.55,88.47,118,2026/9/4 21:06,Batch 3 · 461
1730,28.56,88.48,118,2026/9/4 21:07,Batch 3 · 461
1731,28.56,88.51,118,2026/9/4 21:08,Batch 3 · 461
1729,28.56,88.49,117,2026/9/4 21:09,Batch 3 · 461
1732,28.58,88.48,117,2026/9/4 21:10,Batch 3 · 461
1731,28.58,88.5,117,2026/9/4 21:11,Batch 3 · 461
1735,28.56,88.52,116,2026/9/4 21:12,Batch 3 · 461
1737,28.59,88.52,116,2026/9/4 21:13,Batch 3 · 461
1737,28.56,88.53,116,2026/9/4 21:14,Batch 3 · 461
1740,28.58,88.54,116,2026/9/4 21:15,Batch 3 · 461
1740,28.59,88.56,116,2026/9/4 21:16,Batch 3 · 461
1742,28.59,88.51,116,2026/9/4 21:17,Batch 3 · 461
1743,28.6,88.52,116,2026/9/4 21:18,Batch 3 · 461
1745,28.6,88.53,115,2026/9/4 21:19,Batch 3 · 461
1747,28.63,88.54,115,2026/9/4 21:20,Batch 3 · 461
1752,28.65,88.52,115,2026/9/4 21:21,Batch 3 · 461
1753,28.65,88.54,115,2026/9/4 21:22,Batch 3 · 461
1753,28.63,88.54,114,2026/9/4 21:23,Batch 3 · 461
1754,28.66,88.56,114,2026/9/4 21:24,Batch 3 · 461
1757,28.65,88.51,114,2026/9/4 21:25,Batch 3 · 461
1757,28.66,88.54,114,2026/9/4 21:26,Batch 3 · 461
1759,28.63,88.5,114,2026/9/4 21:27,Batch 3 · 461
1761,28.65,88.46,114,2026/9/4 21:28,Batch 3 · 461
1763,28.67,88.51,114,2026/9/4 21:29,Batch 3 · 461
1762,28.65,88.44,114,2026/9/4 21:30,Batch 3 · 461
1766,28.63,88.46,113,2026/9/4 21:31,Batch 3 · 461
1767,28.67,88.45,113,2026/9/4 21:32,Batch 3 · 461
1770,28.65,88.48,113,2026/9/4 21:33,Batch 3 · 461
1771,28.63,88.43,112,2026/9/4 21:34,Batch 3 · 461
1774,28.65,88.44,112,2026/9/4 21:35,Batch 3 · 461
1769,28.63,88.44,112,2026/9/4 21:36,Batch 3 · 461
1773,28.63,88.42,111,2026/9/4 21:37,Batch 3 · 461
1775,28.62,88.44,111,2026/9/4 21:38,Batch 3 · 461
1778,28.62,88.44,111,2026/9/4 21:40,Batch 3 · 461
1779,28.62,88.38,111,2026/9/4 21:41,Batch 3 · 461
1781,28.6,88.4,110,2026/9/4 21:42,Batch 3 · 461
1782,28.6,88.42,110,2026/9/4 21:43,Batch 3 · 461
1782,28.59,88.39,110,2026/9/4 21:44,Batch 3 · 461
1786,28.58,88.4,109,2026/9/4 21:45,Batch 3 · 461
1786,28.56,88.38,108,2026/9/4 21:46,Batch 3 · 461
1788,28.58,88.43,108,2026/9/4 21:47,Batch 3 · 461
1789,28.56,88.38,108,2026/9/4 21:48,Batch 3 · 461
1790,28.56,88.41,108,2026/9/4 21:49,Batch 3 · 461
1794,28.58,88.41,107,2026/9/4 21:50,Batch 3 · 461
1792,28.55,88.41,106,2026/9/4 21:51,Batch 3 · 461
1796,28.53,88.43,106,2026/9/4 21:52,Batch 3 · 461
1798,28.55,88.4,106,2026/9/4 21:53,Batch 3 · 461
1800,28.52,88.42,106,2026/9/4 21:54,Batch 3 · 461
1802,28.53,88.45,106,2026/9/4 21:55,Batch 3 · 461
1800,28.53,88.47,105,2026/9/4 21:56,Batch 3 · 461
1804,28.5,88.44,105,2026/9/4 21:57,Batch 3 · 461
1804,28.48,88.43,104,2026/9/4 21:58,Batch 3 · 461
1805,28.48,88.44,104,2026/9/4 21:59,Batch 3 · 461
1806,28.52,88.48,104,2026/9/4 22:00,Batch 3 · 461
1809,28.49,88.48,103,2026/9/4 22:01,Batch 3 · 461
1811,28.48,88.5,103,2026/9/4 22:02,Batch 3 · 461
1813,28.48,88.48,102,2026/9/4 22:03,Batch 3 · 461
1815,28.49,88.5,102,2026/9/4 22:04,Batch 3 · 461
1817,28.49,88.51,101,2026/9/4 22:05,Batch 3 · 461
1816,28.49,88.55,101,2026/9/4 22:06,Batch 3 · 461
1816,28.5,88.56,101,2026/9/4 22:07,Batch 3 · 461
1819,28.52,88.56,101,2026/9/4 22:08,Batch 3 · 461
1822,28.49,88.54,101,2026/9/4 22:09,Batch 3 · 461
1823,28.5,88.54,101,2026/9/4 22:10,Batch 3 · 461
1824,28.55,88.54,100,2026/9/4 22:11,Batch 3 · 461
1826,28.52,88.53,100,2026/9/4 22:12,Batch 3 · 461
1827,28.52,88.56,99,2026/9/4 22:13,Batch 3 · 461
1828,28.53,88.53,99,2026/9/4 22:14,Batch 3 · 461
1829,28.53,88.49,99,2026/9/4 22:15,Batch 3 · 461
1831,28.53,88.5,99,2026/9/4 22:16,Batch 3 · 461
1832,28.52,88.54,98,2026/9/4 22:17,Batch 3 · 461
1834,28.55,88.49,98,2026/9/4 22:18,Batch 3 · 461
1838,28.56,88.47,98,2026/9/4 22:19,Batch 3 · 461
1838,28.55,88.47,97,2026/9/4 22:20,Batch 3 · 461
1836,28.5,88.46,97,2026/9/4 22:21,Batch 3 · 461
1840,28.53,88.42,97,2026/9/4 22:22,Batch 3 · 461
1841,28.49,88.48,97,2026/9/4 22:23,Batch 3 · 461
1845,28.53,88.45,96,2026/9/4 22:24,Batch 3 · 461
1847,28.52,88.45,96,2026/9/4 22:25,Batch 3 · 461
1848,28.53,88.44,95,2026/9/4 22:26,Batch 3 · 461
1849,28.49,88.47,95,2026/9/4 22:27,Batch 3 · 461
1850,28.49,88.46,94,2026/9/4 22:28,Batch 3 · 461
1851,28.5,88.5,94,2026/9/4 22:29,Batch 3 · 461
1851,28.5,88.46,94,2026/9/4 22:30,Batch 3 · 461
1856,28.5,88.48,94,2026/9/4 22:31,Batch 3 · 461
1853,28.52,88.47,93,2026/9/4 22:32,Batch 3 · 461
1857,28.5,88.43,92,2026/9/4 22:33,Batch 3 · 461
1858,28.5,88.49,92,2026/9/4 22:34,Batch 3 · 461
1862,28.46,88.44,92,2026/9/4 22:35,Batch 3 · 461
1862,28.46,88.44,92,2026/9/4 22:36,Batch 3 · 461
1863,28.45,88.43,91,2026/9/4 22:37,Batch 3 · 461
1866,28.45,88.42,91,2026/9/4 22:38,Batch 3 · 461
1869,28.48,88.44,91,2026/9/4 22:39,Batch 3 · 461
1867,28.45,88.43,90,2026/9/4 22:40,Batch 3 · 461
1869,28.46,88.45,90,2026/9/4 22:41,Batch 3 · 461
1869,28.45,88.47,90,2026/9/4 22:42,Batch 3 · 461
1875,28.45,88.49,89,2026/9/4 22:43,Batch 3 · 461
1871,28.44,88.47,89,2026/9/4 22:44,Batch 3 · 461
1875,28.46,88.52,89,2026/9/4 22:45,Batch 3 · 461
1879,28.46,88.52,89,2026/9/4 22:46,Batch 3 · 461
1880,28.45,88.52,88,2026/9/4 22:47,Batch 3 · 461
1879,28.44,88.53,88,2026/9/4 22:48,Batch 3 · 461
1881,28.46,88.52,88,2026/9/4 22:49,Batch 3 · 461
1886,28.45,88.52,87,2026/9/4 22:50,Batch 3 · 461
1890,28.44,88.54,87,2026/9/4 22:52,Batch 3 · 461
1890,28.48,88.55,87,2026/9/4 22:53,Batch 3 · 461
1892,28.46,88.49,86,2026/9/4 22:54,Batch 3 · 461
1893,28.45,88.52,86,2026/9/4 22:55,Batch 3 · 461
1902,28.48,88.54,86,2026/9/4 22:56,Batch 3 · 461
1902,28.45,88.53,86,2026/9/4 22:57,Batch 3 · 461
1900,28.48,88.49,86,2026/9/4 22:58,Batch 3 · 461
1905,28.46,88.51,86,2026/9/4 22:59,Batch 3 · 461
1909,28.46,88.5,85,2026/9/4 23:00,Batch 3 · 461
1908,28.45,88.47,85,2026/9/4 23:01,Batch 3 · 461
1909,28.46,88.48,85,2026/9/4 23:02,Batch 3 · 461
1911,28.45,88.48,84,2026/9/4 23:03,Batch 3 · 461
1915,28.48,88.48,84,2026/9/4 23:04,Batch 3 · 461
1923,28.46,88.48,84,2026/9/4 23:05,Batch 3 · 461
1919,28.46,88.47,84,2026/9/4 23:06,Batch 3 · 461
1919,28.48,88.53,84,2026/9/4 23:07,Batch 3 · 461
1920,28.46,88.48,84,2026/9/4 23:08,Batch 3 · 461
1923,28.46,88.52,83,2026/9/4 23:09,Batch 3 · 461
1924,28.46,88.51,83,2026/9/4 23:10,Batch 3 · 461
1929,28.46,88.52,83,2026/9/4 23:11,Batch 3 · 461
1931,28.48,88.54,83,2026/9/4 23:12,Batch 3 · 461
1932,28.52,88.52,82,2026/9/4 23:13,Batch 3 · 461
1934,28.46,88.53,81,2026/9/4 23:14,Batch 3 · 461
1935,28.5,88.53,81,2026/9/4 23:15,Batch 3 · 461
1938,28.48,88.5,81,2026/9/4 23:16,Batch 3 · 461
1946,28.49,88.51,81,2026/9/4 23:17,Batch 3 · 461
1947,28.52,88.53,81,2026/9/4 23:18,Batch 3 · 461
1944,28.52,88.53,81,2026/9/4 23:19,Batch 3 · 461
1949,28.52,88.54,80,2026/9/4 23:20,Batch 3 · 461
1948,28.52,88.52,80,2026/9/4 23:21,Batch 3 · 461
1951,28.5,88.47,80,2026/9/4 23:22,Batch 3 · 461
1955,28.52,88.49,80,2026/9/4 23:23,Batch 3 · 461
1956,28.52,88.5,80,2026/9/4 23:24,Batch 3 · 461
1958,28.5,88.43,79,2026/9/4 23:25,Batch 3 · 461
1958,28.5,88.44,79,2026/9/4 23:26,Batch 3 · 461
1963,28.53,88.44,79,2026/9/4 23:27,Batch 3 · 461
1965,28.52,88.43,79,2026/9/4 23:28,Batch 3 · 461
1966,28.53,88.44,79,2026/9/4 23:29,Batch 3 · 461
1971,28.5,88.46,78,2026/9/4 23:30,Batch 3 · 461
1970,28.5,88.42,78,2026/9/4 23:31,Batch 3 · 461
1974,28.5,88.42,78,2026/9/4 23:32,Batch 3 · 461
1976,28.5,88.44,78,2026/9/4 23:33,Batch 3 · 461
1977,28.53,88.44,77,2026/9/4 23:34,Batch 3 · 461
1980,28.53,88.46,77,2026/9/4 23:35,Batch 3 · 461
1985,28.52,88.49,77,2026/9/4 23:36,Batch 3 · 461
1983,28.52,88.48,77,2026/9/4 23:37,Batch 3 · 461
1982,28.52,88.48,77,2026/9/4 23:38,Batch 3 · 461
1988,28.53,88.5,76,2026/9/4 23:39,Batch 3 · 461
1990,28.53,88.46,76,2026/9/4 23:40,Batch 3 · 461
1993,28.55,88.48,76,2026/9/4 23:41,Batch 3 · 461
1998,28.53,88.47,76,2026/9/4 23:42,Batch 3 · 461
1996,28.56,88.51,76,2026/9/4 23:43,Batch 3 · 461
1996,28.55,88.48,76,2026/9/4 23:44,Batch 3 · 461
2000,28.55,88.48,75,2026/9/4 23:45,Batch 3 · 461
2001,28.58,88.51,75,2026/9/4 23:46,Batch 3 · 461
2001,28.56,88.48,75,2026/9/4 23:47,Batch 3 · 461
2004,28.58,88.48,75,2026/9/4 23:48,Batch 3 · 461
2008,28.58,88.49,74,2026/9/4 23:49,Batch 3 · 461
2012,28.56,88.48,74,2026/9/4 23:50,Batch 3 · 461
2013,28.58,88.44,74,2026/9/4 23:51,Batch 3 · 461
2014,28.58,88.44,74,2026/9/4 23:52,Batch 3 · 461
2014,28.58,88.43,74,2026/9/4 23:53,Batch 3 · 461
2019,28.58,88.43,74,2026/9/4 23:54,Batch 3 · 461
2018,28.58,88.42,73,2026/9/4 23:55,Batch 3 · 461
2020,28.59,88.38,73,2026/9/4 23:56,Batch 3 · 461
2025,28.58,88.4,73,2026/9/4 23:57,Batch 3 · 461
2025,28.56,88.41,73,2026/9/4 23:58,Batch 3 · 461
2027,28.59,88.45,72,2026/9/4 23:59,Batch 3 · 461
2027,28.58,88.42,72,2026/9/5 0:00,Batch 3 · 461
2031,28.58,88.43,72,2026/9/5 0:02,Batch 3 · 461
2032,28.58,88.46,72,2026/9/5 0:03,Batch 3 · 461
2035,28.59,88.42,72,2026/9/5 0:04,Batch 3 · 461
2043,28.58,88.43,72,2026/9/5 0:05,Batch 3 · 461
2038,28.56,88.44,71,2026/9/5 0:06,Batch 3 · 461
2044,28.59,88.47,72,2026/9/5 0:07,Batch 3 · 461
2045,28.55,88.45,71,2026/9/5 0:08,Batch 3 · 461
2047,28.59,88.47,71,2026/9/5 0:09,Batch 3 · 461
2047,28.58,88.44,71,2026/9/5 0:10,Batch 3 · 461
2053,28.56,88.46,70,2026/9/5 0:11,Batch 3 · 461
2054,28.59,88.46,70,2026/9/5 0:12,Batch 3 · 461
2053,28.59,88.47,70,2026/9/5 0:13,Batch 3 · 461
2055,28.58,88.48,70,2026/9/5 0:14,Batch 3 · 461
2058,28.59,88.48,70,2026/9/5 0:15,Batch 3 · 461
2058,28.6,88.47,70,2026/9/5 0:16,Batch 3 · 461
2059,28.65,88.46,70,2026/9/5 0:17,Batch 3 · 461
2064,28.63,88.48,70,2026/9/5 0:18,Batch 3 · 461
2066,28.62,88.46,70,2026/9/5 0:19,Batch 3 · 461
2069,28.63,88.43,69,2026/9/5 0:20,Batch 3 · 461
2071,28.63,88.45,69,2026/9/5 0:21,Batch 3 · 461
2074,28.65,88.44,69,2026/9/5 0:22,Batch 3 · 461
2072,28.63,88.43,69,2026/9/5 0:23,Batch 3 · 461
2075,28.63,88.43,69,2026/9/5 0:24,Batch 3 · 461
2080,28.63,88.41,69,2026/9/5 0:25,Batch 3 · 461
2078,28.63,88.42,69,2026/9/5 0:26,Batch 3 · 461
2078,28.63,88.4,68,2026/9/5 0:27,Batch 3 · 461
2083,28.66,88.43,68,2026/9/5 0:28,Batch 3 · 461
2083,28.65,88.42,68,2026/9/5 0:29,Batch 3 · 461
2083,28.62,88.44,68,2026/9/5 0:30,Batch 3 · 461
2086,28.63,88.43,68,2026/9/5 0:31,Batch 3 · 461
2089,28.66,88.41,68,2026/9/5 0:32,Batch 3 · 461
2091,28.66,88.43,68,2026/9/5 0:33,Batch 3 · 461
2098,28.63,88.41,67,2026/9/5 0:34,Batch 3 · 461
2099,28.63,88.43,67,2026/9/5 0:35,Batch 3 · 461
2096,28.65,88.4,67,2026/9/5 0:36,Batch 3 · 461
2096,28.65,88.43,67,2026/9/5 0:37,Batch 3 · 461
2103,28.65,88.46,67,2026/9/5 0:38,Batch 3 · 461
2106,28.67,88.46,67,2026/9/5 0:39,Batch 3 · 461
2107,28.67,88.44,66,2026/9/5 0:40,Batch 3 · 461
2108,28.67,88.44,66,2026/9/5 0:41,Batch 3 · 461
2114,28.67,88.41,66,2026/9/5 0:42,Batch 3 · 461
2114,28.67,88.42,66,2026/9/5 0:43,Batch 3 · 461
2114,28.66,88.42,66,2026/9/5 0:44,Batch 3 · 461
2117,28.66,88.36,66,2026/9/5 0:45,Batch 3 · 461
2116,28.67,88.39,65,2026/9/5 0:46,Batch 3 · 461
2120,28.72,88.37,65,2026/9/5 0:47,Batch 3 · 461
2123,28.69,88.38,65,2026/9/5 0:48,Batch 3 · 461
2126,28.67,88.35,65,2026/9/5 0:49,Batch 3 · 461
2124,28.67,88.36,65,2026/9/5 0:50,Batch 3 · 461
2125,28.67,88.33,65,2026/9/5 0:51,Batch 3 · 461
2129,28.67,88.36,64,2026/9/5 0:52,Batch 3 · 461
2134,28.67,88.31,64,2026/9/5 0:53,Batch 3 · 461
2139,28.67,88.35,64,2026/9/5 0:54,Batch 3 · 461
2137,28.67,88.35,64,2026/9/5 0:55,Batch 3 · 461
2139,28.65,88.37,64,2026/9/5 0:56,Batch 3 · 461
2139,28.66,88.36,64,2026/9/5 0:57,Batch 3 · 461
2143,28.66,88.38,63,2026/9/5 0:58,Batch 3 · 461
2146,28.66,88.39,63,2026/9/5 0:59,Batch 3 · 461
2147,28.69,88.41,63,2026/9/5 1:00,Batch 3 · 461
2149,28.67,88.42,63,2026/9/5 1:01,Batch 3 · 461
2148,28.7,88.44,63,2026/9/5 1:02,Batch 3 · 461
2151,28.66,88.42,63,2026/9/5 1:03,Batch 3 · 461
2155,28.7,88.44,63,2026/9/5 1:04,Batch 3 · 461
2155,28.69,88.43,63,2026/9/5 1:05,Batch 3 · 461
2159,28.7,88.43,62,2026/9/5 1:07,Batch 3 · 461
2163,28.7,88.41,62,2026/9/5 1:08,Batch 3 · 461
2163,28.7,88.42,62,2026/9/5 1:09,Batch 3 · 461
2166,28.69,88.42,62,2026/9/5 1:10,Batch 3 · 461
2169,28.69,88.4,62,2026/9/5 1:11,Batch 3 · 461
2172,28.7,88.41,62,2026/9/5 1:12,Batch 3 · 461
2173,28.67,88.4,61,2026/9/5 1:13,Batch 3 · 461
2174,28.7,88.43,61,2026/9/5 1:14,Batch 3 · 461
2177,28.73,88.36,61,2026/9/5 1:15,Batch 3 · 461
2176,28.73,88.38,61,2026/9/5 1:16,Batch 3 · 461
2187,28.69,88.35,61,2026/9/5 1:17,Batch 3 · 461
2184,28.7,88.35,61,2026/9/5 1:18,Batch 3 · 461
2183,28.7,88.31,61,2026/9/5 1:19,Batch 3 · 461
2187,28.67,88.35,60,2026/9/5 1:20,Batch 3 · 461
2189,28.69,88.35,60,2026/9/5 1:21,Batch 3 · 461
2191,28.69,88.35,60,2026/9/5 1:22,Batch 3 · 461
2191,28.7,88.33,60,2026/9/5 1:23,Batch 3 · 461
2194,28.69,88.35,60,2026/9/5 1:24,Batch 3 · 461
2194,28.67,88.34,60,2026/9/5 1:25,Batch 3 · 461
2197,28.69,88.34,60,2026/9/5 1:26,Batch 3 · 461
2198,28.66,88.34,60,2026/9/5 1:27,Batch 3 · 461
2199,28.69,88.36,59,2026/9/5 1:28,Batch 3 · 461
2201,28.7,88.39,59,2026/9/5 1:29,Batch 3 · 461
2205,28.67,88.37,59,2026/9/5 1:30,Batch 3 · 461
2207,28.7,88.37,59,2026/9/5 1:31,Batch 3 · 461
2209,28.69,88.42,58,2026/9/5 1:32,Batch 3 · 461
2216,28.72,88.4,58,2026/9/5 1:33,Batch 3 · 461
2213,28.7,88.4,58,2026/9/5 1:34,Batch 3 · 461
2214,28.7,88.4,58,2026/9/5 1:35,Batch 3 · 461
2214,28.69,88.41,58,2026/9/5 1:36,Batch 3 · 461
2218,28.7,88.4,58,2026/9/5 1:37,Batch 3 · 461
2226,28.72,88.45,58,2026/9/5 1:38,Batch 3 · 461
2221,28.72,88.44,58,2026/9/5 1:39,Batch 3 · 461
2223,28.72,88.42,58,2026/9/5 1:40,Batch 3 · 461
2228,28.73,88.43,58,2026/9/5 1:41,Batch 3 · 461
2225,28.73,88.4,58,2026/9/5 1:42,Batch 3 · 461
2229,28.72,88.4,58,2026/9/5 1:43,Batch 3 · 461
2230,28.72,88.42,57,2026/9/5 1:44,Batch 3 · 461
2233,28.73,88.37,57,2026/9/5 1:45,Batch 3 · 461
2240,28.73,88.38,57,2026/9/5 1:46,Batch 3 · 461
2241,28.76,88.35,57,2026/9/5 1:47,Batch 3 · 461
2240,28.73,88.33,57,2026/9/5 1:48,Batch 3 · 461
2244,28.69,88.32,57,2026/9/5 1:49,Batch 3 · 461
2238,28.72,88.3,57,2026/9/5 1:50,Batch 3 · 461
2247,28.74,88.32,57,2026/9/5 1:51,Batch 3 · 461
2246,28.72,88.36,56,2026/9/5 1:52,Batch 3 · 461
2248,28.7,88.33,56,2026/9/5 1:53,Batch 3 · 461
2253,28.72,88.33,56,2026/9/5 1:54,Batch 3 · 461
2253,28.72,88.33,56,2026/9/5 1:55,Batch 3 · 461
2255,28.74,88.37,55,2026/9/5 1:56,Batch 3 · 461
2260,28.73,88.34,55,2026/9/5 1:57,Batch 3 · 461
2260,28.73,88.34,55,2026/9/5 1:58,Batch 3 · 461
2264,28.7,88.35,55,2026/9/5 1:59,Batch 3 · 461
2267,28.73,88.36,55,2026/9/5 2:00,Batch 3 · 461
2263,28.72,88.39,55,2026/9/5 2:01,Batch 3 · 461
2271,28.73,88.39,55,2026/9/5 2:02,Batch 3 · 461
2273,28.73,88.38,55,2026/9/5 2:03,Batch 3 · 461
2270,28.74,88.4,55,2026/9/5 2:04,Batch 3 · 461
2273,28.72,88.38,55,2026/9/5 2:05,Batch 3 · 461
2276,28.73,88.37,55,2026/9/5 2:06,Batch 3 · 461
2281,28.74,88.41,54,2026/9/5 2:07,Batch 3 · 461
2283,28.77,88.42,54,2026/9/5 2:09,Batch 3 · 461
2280,28.73,88.4,54,2026/9/5 2:10,Batch 3 · 461
2286,28.74,88.39,54,2026/9/5 2:11,Batch 3 · 461
2291,28.74,88.37,54,2026/9/5 2:12,Batch 3 · 461
2292,28.77,88.36,53,2026/9/5 2:13,Batch 3 · 461
2294,28.76,88.35,53,2026/9/5 2:14,Batch 3 · 461
2290,28.73,88.33,53,2026/9/5 2:15,Batch 3 · 461
2295,28.74,88.33,53,2026/9/5 2:16,Batch 3 · 461
2294,28.74,88.3,53,2026/9/5 2:17,Batch 3 · 461
2303,28.74,88.34,53,2026/9/5 2:18,Batch 3 · 461
2302,28.76,88.31,53,2026/9/5 2:19,Batch 3 · 461
2302,28.76,88.34,53,2026/9/5 2:20,Batch 3 · 461
2302,28.73,88.3,53,2026/9/5 2:21,Batch 3 · 461
2305,28.74,88.29,53,2026/9/5 2:22,Batch 3 · 461
2308,28.73,88.33,53,2026/9/5 2:23,Batch 3 · 461
2307,28.74,88.32,52,2026/9/5 2:24,Batch 3 · 461
2310,28.74,88.32,52,2026/9/5 2:25,Batch 3 · 461
2316,28.74,88.36,52,2026/9/5 2:26,Batch 3 · 461
2318,28.74,88.36,52,2026/9/5 2:27,Batch 3 · 461
2315,28.76,88.33,52,2026/9/5 2:28,Batch 3 · 461
2320,28.74,88.36,52,2026/9/5 2:29,Batch 3 · 461
2322,28.76,88.37,52,2026/9/5 2:30,Batch 3 · 461
2326,28.74,88.34,52,2026/9/5 2:31,Batch 3 · 461
2324,28.74,88.36,52,2026/9/5 2:32,Batch 3 · 461
2331,28.76,88.38,52,2026/9/5 2:33,Batch 3 · 461
2333,28.76,88.35,51,2026/9/5 2:34,Batch 3 · 461
2331,28.76,88.39,51,2026/9/5 2:35,Batch 3 · 461
2334,28.77,88.37,51,2026/9/5 2:36,Batch 3 · 461
2336,28.77,88.35,51,2026/9/5 2:37,Batch 3 · 461
2339,28.76,88.38,51,2026/9/5 2:38,Batch 3 · 461
2336,28.79,88.38,51,2026/9/5 2:39,Batch 3 · 461
2340,28.79,88.37,51,2026/9/5 2:40,Batch 3 · 461
2342,28.79,88.34,51,2026/9/5 2:41,Batch 3 · 461
2345,28.76,88.34,50,2026/9/5 2:42,Batch 3 · 461
2344,28.79,88.32,50,2026/9/5 2:43,Batch 3 · 461
2348,28.77,88.31,50,2026/9/5 2:44,Batch 3 · 461
2352,28.77,88.34,50,2026/9/5 2:45,Batch 3 · 461
2348,28.77,88.31,50,2026/9/5 2:46,Batch 3 · 461
2352,28.76,88.3,50,2026/9/5 2:47,Batch 3 · 461
2357,28.77,88.3,50,2026/9/5 2:48,Batch 3 · 461
2362,28.74,88.29,50,2026/9/5 2:49,Batch 3 · 461
2358,28.74,88.32,50,2026/9/5 2:50,Batch 3 · 461
2364,28.77,88.28,50,2026/9/5 2:51,Batch 3 · 461
2364,28.76,88.31,49,2026/9/5 2:52,Batch 3 · 461
2369,28.74,88.3,49,2026/9/5 2:53,Batch 3 · 461
2369,28.73,88.31,49,2026/9/5 2:54,Batch 3 · 461
2370,28.74,88.31,49,2026/9/5 2:55,Batch 3 · 461
2377,28.76,88.32,49,2026/9/5 2:56,Batch 3 · 461
2373,28.76,88.31,49,2026/9/5 2:57,Batch 3 · 461
2379,28.74,88.35,49,2026/9/5 2:58,Batch 3 · 461
2378,28.76,88.32,49,2026/9/5 2:59,Batch 3 · 461
2380,28.76,88.34,49,2026/9/5 3:00,Batch 3 · 461
2382,28.76,88.35,49,2026/9/5 3:01,Batch 3 · 461
2383,28.79,88.39,49,2026/9/5 3:02,Batch 3 · 461
2389,28.76,88.36,49,2026/9/5 3:03,Batch 3 · 461
2390,28.77,88.36,48,2026/9/5 3:04,Batch 3 · 461
2389,28.79,88.38,48,2026/9/5 3:05,Batch 3 · 461
2392,28.79,88.35,48,2026/9/5 3:06,Batch 3 · 461
2399,28.76,88.34,48,2026/9/5 3:07,Batch 3 · 461
2398,28.77,88.35,48,2026/9/5 3:09,Batch 3 · 461
2393,28.79,88.37,48,2026/9/5 3:10,Batch 3 · 461
2397,28.79,88.34,48,2026/9/5 3:11,Batch 3 · 461
2404,28.83,88.36,48,2026/9/5 3:12,Batch 3 · 461
2402,28.79,88.34,48,2026/9/5 3:13,Batch 3 · 461
2406,28.79,88.33,48,2026/9/5 3:14,Batch 3 · 461
2412,28.79,88.31,47,2026/9/5 3:15,Batch 3 · 461
2413,28.77,88.33,47,2026/9/5 3:16,Batch 3 · 461
2413,28.8,88.32,47,2026/9/5 3:17,Batch 3 · 461
2414,28.77,88.33,47,2026/9/5 3:18,Batch 3 · 461
2416,28.76,88.31,47,2026/9/5 3:19,Batch 3 · 461
2417,28.76,88.32,47,2026/9/5 3:20,Batch 3 · 461
2422,28.77,88.27,47,2026/9/5 3:21,Batch 3 · 461
2425,28.76,88.28,46,2026/9/5 3:22,Batch 3 · 461
2429,28.74,88.31,46,2026/9/5 3:23,Batch 3 · 461
2430,28.79,88.33,46,2026/9/5 3:24,Batch 3 · 461
2428,28.76,88.37,46,2026/9/5 3:25,Batch 3 · 461
2430,28.77,88.33,46,2026/9/5 3:26,Batch 3 · 461
2433,28.77,88.33,46,2026/9/5 3:27,Batch 3 · 461
2439,28.77,88.32,46,2026/9/5 3:28,Batch 3 · 461
2438,28.76,88.31,46,2026/9/5 3:29,Batch 3 · 461
2439,28.77,88.33,46,2026/9/5 3:30,Batch 3 · 461
2442,28.8,88.36,46,2026/9/5 3:31,Batch 3 · 461
2441,28.79,88.31,46,2026/9/5 3:32,Batch 3 · 461
2442,28.79,88.36,45,2026/9/5 3:33,Batch 3 · 461
2448,28.77,88.35,45,2026/9/5 3:34,Batch 3 · 461
2448,28.8,88.33,45,2026/9/5 3:35,Batch 3 · 461
2449,28.79,88.35,45,2026/9/5 3:36,Batch 3 · 461
2456,28.8,88.35,45,2026/9/5 3:37,Batch 3 · 461
2455,28.8,88.35,45,2026/9/5 3:38,Batch 3 · 461
2459,28.82,88.33,45,2026/9/5 3:39,Batch 3 · 461
2459,28.82,88.32,45,2026/9/5 3:40,Batch 3 · 461
2461,28.8,88.33,45,2026/9/5 3:41,Batch 3 · 461
2461,28.82,88.29,45,2026/9/5 3:42,Batch 3 · 461
2461,28.8,88.29,45,2026/9/5 3:43,Batch 3 · 461
2467,28.8,88.29,45,2026/9/5 3:44,Batch 3 · 461
2466,28.83,88.27,45,2026/9/5 3:45,Batch 3 · 461
2470,28.8,88.3,45,2026/9/5 3:46,Batch 3 · 461
2470,28.8,88.26,45,2026/9/5 3:47,Batch 3 · 461
2475,28.79,88.3,45,2026/9/5 3:48,Batch 3 · 461
2478,28.8,88.26,45,2026/9/5 3:49,Batch 3 · 461
2480,28.8,88.29,45,2026/9/5 3:50,Batch 3 · 461
2483,28.82,88.29,44,2026/9/5 3:51,Batch 3 · 461
2480,28.79,88.29,44,2026/9/5 3:52,Batch 3 · 461
2483,28.8,88.33,44,2026/9/5 3:53,Batch 3 · 461
2488,28.82,88.31,44,2026/9/5 3:54,Batch 3 · 461
2486,28.8,88.29,44,2026/9/5 3:55,Batch 3 · 461
2494,28.8,88.33,44,2026/9/5 3:56,Batch 3 · 461
2494,28.8,88.33,44,2026/9/5 3:57,Batch 3 · 461
2494,28.82,88.32,44,2026/9/5 3:58,Batch 3 · 461
2499,28.82,88.31,44,2026/9/5 3:59,Batch 3 · 461
2503,28.8,88.35,44,2026/9/5 4:00,Batch 3 · 461
2502,28.82,88.32,44,2026/9/5 4:01,Batch 3 · 461
2503,28.8,88.3,44,2026/9/5 4:02,Batch 3 · 461
2502,28.84,88.35,44,2026/9/5 4:03,Batch 3 · 461
2506,28.84,88.35,44,2026/9/5 4:04,Batch 3 · 461
2506,28.82,88.36,44,2026/9/5 4:06,Batch 3 · 461
2507,28.83,88.32,44,2026/9/5 4:07,Batch 3 · 461
2514,28.83,88.32,44,2026/9/5 4:08,Batch 3 · 461
2521,28.82,88.28,44,2026/9/5 4:09,Batch 3 · 461
2516,28.83,88.27,44,2026/9/5 4:10,Batch 3 · 461
2518,28.83,88.3,44,2026/9/5 4:11,Batch 3 · 461
2519,28.83,88.28,44,2026/9/5 4:12,Batch 3 · 461
2518,28.87,88.27,43,2026/9/5 4:13,Batch 3 · 461
2523,28.82,88.25,43,2026/9/5 4:14,Batch 3 · 461
2524,28.82,88.24,43,2026/9/5 4:15,Batch 3 · 461
2526,28.8,88.28,43,2026/9/5 4:16,Batch 3 · 461
2531,28.82,88.26,43,2026/9/5 4:17,Batch 3 · 461
2530,28.82,88.26,43,2026/9/5 4:18,Batch 3 · 461
2533,28.82,88.26,43,2026/9/5 4:19,Batch 3 · 461
2535,28.83,88.28,43,2026/9/5 4:20,Batch 3 · 461
2537,28.83,88.31,43,2026/9/5 4:21,Batch 3 · 461
2535,28.8,88.31,43,2026/9/5 4:22,Batch 3 · 461
2546,28.79,88.3,43,2026/9/5 4:23,Batch 3 · 461
2541,28.82,88.29,43,2026/9/5 4:24,Batch 3 · 461
2545,28.83,88.32,42,2026/9/5 4:25,Batch 3 · 461
2547,28.83,88.32,42,2026/9/5 4:26,Batch 3 · 461
2546,28.83,88.31,42,2026/9/5 4:27,Batch 3 · 461
2548,28.83,88.32,42,2026/9/5 4:28,Batch 3 · 461
2553,28.84,88.32,42,2026/9/5 4:29,Batch 3 · 461
2552,28.83,88.3,42,2026/9/5 4:30,Batch 3 · 461
2559,28.86,88.36,42,2026/9/5 4:31,Batch 3 · 461
2557,28.84,88.3,42,2026/9/5 4:32,Batch 3 · 461
2562,28.83,88.3,42,2026/9/5 4:33,Batch 3 · 461
2561,28.86,88.29,42,2026/9/5 4:34,Batch 3 · 461
2565,28.84,88.3,42,2026/9/5 4:35,Batch 3 · 461
2565,28.83,88.27,42,2026/9/5 4:36,Batch 3 · 461
2567,28.84,88.24,42,2026/9/5 4:37,Batch 3 · 461
2570,28.84,88.22,42,2026/9/5 4:38,Batch 3 · 461
2577,28.84,88.23,42,2026/9/5 4:39,Batch 3 · 461
2570,28.84,88.24,42,2026/9/5 4:40,Batch 3 · 461
2572,28.83,88.28,42,2026/9/5 4:41,Batch 3 · 461
2580,28.83,88.25,42,2026/9/5 4:42,Batch 3 · 461
2580,28.83,88.26,41,2026/9/5 4:43,Batch 3 · 461
2585,28.83,88.28,41,2026/9/5 4:44,Batch 3 · 461
2586,28.82,88.26,41,2026/9/5 4:45,Batch 3 · 461
2588,28.82,88.27,41,2026/9/5 4:46,Batch 3 · 461
2588,28.82,88.25,41,2026/9/5 4:47,Batch 3 · 461
2588,28.82,88.29,41,2026/9/5 4:48,Batch 3 · 461
2591,28.82,88.32,41,2026/9/5 4:49,Batch 3 · 461
2593,28.82,88.28,41,2026/9/5 4:50,Batch 3 · 461
2598,28.84,88.3,41,2026/9/5 4:51,Batch 3 · 461
2596,28.86,88.31,41,2026/9/5 4:52,Batch 3 · 461
2596,28.83,88.3,41,2026/9/5 4:53,Batch 3 · 461
2601,28.84,88.31,41,2026/9/5 4:54,Batch 3 · 461
2599,28.86,88.3,41,2026/9/5 4:55,Batch 3 · 461
2601,28.84,88.3,41,2026/9/5 4:56,Batch 3 · 461
2609,28.89,88.33,40,2026/9/5 4:57,Batch 3 · 461
2605,28.87,88.33,40,2026/9/5 4:58,Batch 3 · 461
2611,28.86,88.29,40,2026/9/5 4:59,Batch 3 · 461
2610,28.86,88.29,40,2026/9/5 5:00,Batch 3 · 461
2610,28.86,88.26,40,2026/9/5 5:02,Batch 3 · 461
2613,28.87,88.25,40,2026/9/5 5:03,Batch 3 · 461
2612,28.87,88.25,40,2026/9/5 5:04,Batch 3 · 461
2614,28.89,88.27,40,2026/9/5 5:05,Batch 3 · 461
2617,28.87,88.23,40,2026/9/5 5:06,Batch 3 · 461
2624,28.84,88.2,40,2026/9/5 5:07,Batch 3 · 461
2620,28.86,88.25,40,2026/9/5 5:08,Batch 3 · 461
2626,28.84,88.24,40,2026/9/5 5:09,Batch 3 · 461
2631,28.86,88.26,40,2026/9/5 5:10,Batch 3 · 461
2627,28.84,88.24,40,2026/9/5 5:11,Batch 3 · 461
2627,28.84,88.23,40,2026/9/5 5:12,Batch 3 · 461
2635,28.86,88.22,39,2026/9/5 5:13,Batch 3 · 461
2635,28.84,88.27,39,2026/9/5 5:14,Batch 3 · 461
2632,28.84,88.24,39,2026/9/5 5:15,Batch 3 · 461
2640,28.84,88.28,39,2026/9/5 5:16,Batch 3 · 461
2641,28.84,88.28,39,2026/9/5 5:17,Batch 3 · 461
2642,28.84,88.29,39,2026/9/5 5:18,Batch 3 · 461
2642,28.86,88.27,39,2026/9/5 5:19,Batch 3 · 461
2644,28.84,88.27,39,2026/9/5 5:20,Batch 3 · 461
2645,28.84,88.31,39,2026/9/5 5:21,Batch 3 · 461
2648,28.86,88.28,39,2026/9/5 5:22,Batch 3 · 461
2654,28.83,88.25,39,2026/9/5 5:23,Batch 3 · 461
2651,28.87,88.31,39,2026/9/5 5:24,Batch 3 · 461
2658,28.89,88.24,39,2026/9/5 5:25,Batch 3 · 461
2658,28.87,88.28,39,2026/9/5 5:26,Batch 3 · 461
2662,28.89,88.29,39,2026/9/5 5:27,Batch 3 · 461
2660,28.86,88.27,39,2026/9/5 5:28,Batch 3 · 461
2665,28.87,88.27,38,2026/9/5 5:29,Batch 3 · 461
2660,28.87,88.26,38,2026/9/5 5:30,Batch 3 · 461
2665,28.87,88.24,38,2026/9/5 5:31,Batch 3 · 461
2666,28.89,88.22,38,2026/9/5 5:32,Batch 3 · 461
2672,28.89,88.24,38,2026/9/5 5:33,Batch 3 · 461
2674,28.86,88.22,38,2026/9/5 5:34,Batch 3 · 461
2679,28.87,88.25,38,2026/9/5 5:35,Batch 3 · 461
2679,28.86,88.22,38,2026/9/5 5:36,Batch 3 · 461
2680,28.89,88.21,38,2026/9/5 5:37,Batch 3 · 461
2682,28.87,88.25,38,2026/9/5 5:38,Batch 3 · 461
2683,28.84,88.22,38,2026/9/5 5:39,Batch 3 · 461
2689,28.87,88.25,37,2026/9/5 5:40,Batch 3 · 461
2686,28.89,88.24,37,2026/9/5 5:41,Batch 3 · 461
2687,28.87,88.24,37,2026/9/5 5:42,Batch 3 · 461
2686,28.86,88.25,37,2026/9/5 5:43,Batch 3 · 461
2691,28.87,88.26,37,2026/9/5 5:44,Batch 3 · 461
2692,28.86,88.23,37,2026/9/5 5:45,Batch 3 · 461
2692,28.84,88.2,37,2026/9/5 5:46,Batch 3 · 461
2695,28.87,88.25,37,2026/9/5 5:47,Batch 3 · 461
2695,28.86,88.22,37,2026/9/5 5:48,Batch 3 · 461
2703,28.87,88.28,37,2026/9/5 5:49,Batch 3 · 461
2705,28.87,88.27,37,2026/9/5 5:50,Batch 3 · 461
2705,28.86,88.26,37,2026/9/5 5:51,Batch 3 · 461
2708,28.87,88.24,37,2026/9/5 5:52,Batch 3 · 461
2713,28.89,88.26,37,2026/9/5 5:53,Batch 3 · 461
2713,28.87,88.25,37,2026/9/5 5:55,Batch 3 · 461
2712,28.86,88.21,37,2026/9/5 5:56,Batch 3 · 461
2713,28.9,88.21,37,2026/9/5 5:57,Batch 3 · 461
2717,28.89,88.21,37,2026/9/5 5:58,Batch 3 · 461
2718,28.89,88.22,37,2026/9/5 5:59,Batch 3 · 461
2717,28.84,88.2,37,2026/9/5 6:00,Batch 3 · 461
2721,28.86,88.2,37,2026/9/5 6:01,Batch 3 · 461
2720,28.87,88.17,37,2026/9/5 6:02,Batch 3 · 461
2726,28.86,88.18,37,2026/9/5 6:03,Batch 3 · 461
2729,28.84,88.16,37,2026/9/5 6:04,Batch 3 · 461
2734,28.84,88.18,36,2026/9/5 6:05,Batch 3 · 461
2734,28.84,88.21,36,2026/9/5 6:06,Batch 3 · 461
2731,28.84,88.21,36,2026/9/5 6:07,Batch 3 · 461
2737,28.83,88.2,36,2026/9/5 6:08,Batch 3 · 461
2742,28.84,88.17,36,2026/9/5 6:09,Batch 3 · 461
2739,28.83,88.2,36,2026/9/5 6:10,Batch 3 · 461
2740,28.86,88.21,36,2026/9/5 6:11,Batch 3 · 461
2743,28.83,88.21,36,2026/9/5 6:12,Batch 3 · 461
2750,28.82,88.21,36,2026/9/5 6:13,Batch 3 · 461
2746,28.82,88.21,36,2026/9/5 6:14,Batch 3 · 461
2747,28.83,88.23,36,2026/9/5 6:15,Batch 3 · 461
2752,28.82,88.22,36,2026/9/5 6:16,Batch 3 · 461
2756,28.83,88.27,36,2026/9/5 6:17,Batch 3 · 461
2759,28.83,88.24,36,2026/9/5 6:18,Batch 3 · 461
2761,28.83,88.26,36,2026/9/5 6:19,Batch 3 · 461
2758,28.83,88.22,36,2026/9/5 6:20,Batch 3 · 461
2761,28.83,88.26,36,2026/9/5 6:21,Batch 3 · 461
2766,28.84,88.26,36,2026/9/5 6:22,Batch 3 · 461
2764,28.86,88.26,36,2026/9/5 6:23,Batch 3 · 461
2768,28.84,88.25,36,2026/9/5 6:24,Batch 3 · 461
2770,28.86,88.3,36,2026/9/5 6:25,Batch 3 · 461
2770,28.84,88.26,36,2026/9/5 6:26,Batch 3 · 461
2773,28.86,88.26,36,2026/9/5 6:27,Batch 3 · 461
2776,28.86,88.26,36,2026/9/5 6:28,Batch 3 · 461
2781,28.87,88.26,35,2026/9/5 6:29,Batch 3 · 461
2778,28.86,88.22,36,2026/9/5 6:30,Batch 3 · 461
2782,28.86,88.2,35,2026/9/5 6:31,Batch 3 · 461
2785,28.86,88.23,35,2026/9/5 6:32,Batch 3 · 461
2789,28.86,88.21,35,2026/9/5 6:33,Batch 3 · 461
2790,28.87,88.2,35,2026/9/5 6:34,Batch 3 · 461
2789,28.84,88.2,35,2026/9/5 6:35,Batch 3 · 461
2793,28.84,88.18,35,2026/9/5 6:36,Batch 3 · 461
2797,28.84,88.2,35,2026/9/5 6:37,Batch 3 · 461
2798,28.86,88.23,35,2026/9/5 6:38,Batch 3 · 461
2798,28.84,88.21,35,2026/9/5 6:39,Batch 3 · 461
2801,28.84,88.24,35,2026/9/5 6:40,Batch 3 · 461
2805,28.86,88.2,35,2026/9/5 6:41,Batch 3 · 461
2806,28.83,88.21,35,2026/9/5 6:42,Batch 3 · 461
2811,28.86,88.21,35,2026/9/5 6:43,Batch 3 · 461
2812,28.83,88.23,35,2026/9/5 6:44,Batch 3 · 461
2809,28.84,88.22,35,2026/9/5 6:45,Batch 3 · 461
2813,28.86,88.23,35,2026/9/5 6:47,Batch 3 · 461
2813,28.86,88.23,35,2026/9/5 6:48,Batch 3 · 461
2819,28.86,88.23,35,2026/9/5 6:49,Batch 3 · 461
2816,28.87,88.23,35,2026/9/5 6:50,Batch 3 · 461
2819,28.86,88.22,35,2026/9/5 6:51,Batch 3 · 461
2825,28.86,88.25,35,2026/9/5 6:52,Batch 3 · 461
2824,28.86,88.23,35,2026/9/5 6:53,Batch 3 · 461
2824,28.86,88.23,35,2026/9/5 6:54,Batch 3 · 461
2832,28.87,88.25,34,2026/9/5 6:55,Batch 3 · 461
2833,28.87,88.24,35,2026/9/5 6:56,Batch 3 · 461
2834,28.87,88.22,35,2026/9/5 6:57,Batch 3 · 461
2837,28.9,88.2,35,2026/9/5 6:58,Batch 3 · 461
2838,28.89,88.22,34,2026/9/5 6:59,Batch 3 · 461
2836,28.87,88.22,35,2026/9/5 7:00,Batch 3 · 461
2842,28.89,88.18,34,2026/9/5 7:01,Batch 3 · 461
2845,28.89,88.18,35,2026/9/5 7:02,Batch 3 · 461
2845,28.89,88.15,34,2026/9/5 7:03,Batch 3 · 461
2848,28.89,88.14,34,2026/9/5 7:04,Batch 3 · 461
2848,28.87,88.13,34,2026/9/5 7:05,Batch 3 · 461
2853,28.87,88.16,34,2026/9/5 7:06,Batch 3 · 461
2852,28.87,88.14,34,2026/9/5 7:07,Batch 3 · 461
2861,28.87,88.18,34,2026/9/5 7:08,Batch 3 · 461
2866,28.86,88.16,34,2026/9/5 7:09,Batch 3 · 461
2862,28.86,88.16,34,2026/9/5 7:10,Batch 3 · 461
2859,28.84,88.15,34,2026/9/5 7:11,Batch 3 · 461
2863,28.86,88.19,34,2026/9/5 7:12,Batch 3 · 461
2867,28.84,88.18,34,2026/9/5 7:13,Batch 3 · 461
2874,28.86,88.17,34,2026/9/5 7:14,Batch 3 · 461
2874,28.83,88.2,34,2026/9/5 7:15,Batch 3 · 461
2870,28.84,88.17,34,2026/9/5 7:16,Batch 3 · 461
2879,28.84,88.22,34,2026/9/5 7:17,Batch 3 · 461
2882,28.84,88.23,34,2026/9/5 7:18,Batch 3 · 461
2882,28.87,88.18,34,2026/9/5 7:19,Batch 3 · 461
2885,28.87,88.26,34,2026/9/5 7:20,Batch 3 · 461
2883,28.86,88.21,34,2026/9/5 7:21,Batch 3 · 461
2882,28.86,88.22,34,2026/9/5 7:22,Batch 3 · 461
2885,28.89,88.24,34,2026/9/5 7:23,Batch 3 · 461
2888,28.86,88.25,34,2026/9/5 7:24,Batch 3 · 461
2892,28.86,88.23,34,2026/9/5 7:25,Batch 3 · 461
2892,28.87,88.24,34,2026/9/5 7:26,Batch 3 · 461
2896,28.87,88.22,34,2026/9/5 7:27,Batch 3 · 461
2899,28.87,88.26,34,2026/9/5 7:28,Batch 3 · 461
2907,28.9,88.26,34,2026/9/5 7:29,Batch 3 · 461
2901,28.9,88.25,34,2026/9/5 7:30,Batch 3 · 461
2907,28.91,88.27,34,2026/9/5 7:31,Batch 3 · 461
2910,28.91,88.23,34,2026/9/5 7:32,Batch 3 · 461
2909,28.91,88.22,34,2026/9/5 7:33,Batch 3 · 461
2912,28.9,88.22,34,2026/9/5 7:34,Batch 3 · 461
2915,28.94,88.2,34,2026/9/5 7:35,Batch 3 · 461
2919,28.9,88.2,34,2026/9/5 7:36,Batch 3 · 461
2918,28.9,88.18,34,2026/9/5 7:38,Batch 3 · 461
2922,28.9,88.17,34,2026/9/5 7:39,Batch 3 · 461
2923,28.93,88.21,34,2026/9/5 7:40,Batch 3 · 461
2921,28.91,88.17,34,2026/9/5 7:41,Batch 3 · 461
2926,28.91,88.15,34,2026/9/5 7:42,Batch 3 · 461
2930,28.91,88.2,34,2026/9/5 7:43,Batch 3 · 461
2932,28.91,88.17,34,2026/9/5 7:44,Batch 3 · 461
2935,28.91,88.18,34,2026/9/5 7:45,Batch 3 · 461
2933,28.9,88.15,34,2026/9/5 7:46,Batch 3 · 461
2932,28.89,88.13,34,2026/9/5 7:47,Batch 3 · 461
2936,28.91,88.14,34,2026/9/5 7:48,Batch 3 · 461
2942,28.9,88.11,34,2026/9/5 7:49,Batch 3 · 461
2943,28.91,88.15,34,2026/9/5 7:50,Batch 3 · 461
2940,28.89,88.11,34,2026/9/5 7:51,Batch 3 · 461
2946,28.86,88.12,34,2026/9/5 7:52,Batch 3 · 461
2949,28.86,88.11,34,2026/9/5 7:53,Batch 3 · 461
2952,28.86,88.12,34,2026/9/5 7:54,Batch 3 · 461
2955,28.87,88.15,35,2026/9/5 7:55,Batch 3 · 461
2954,28.86,88.12,35,2026/9/5 7:56,Batch 3 · 461
2959,28.84,88.11,35,2026/9/5 7:57,Batch 3 · 461
2960,28.86,88.1,35,2026/9/5 7:58,Batch 3 · 461
2962,28.83,88.08,35,2026/9/5 7:59,Batch 3 · 461
2963,28.86,88.11,35,2026/9/5 8:00,Batch 3 · 461
2966,28.83,88.13,35,2026/9/5 8:01,Batch 3 · 461
2969,28.82,88.08,35,2026/9/5 8:02,Batch 3 · 461
2971,28.83,88.15,35,2026/9/5 8:03,Batch 3 · 461
2974,28.82,88.11,35,2026/9/5 8:04,Batch 3 · 461
2974,28.83,88.13,35,2026/9/5 8:05,Batch 3 · 461
2975,28.8,88.1,35,2026/9/5 8:06,Batch 3 · 461
2975,28.79,88.16,35,2026/9/5 8:07,Batch 3 · 461
2983,28.76,88.12,35,2026/9/5 8:08,Batch 3 · 461
2989,28.77,88.11,35,2026/9/5 8:09,Batch 3 · 461
2987,28.79,88.12,35,2026/9/5 8:10,Batch 3 · 461
2987,28.77,88.15,35,2026/9/5 8:11,Batch 3 · 461
2988,28.77,88.15,35,2026/9/5 8:12,Batch 3 · 461
2990,28.76,88.11,35,2026/9/5 8:13,Batch 3 · 461
2994,28.76,88.14,35,2026/9/5 8:14,Batch 3 · 461
2995,28.74,88.15,35,2026/9/5 8:15,Batch 3 · 461
2995,28.74,88.14,35,2026/9/5 8:16,Batch 3 · 461
3003,28.74,88.15,35,2026/9/5 8:17,Batch 3 · 461
3003,28.74,88.15,35,2026/9/5 8:18,Batch 3 · 461
3000,28.72,88.15,35,2026/9/5 8:19,Batch 3 · 461
3002,28.73,88.13,35,2026/9/5 8:20,Batch 3 · 461
3005,28.74,88.14,35,2026/9/5 8:21,Batch 3 · 461
3007,28.73,88.12,35,2026/9/5 8:22,Batch 3 · 461
3012,28.72,88.15,35,2026/9/5 8:23,Batch 3 · 461
3014,28.7,88.12,35,2026/9/5 8:24,Batch 3 · 461
3015,28.7,88.13,35,2026/9/5 8:25,Batch 3 · 461
3014,28.7,88.12,35,2026/9/5 8:26,Batch 3 · 461
3013,28.7,88.11,35,2026/9/5 8:27,Batch 3 · 461
3015,28.69,88.15,35,2026/9/5 8:28,Batch 3 · 461
3021,28.7,88.16,35,2026/9/5 8:29,Batch 3 · 461
3023,28.67,88.11,35,2026/9/5 8:30,Batch 3 · 461
3024,28.66,88.14,35,2026/9/5 8:31,Batch 3 · 461
3029,28.67,88.14,35,2026/9/5 8:32,Batch 3 · 461
3030,28.66,88.15,35,2026/9/5 8:33,Batch 3 · 461
3031,28.66,88.12,35,2026/9/5 8:34,Batch 3 · 461
3033,28.66,88.11,35,2026/9/5 8:35,Batch 3 · 461
3037,28.63,88.1,35,2026/9/5 8:36,Batch 3 · 461
3035,28.63,88.13,36,2026/9/5 8:37,Batch 3 · 461
3035,28.65,88.14,36,2026/9/5 8:38,Batch 3 · 461
3040,28.65,88.12,36,2026/9/5 8:39,Batch 3 · 461
3042,28.63,88.14,36,2026/9/5 8:40,Batch 3 · 461
3043,28.6,88.15,36,2026/9/5 8:41,Batch 3 · 461
3046,28.62,88.16,36,2026/9/5 8:42,Batch 3 · 461
3049,28.59,88.12,36,2026/9/5 8:43,Batch 3 · 461
3051,28.6,88.13,36,2026/9/5 8:44,Batch 3 · 461
3051,28.59,88.12,36,2026/9/5 8:45,Batch 3 · 461
3052,28.62,88.16,36,2026/9/5 8:46,Batch 3 · 461
3053,28.56,88.13,36,2026/9/5 8:47,Batch 3 · 461
3061,28.6,88.16,36,2026/9/5 8:48,Batch 3 · 461
3063,28.58,88.15,36,2026/9/5 8:49,Batch 3 · 461
3066,28.59,88.15,36,2026/9/5 8:50,Batch 3 · 461
3063,28.58,88.15,36,2026/9/5 8:51,Batch 3 · 461
3069,28.58,88.15,36,2026/9/5 8:52,Batch 3 · 461
3070,28.59,88.16,36,2026/9/5 8:53,Batch 3 · 461
3071,28.59,88.15,36,2026/9/5 8:54,Batch 3 · 461
3075,28.6,88.19,36,2026/9/5 8:55,Batch 3 · 461
3077,28.58,88.15,36,2026/9/5 8:56,Batch 3 · 461
3077,28.59,88.17,36,2026/9/5 8:57,Batch 3 · 461
3077,28.58,88.18,36,2026/9/5 8:58,Batch 3 · 461
3077,28.58,88.15,36,2026/9/5 8:59,Batch 3 · 461
3087,28.56,88.16,36,2026/9/5 9:00,Batch 3 · 461
3081,28.55,88.15,36,2026/9/5 9:01,Batch 3 · 461
3084,28.56,88.16,36,2026/9/5 9:02,Batch 3 · 461
3089,28.59,88.14,36,2026/9/5 9:03,Batch 3 · 461
3090,28.55,88.17,36,2026/9/5 9:04,Batch 3 · 461
3091,28.55,88.17,37,2026/9/5 9:05,Batch 3 · 461
3094,28.58,88.17,37,2026/9/5 9:06,Batch 3 · 461
3099,28.58,88.19,37,2026/9/5 9:08,Batch 3 · 461
3098,28.58,88.19,37,2026/9/5 9:09,Batch 3 · 461
3100,28.58,88.18,37,2026/9/5 9:10,Batch 3 · 461
3102,28.59,88.17,37,2026/9/5 9:11,Batch 3 · 461
3109,28.59,88.18,37,2026/9/5 9:12,Batch 3 · 461
3109,28.58,88.19,37,2026/9/5 9:13,Batch 3 · 461
3110,28.56,88.16,37,2026/9/5 9:14,Batch 3 · 461
3106,28.6,88.18,37,2026/9/5 9:15,Batch 3 · 461
3113,28.56,88.14,37,2026/9/5 9:16,Batch 3 · 461
3115,28.56,88.19,37,2026/9/5 9:17,Batch 3 · 461
3114,28.56,88.16,37,2026/9/5 9:18,Batch 3 · 461
3114,28.58,88.15,37,2026/9/5 9:19,Batch 3 · 461
3121,28.58,88.19,37,2026/9/5 9:20,Batch 3 · 461
3122,28.59,88.2,37,2026/9/5 9:21,Batch 3 · 461
3123,28.62,88.16,37,2026/9/5 9:22,Batch 3 · 461
3124,28.59,88.19,37,2026/9/5 9:23,Batch 3 · 461
3130,28.6,88.13,37,2026/9/5 9:24,Batch 3 · 461
3132,28.59,88.18,37,2026/9/5 9:25,Batch 3 · 461
3130,28.58,88.17,37,2026/9/5 9:26,Batch 3 · 461
3133,28.58,88.15,38,2026/9/5 9:27,Batch 3 · 461
3138,28.58,88.13,38,2026/9/5 9:28,Batch 3 · 461
3136,28.58,88.15,38,2026/9/5 9:29,Batch 3 · 461
3138,28.59,88.13,38,2026/9/5 9:30,Batch 3 · 461
3135,28.58,88.14,38,2026/9/5 9:31,Batch 3 · 461
3144,28.58,88.12,38,2026/9/5 9:32,Batch 3 · 461
3143,28.56,88.13,38,2026/9/5 9:33,Batch 3 · 461
3145,28.56,88.11,38,2026/9/5 9:34,Batch 3 · 461
3143,28.56,88.13,38,2026/9/5 9:35,Batch 3 · 461
3151,28.55,88.07,38,2026/9/5 9:36,Batch 3 · 461
3152,28.58,88.09,38,2026/9/5 9:37,Batch 3 · 461
3155,28.55,88.14,38,2026/9/5 9:38,Batch 3 · 461
3151,28.56,88.13,38,2026/9/5 9:39,Batch 3 · 461
3155,28.55,88.07,39,2026/9/5 9:40,Batch 3 · 461
3158,28.55,88.11,39,2026/9/5 9:41,Batch 3 · 461
3165,28.55,88.1,39,2026/9/5 9:42,Batch 3 · 461
3165,28.53,88.11,39,2026/9/5 9:43,Batch 3 · 461
3159,28.55,88.08,39,2026/9/5 9:44,Batch 3 · 461
3165,28.52,88.08,39,2026/9/5 9:45,Batch 3 · 461
3170,28.53,88.11,39,2026/9/5 9:46,Batch 3 · 461
3171,28.53,88.1,39,2026/9/5 9:47,Batch 3 · 461
3174,28.53,88.11,39,2026/9/5 9:48,Batch 3 · 461
3178,28.53,88.1,39,2026/9/5 9:49,Batch 3 · 461
3176,28.52,88.11,39,2026/9/5 9:50,Batch 3 · 461
3175,28.53,88.12,39,2026/9/5 9:51,Batch 3 · 461
3182,28.52,88.1,39,2026/9/5 9:52,Batch 3 · 461
3184,28.5,88.06,39,2026/9/5 9:53,Batch 3 · 461
3185,28.52,88.1,39,2026/9/5 9:54,Batch 3 · 461
3185,28.5,88.13,39,2026/9/5 9:55,Batch 3 · 461
3183,28.5,88.09,39,2026/9/5 9:56,Batch 3 · 461
3186,28.52,88.1,39,2026/9/5 9:57,Batch 3 · 461
3186,28.49,88.09,40,2026/9/5 9:58,Batch 3 · 461
3192,28.52,88.09,40,2026/9/5 9:59,Batch 3 · 461
3192,28.53,88.11,40,2026/9/5 10:00,Batch 3 · 461
3199,28.49,88.12,40,2026/9/5 10:01,Batch 3 · 461
3201,28.49,88.1,40,2026/9/5 10:02,Batch 3 · 461
3203,28.53,88.13,40,2026/9/5 10:03,Batch 3 · 461
3200,28.46,88.11,40,2026/9/5 10:04,Batch 3 · 461
3202,28.52,88.12,40,2026/9/5 10:05,Batch 3 · 461
3204,28.49,88.08,40,2026/9/5 10:06,Batch 3 · 461
3208,28.49,88.14,40,2026/9/5 10:07,Batch 3 · 461
3209,28.5,88.07,40,2026/9/5 10:08,Batch 3 · 461
3204,28.5,88.13,40,2026/9/5 10:09,Batch 3 · 461
3215,28.53,88.12,40,2026/9/5 10:10,Batch 3 · 461
3215,28.52,88.15,41,2026/9/5 10:11,Batch 3 · 461
3221,28.5,88.11,41,2026/9/5 10:12,Batch 3 · 461
3215,28.5,88.09,41,2026/9/5 10:13,Batch 3 · 461
3215,28.53,88.1,41,2026/9/5 10:14,Batch 3 · 461
3222,28.5,88.09,41,2026/9/5 10:15,Batch 3 · 461
3224,28.5,88.08,41,2026/9/5 10:16,Batch 3 · 461
3231,28.52,88.07,41,2026/9/5 10:17,Batch 3 · 461
3229,28.5,88.06,41,2026/9/5 10:18,Batch 3 · 461
3233,28.49,88.08,41,2026/9/5 10:19,Batch 3 · 461
3230,28.5,88.05,41,2026/9/5 10:20,Batch 3 · 461
3234,28.5,88.08,41,2026/9/5 10:21,Batch 3 · 461
3233,28.49,88.06,41,2026/9/5 10:22,Batch 3 · 461
3238,28.48,88.06,41,2026/9/5 10:23,Batch 3 · 461
3244,28.46,88.06,41,2026/9/5 10:24,Batch 3 · 461
3240,28.49,88.09,41,2026/9/5 10:25,Batch 3 · 461
3241,28.46,88.03,41,2026/9/5 10:26,Batch 3 · 461
3240,28.48,88.07,41,2026/9/5 10:27,Batch 3 · 461
3247,28.49,88.08,41,2026/9/5 10:28,Batch 3 · 461
3245,28.48,88.07,41,2026/9/5 10:29,Batch 3 · 461
3247,28.46,88.07,41,2026/9/5 10:30,Batch 3 · 461
3249,28.45,88.08,41,2026/9/5 10:31,Batch 3 · 461
3249,28.45,88.08,41,2026/9/5 10:32,Batch 3 · 461
3252,28.46,88.06,41,2026/9/5 10:33,Batch 3 · 461
3258,28.46,88.06,41,2026/9/5 10:34,Batch 3 · 461
3258,28.45,88.06,42,2026/9/5 10:35,Batch 3 · 461
3256,28.48,88.1,42,2026/9/5 10:37,Batch 3 · 461
3263,28.44,88.06,42,2026/9/5 10:38,Batch 3 · 461
3265,28.46,88.07,42,2026/9/5 10:39,Batch 3 · 461
3260,28.42,88.06,42,2026/9/5 10:40,Batch 3 · 461
3263,28.46,88.09,42,2026/9/5 10:41,Batch 3 · 461
3262,28.45,88.09,42,2026/9/5 10:42,Batch 3 · 461
3265,28.44,88.1,42,2026/9/5 10:43,Batch 3 · 461
3268,28.45,88.06,42,2026/9/5 10:44,Batch 3 · 461
3277,28.46,88.07,42,2026/9/5 10:45,Batch 3 · 461
3273,28.45,88.07,42,2026/9/5 10:46,Batch 3 · 461
3272,28.44,88.08,42,2026/9/5 10:47,Batch 3 · 461
3275,28.45,88.08,42,2026/9/5 10:48,Batch 3 · 461
3278,28.44,88.08,42,2026/9/5 10:49,Batch 3 · 461
3280,28.44,88.06,42,2026/9/5 10:50,Batch 3 · 461
3273,28.44,88.08,42,2026/9/5 10:51,Batch 3 · 461
3283,28.44,88.08,42,2026/9/5 10:52,Batch 3 · 461
3287,28.45,88.06,42,2026/9/5 10:53,Batch 3 · 461
3286,28.45,88.07,42,2026/9/5 10:54,Batch 3 · 461
3283,28.42,88.05,42,2026/9/5 10:55,Batch 3 · 461
3286,28.44,88.09,42,2026/9/5 10:56,Batch 3 · 461
3295,28.44,88.08,42,2026/9/5 10:57,Batch 3 · 461
3296,28.41,88.02,42,2026/9/5 10:58,Batch 3 · 461
3301,28.42,88.06,43,2026/9/5 10:59,Batch 3 · 461
3297,28.44,88.08,43,2026/9/5 11:00,Batch 3 · 461
3295,28.42,88.09,43,2026/9/5 11:01,Batch 3 · 461
3297,28.41,88.05,43,2026/9/5 11:02,Batch 3 · 461
3296,28.42,88.07,43,2026/9/5 11:03,Batch 3 · 461
3299,28.42,88.08,43,2026/9/5 11:04,Batch 3 · 461
3301,28.42,88.1,43,2026/9/5 11:05,Batch 3 · 461
3307,28.42,88.1,43,2026/9/5 11:06,Batch 3 · 461
3307,28.42,88.06,43,2026/9/5 11:07,Batch 3 · 461
3314,28.44,88.09,43,2026/9/5 11:08,Batch 3 · 461
3310,28.44,88.11,43,2026/9/5 11:09,Batch 3 · 461
3308,28.44,88.13,43,2026/9/5 11:10,Batch 3 · 461
3313,28.46,88.1,43,2026/9/5 11:11,Batch 3 · 461
3320,28.46,88.11,43,2026/9/5 11:12,Batch 3 · 461
3317,28.48,88.12,44,2026/9/5 11:13,Batch 3 · 461
3318,28.49,88.08,44,2026/9/5 11:14,Batch 3 · 461
3324,28.48,88.06,44,2026/9/5 11:15,Batch 3 · 461
3327,28.49,88.1,44,2026/9/5 11:16,Batch 3 · 461
3325,28.46,88.06,44,2026/9/5 11:17,Batch 3 · 461
3328,28.49,88.07,44,2026/9/5 11:18,Batch 3 · 461
3330,28.49,88.06,44,2026/9/5 11:19,Batch 3 · 461
3328,28.5,88.11,44,2026/9/5 11:20,Batch 3 · 461
3329,28.49,88.04,44,2026/9/5 11:22,Batch 3 · 461
3337,28.52,88.06,44,2026/9/5 11:23,Batch 3 · 461
3339,28.53,88.07,44,2026/9/5 11:24,Batch 3 · 461
3335,28.52,88.08,44,2026/9/5 11:25,Batch 3 · 461
3336,28.53,88.06,44,2026/9/5 11:26,Batch 3 · 461
3341,28.53,88.03,44,2026/9/5 11:27,Batch 3 · 461
3342,28.55,88.08,44,2026/9/5 11:28,Batch 3 · 461
3340,28.52,88.07,44,2026/9/5 11:29,Batch 3 · 461
3341,28.55,88.06,44,2026/9/5 11:30,Batch 3 · 461
3346,28.58,88.08,44,2026/9/5 11:31,Batch 3 · 461
3345,28.59,88.09,44,2026/9/5 11:32,Batch 3 · 461
3345,28.58,88.07,45,2026/9/5 11:33,Batch 3 · 461
3355,28.59,88.04,45,2026/9/5 11:34,Batch 3 · 461
3353,28.6,88.08,45,2026/9/5 11:35,Batch 3 · 461
3356,28.59,88.05,45,2026/9/5 11:36,Batch 3 · 461
3351,28.62,88.04,45,2026/9/5 11:37,Batch 3 · 461
3354,28.63,88,45,2026/9/5 11:38,Batch 3 · 461
3356,28.6,88.02,45,2026/9/5 11:39,Batch 3 · 461
3359,28.62,87.95,45,2026/9/5 11:40,Batch 3 · 461
3360,28.63,87.99,45,2026/9/5 11:41,Batch 3 · 461
3364,28.62,87.96,45,2026/9/5 11:42,Batch 3 · 461
3366,28.63,87.93,45,2026/9/5 11:43,Batch 3 · 461
3371,28.6,87.97,45,2026/9/5 11:44,Batch 3 · 461
3366,28.63,87.99,45,2026/9/5 11:45,Batch 3 · 461
3367,28.63,87.97,45,2026/9/5 11:46,Batch 3 · 461
3369,28.62,88.01,45,2026/9/5 11:47,Batch 3 · 461
3373,28.63,87.97,45,2026/9/5 11:48,Batch 3 · 461
3376,28.63,88.01,45,2026/9/5 11:49,Batch 3 · 461
3373,28.66,88.01,45,2026/9/5 11:50,Batch 3 · 461
3380,28.65,88.03,45,2026/9/5 11:51,Batch 3 · 461
3378,28.63,88.04,45,2026/9/5 11:52,Batch 3 · 461
3377,28.65,88.03,45,2026/9/5 11:53,Batch 3 · 461
3379,28.69,88.05,45,2026/9/5 11:54,Batch 3 · 461
3386,28.69,88.04,45,2026/9/5 11:55,Batch 3 · 461
3385,28.66,88.01,45,2026/9/5 11:56,Batch 3 · 461
3386,28.7,88.02,45,2026/9/5 11:57,Batch 3 · 461
3386,28.69,88.02,46,2026/9/5 11:58,Batch 3 · 461
3388,28.69,87.99,46,2026/9/5 11:59,Batch 3 · 461
3393,28.72,88.02,46,2026/9/5 12:00,Batch 3 · 461
3390,28.7,88.01,46,2026/9/5 12:01,Batch 3 · 461
3393,28.73,87.98,46,2026/9/5 12:02,Batch 3 · 461
3396,28.73,87.98,46,2026/9/5 12:03,Batch 3 · 461
3396,28.74,87.94,46,2026/9/5 12:04,Batch 3 · 461
3396,28.7,87.93,46,2026/9/5 12:06,Batch 3 · 461
3397,28.72,87.93,46,2026/9/5 12:07,Batch 3 · 461
3399,28.7,87.95,46,2026/9/5 12:08,Batch 3 · 461
3400,28.7,87.94,46,2026/9/5 12:09,Batch 3 · 461
3401,28.72,87.95,46,2026/9/5 12:10,Batch 3 · 461
3404,28.67,87.94,46,2026/9/5 12:11,Batch 3 · 461
3403,28.67,87.95,46,2026/9/5 12:12,Batch 3 · 461
3411,28.69,87.95,46,2026/9/5 12:13,Batch 3 · 461
3413,28.69,87.97,46,2026/9/5 12:14,Batch 3 · 461
3415,28.7,87.97,46,2026/9/5 12:15,Batch 3 · 461
3414,28.72,87.97,46,2026/9/5 12:16,Batch 3 · 461
3414,28.69,87.97,46,2026/9/5 12:17,Batch 3 · 461
3414,28.7,87.97,46,2026/9/5 12:18,Batch 3 · 461
3419,28.73,87.98,46,2026/9/5 12:19,Batch 3 · 461
3418,28.7,87.97,46,2026/9/5 12:20,Batch 3 · 461
3416,28.73,87.97,46,2026/9/5 12:21,Batch 3 · 461
3419,28.7,87.94,46,2026/9/5 12:22,Batch 3 · 461
752,25.82,71.29,0,2026/9/4 12:22,Batch 3 · 343
703,25.9,73.71,0,2026/9/4 12:23,Batch 3 · 343
699,25.93,75.42,0,2026/9/4 12:24,Batch 3 · 343
702,25.99,77.02,0,2026/9/4 12:25,Batch 3 · 343
705,26.04,78.2,0,2026/9/4 12:26,Batch 3 · 343
707,26.06,78.77,0,2026/9/4 12:27,Batch 3 · 343
708,26.09,79.5,0,2026/9/4 12:28,Batch 3 · 343
709,26.14,80.22,0,2026/9/4 12:29,Batch 3 · 343
712,26.2,80.87,0,2026/9/4 12:31,Batch 3 · 343
714,26.2,81.4,0,2026/9/4 12:32,Batch 3 · 343
715,26.23,81.9,0,2026/9/4 12:33,Batch 3 · 343
718,26.27,82.28,0,2026/9/4 12:34,Batch 3 · 343
721,26.3,82.66,0,2026/9/4 12:35,Batch 3 · 343
722,26.32,82.92,0,2026/9/4 12:36,Batch 3 · 343
724,26.35,83.22,0,2026/9/4 12:37,Batch 3 · 343
725,26.41,83.44,0,2026/9/4 12:38,Batch 3 · 343
726,26.44,83.64,0,2026/9/4 12:39,Batch 3 · 343
729,26.46,83.83,0,2026/9/4 12:40,Batch 3 · 343
731,26.52,84.04,0,2026/9/4 12:41,Batch 3 · 343
732,26.53,84.2,0,2026/9/4 12:42,Batch 3 · 343
735,26.53,84.31,0,2026/9/4 12:43,Batch 3 · 343
737,26.61,84.51,0,2026/9/4 12:44,Batch 3 · 343
739,26.65,84.62,0,2026/9/4 12:45,Batch 3 · 343
741,26.68,84.74,0,2026/9/4 12:46,Batch 3 · 343
743,26.72,84.87,0,2026/9/4 12:47,Batch 3 · 343
745,26.73,84.94,0,2026/9/4 12:48,Batch 3 · 343
748,26.77,85.08,0,2026/9/4 12:49,Batch 3 · 343
749,26.79,85.17,0,2026/9/4 12:50,Batch 3 · 343
751,26.84,85.28,0,2026/9/4 12:51,Batch 3 · 343
752,26.84,85.38,6,2026/9/4 12:52,Batch 3 · 343
756,26.88,85.43,6,2026/9/4 12:53,Batch 3 · 343
757,26.91,85.56,7,2026/9/4 12:54,Batch 3 · 343
759,26.93,85.63,7,2026/9/4 12:55,Batch 3 · 343
761,26.97,85.68,8,2026/9/4 12:56,Batch 3 · 343
761,26.98,85.75,8,2026/9/4 12:57,Batch 3 · 343
765,27,85.85,9,2026/9/4 12:58,Batch 3 · 343
767,27.04,85.93,10,2026/9/4 12:59,Batch 3 · 343
770,27.07,86,10,2026/9/4 13:00,Batch 3 · 343
771,27.07,86.05,11,2026/9/4 13:01,Batch 3 · 343
773,27.08,86.13,12,2026/9/4 13:02,Batch 3 · 343
775,27.09,86.16,13,2026/9/4 13:03,Batch 3 · 343
778,27.13,86.23,13,2026/9/4 13:04,Batch 3 · 343
781,27.17,86.3,14,2026/9/4 13:05,Batch 3 · 343
782,27.15,86.3,15,2026/9/4 13:06,Batch 3 · 343
785,27.18,86.42,15,2026/9/4 13:07,Batch 3 · 343
788,27.19,86.45,16,2026/9/4 13:08,Batch 3 · 343
790,27.21,86.49,17,2026/9/4 13:09,Batch 3 · 343
793,27.21,86.56,18,2026/9/4 13:10,Batch 3 · 343
795,27.24,86.62,19,2026/9/4 13:11,Batch 3 · 343
797,27.24,86.65,19,2026/9/4 13:12,Batch 3 · 343
798,27.25,86.68,20,2026/9/4 13:13,Batch 3 · 343
800,27.28,86.74,21,2026/9/4 13:14,Batch 3 · 343
802,27.28,86.76,22,2026/9/4 13:15,Batch 3 · 343
805,27.29,86.84,23,2026/9/4 13:16,Batch 3 · 343
805,27.32,86.86,24,2026/9/4 13:17,Batch 3 · 343
808,27.29,86.93,25,2026/9/4 13:18,Batch 3 · 343
810,27.32,86.95,26,2026/9/4 13:19,Batch 3 · 343
813,27.34,87.01,27,2026/9/4 13:20,Batch 3 · 343
815,27.34,87.04,27,2026/9/4 13:21,Batch 3 · 343
815,27.38,87.07,29,2026/9/4 13:22,Batch 3 · 343
818,27.38,87.14,29,2026/9/4 13:23,Batch 3 · 343
821,27.38,87.14,30,2026/9/4 13:24,Batch 3 · 343
823,27.39,87.19,31,2026/9/4 13:25,Batch 3 · 343
826,27.42,87.23,32,2026/9/4 13:26,Batch 3 · 343
828,27.45,87.26,33,2026/9/4 13:27,Batch 3 · 343
829,27.46,87.31,34,2026/9/4 13:28,Batch 3 · 343
829,27.47,87.33,35,2026/9/4 13:29,Batch 3 · 343
831,27.49,87.35,36,2026/9/4 13:30,Batch 3 · 343
833,27.5,87.42,37,2026/9/4 13:31,Batch 3 · 343
836,27.5,87.42,38,2026/9/4 13:32,Batch 3 · 343
839,27.53,87.43,39,2026/9/4 13:33,Batch 3 · 343
841,27.54,87.42,40,2026/9/4 13:34,Batch 3 · 343
843,27.57,87.5,41,2026/9/4 13:35,Batch 3 · 343
844,27.6,87.52,42,2026/9/4 13:36,Batch 3 · 343
846,27.63,87.52,43,2026/9/4 13:37,Batch 3 · 343
848,27.6,87.54,45,2026/9/4 13:38,Batch 3 · 343
850,27.63,87.55,45,2026/9/4 13:39,Batch 3 · 343
852,27.67,87.59,46,2026/9/4 13:40,Batch 3 · 343
854,27.64,87.63,48,2026/9/4 13:41,Batch 3 · 343
856,27.7,87.62,48,2026/9/4 13:42,Batch 3 · 343
857,27.7,87.62,50,2026/9/4 13:43,Batch 3 · 343
860,27.71,87.65,50,2026/9/4 13:44,Batch 3 · 343
863,27.73,87.67,52,2026/9/4 13:45,Batch 3 · 343
865,27.73,87.71,52,2026/9/4 13:46,Batch 3 · 343
865,27.73,87.7,54,2026/9/4 13:47,Batch 3 · 343
867,27.76,87.73,55,2026/9/4 13:48,Batch 3 · 343
869,27.76,87.74,55,2026/9/4 13:49,Batch 3 · 343
870,27.76,87.77,57,2026/9/4 13:50,Batch 3 · 343
874,27.77,87.79,58,2026/9/4 13:51,Batch 3 · 343
878,27.78,87.8,59,2026/9/4 13:52,Batch 3 · 343
879,27.78,87.81,60,2026/9/4 13:53,Batch 3 · 343
881,27.8,87.84,61,2026/9/4 13:54,Batch 3 · 343
884,27.81,87.83,62,2026/9/4 13:55,Batch 3 · 343
886,27.8,87.84,63,2026/9/4 13:56,Batch 3 · 343
891,27.8,87.87,64,2026/9/4 13:57,Batch 3 · 343
893,27.83,87.87,64,2026/9/4 13:58,Batch 3 · 343
895,27.81,87.9,66,2026/9/4 13:59,Batch 3 · 343
895,27.81,87.9,66,2026/9/4 14:00,Batch 3 · 343
897,27.8,87.93,67,2026/9/4 14:01,Batch 3 · 343
903,27.83,87.95,68,2026/9/4 14:02,Batch 3 · 343
902,27.83,87.92,69,2026/9/4 14:03,Batch 3 · 343
904,27.84,87.96,70,2026/9/4 14:04,Batch 3 · 343
909,27.84,87.98,71,2026/9/4 14:05,Batch 3 · 343
911,27.83,87.99,72,2026/9/4 14:06,Batch 3 · 343
914,27.81,88,73,2026/9/4 14:07,Batch 3 · 343
914,27.83,88.02,73,2026/9/4 14:08,Batch 3 · 343
917,27.84,88.07,75,2026/9/4 14:09,Batch 3 · 343
921,27.81,88.07,76,2026/9/4 14:10,Batch 3 · 343
926,27.83,88.08,76,2026/9/4 14:11,Batch 3 · 343
925,27.84,88.1,77,2026/9/4 14:12,Batch 3 · 343
927,27.83,88.11,78,2026/9/4 14:13,Batch 3 · 343
929,27.8,88.1,79,2026/9/4 14:14,Batch 3 · 343
931,27.83,88.14,80,2026/9/4 14:15,Batch 3 · 343
934,27.81,88.13,80,2026/9/4 14:16,Batch 3 · 343
938,27.81,88.14,81,2026/9/4 14:17,Batch 3 · 343
939,27.83,88.15,82,2026/9/4 14:18,Batch 3 · 343
942,27.83,88.17,83,2026/9/4 14:19,Batch 3 · 343
944,27.8,88.15,84,2026/9/4 14:20,Batch 3 · 343
945,27.81,88.19,84,2026/9/4 14:21,Batch 3 · 343
948,27.81,88.2,85,2026/9/4 14:22,Batch 3 · 343
949,27.81,88.22,86,2026/9/4 14:23,Batch 3 · 343
951,27.81,88.22,87,2026/9/4 14:24,Batch 3 · 343
956,27.81,88.26,87,2026/9/4 14:25,Batch 3 · 343
957,27.81,88.26,89,2026/9/4 14:26,Batch 3 · 343
960,27.83,88.25,89,2026/9/4 14:27,Batch 3 · 343
962,27.85,88.28,90,2026/9/4 14:28,Batch 3 · 343
964,27.83,88.28,91,2026/9/4 14:29,Batch 3 · 343
967,27.85,88.28,91,2026/9/4 14:30,Batch 3 · 343
968,27.87,88.31,92,2026/9/4 14:31,Batch 3 · 343
969,27.88,88.32,93,2026/9/4 14:32,Batch 3 · 343
972,27.88,88.32,93,2026/9/4 14:33,Batch 3 · 343
975,27.87,88.3,95,2026/9/4 14:34,Batch 3 · 343
978,27.87,88.31,96,2026/9/4 14:35,Batch 3 · 343
980,27.87,88.34,96,2026/9/4 14:36,Batch 3 · 343
982,27.9,88.34,97,2026/9/4 14:37,Batch 3 · 343
985,27.94,88.36,98,2026/9/4 14:38,Batch 3 · 343
987,27.9,88.35,98,2026/9/4 14:39,Batch 3 · 343
990,27.92,88.33,100,2026/9/4 14:40,Batch 3 · 343
991,27.92,88.33,100,2026/9/4 14:41,Batch 3 · 343
993,27.95,88.36,100,2026/9/4 14:42,Batch 3 · 343
994,27.94,88.32,102,2026/9/4 14:43,Batch 3 · 343
996,27.95,88.36,102,2026/9/4 14:44,Batch 3 · 343
997,27.95,88.33,103,2026/9/4 14:45,Batch 3 · 343
1000,27.94,88.34,103,2026/9/4 14:46,Batch 3 · 343
1004,27.97,88.37,104,2026/9/4 14:47,Batch 3 · 343
1006,27.95,88.35,105,2026/9/4 14:48,Batch 3 · 343
1008,27.95,88.36,106,2026/9/4 14:49,Batch 3 · 343
1013,27.97,88.38,106,2026/9/4 14:50,Batch 3 · 343
1016,27.97,88.34,106,2026/9/4 14:51,Batch 3 · 343
1015,27.98,88.36,107,2026/9/4 14:52,Batch 3 · 343
1015,27.99,88.35,108,2026/9/4 14:53,Batch 3 · 343
1019,27.97,88.36,108,2026/9/4 14:54,Batch 3 · 343
1021,27.99,88.39,109,2026/9/4 14:55,Batch 3 · 343
1024,28.01,88.39,110,2026/9/4 14:56,Batch 3 · 343
1025,28.01,88.36,111,2026/9/4 14:57,Batch 3 · 343
1026,27.99,88.39,112,2026/9/4 14:58,Batch 3 · 343
1029,28.02,88.38,112,2026/9/4 14:59,Batch 3 · 343
1031,28.02,88.37,113,2026/9/4 15:01,Batch 3 · 343
1033,28.02,88.34,113,2026/9/4 15:02,Batch 3 · 343
1035,28.03,88.38,115,2026/9/4 15:03,Batch 3 · 343
1037,28.05,88.42,115,2026/9/4 15:04,Batch 3 · 343
1042,28.05,88.36,116,2026/9/4 15:05,Batch 3 · 343
1042,28.02,88.37,116,2026/9/4 15:06,Batch 3 · 343
1044,28.05,88.36,117,2026/9/4 15:07,Batch 3 · 343
1044,28.06,88.35,118,2026/9/4 15:08,Batch 3 · 343
1046,28.1,88.38,119,2026/9/4 15:09,Batch 3 · 343
1051,28.08,88.36,120,2026/9/4 15:10,Batch 3 · 343
1051,28.09,88.33,120,2026/9/4 15:11,Batch 3 · 343
1055,28.09,88.37,121,2026/9/4 15:12,Batch 3 · 343
1057,28.1,88.35,122,2026/9/4 15:13,Batch 3 · 343
1058,28.09,88.36,122,2026/9/4 15:14,Batch 3 · 343
1061,28.1,88.34,123,2026/9/4 15:15,Batch 3 · 343
1063,28.09,88.33,123,2026/9/4 15:16,Batch 3 · 343
1066,28.09,88.37,124,2026/9/4 15:17,Batch 3 · 343
1070,28.12,88.34,125,2026/9/4 15:18,Batch 3 · 343
1072,28.1,88.35,125,2026/9/4 15:19,Batch 3 · 343
1072,28.09,88.33,126,2026/9/4 15:20,Batch 3 · 343
1075,28.09,88.3,126,2026/9/4 15:21,Batch 3 · 343
1078,28.1,88.34,127,2026/9/4 15:22,Batch 3 · 343
1079,28.08,88.31,128,2026/9/4 15:23,Batch 3 · 343
1081,28.12,88.32,128,2026/9/4 15:24,Batch 3 · 343
1083,28.13,88.34,129,2026/9/4 15:25,Batch 3 · 343
1084,28.13,88.32,129,2026/9/4 15:26,Batch 3 · 343
1088,28.13,88.34,130,2026/9/4 15:27,Batch 3 · 343
1091,28.12,88.34,130,2026/9/4 15:28,Batch 3 · 343
1089,28.13,88.3,131,2026/9/4 15:29,Batch 3 · 343
1094,28.15,88.35,131,2026/9/4 15:30,Batch 3 · 343
1097,28.16,88.31,132,2026/9/4 15:31,Batch 3 · 343
1096,28.16,88.32,132,2026/9/4 15:32,Batch 3 · 343
1098,28.17,88.3,133,2026/9/4 15:33,Batch 3 · 343
1103,28.16,88.31,133,2026/9/4 15:34,Batch 3 · 343
1102,28.17,88.32,133,2026/9/4 15:35,Batch 3 · 343
1105,28.17,88.3,134,2026/9/4 15:36,Batch 3 · 343
1109,28.17,88.35,135,2026/9/4 15:37,Batch 3 · 343
1110,28.17,88.31,136,2026/9/4 15:38,Batch 3 · 343
1113,28.19,88.33,136,2026/9/4 15:39,Batch 3 · 343
1113,28.19,88.31,136,2026/9/4 15:40,Batch 3 · 343
1116,28.19,88.27,136,2026/9/4 15:41,Batch 3 · 343
1119,28.16,88.29,136,2026/9/4 15:42,Batch 3 · 343
1120,28.19,88.31,137,2026/9/4 15:43,Batch 3 · 343
1123,28.2,88.26,137,2026/9/4 15:44,Batch 3 · 343
1125,28.19,88.31,137,2026/9/4 15:45,Batch 3 · 343
1125,28.2,88.28,138,2026/9/4 15:46,Batch 3 · 343
1127,28.19,88.25,139,2026/9/4 15:47,Batch 3 · 343
1128,28.19,88.28,139,2026/9/4 15:48,Batch 3 · 343
1131,28.19,88.26,139,2026/9/4 15:49,Batch 3 · 343
1136,28.2,88.25,140,2026/9/4 15:50,Batch 3 · 343
1138,28.19,88.26,140,2026/9/4 15:51,Batch 3 · 343
1140,28.22,88.28,140,2026/9/4 15:52,Batch 3 · 343
1142,28.19,88.27,140,2026/9/4 15:53,Batch 3 · 343
1144,28.16,88.25,140,2026/9/4 15:54,Batch 3 · 343
1145,28.17,88.27,140,2026/9/4 15:55,Batch 3 · 343
1146,28.15,88.23,140,2026/9/4 15:56,Batch 3 · 343
1150,28.17,88.25,140,2026/9/4 15:57,Batch 3 · 343
1152,28.17,88.28,140,2026/9/4 15:58,Batch 3 · 343
1156,28.16,88.25,141,2026/9/4 15:59,Batch 3 · 343
1158,28.15,88.27,141,2026/9/4 16:00,Batch 3 · 343
1159,28.15,88.26,141,2026/9/4 16:01,Batch 3 · 343
1160,28.17,88.23,141,2026/9/4 16:02,Batch 3 · 343
1164,28.15,88.25,142,2026/9/4 16:03,Batch 3 · 343
1166,28.13,88.25,142,2026/9/4 16:04,Batch 3 · 343
1167,28.15,88.23,142,2026/9/4 16:05,Batch 3 · 343
1167,28.13,88.29,142,2026/9/4 16:06,Batch 3 · 343
1168,28.13,88.23,142,2026/9/4 16:07,Batch 3 · 343
1168,28.15,88.25,142,2026/9/4 16:08,Batch 3 · 343
1171,28.15,88.26,143,2026/9/4 16:09,Batch 3 · 343
1173,28.16,88.27,143,2026/9/4 16:10,Batch 3 · 343
1179,28.16,88.28,143,2026/9/4 16:11,Batch 3 · 343
1180,28.15,88.25,143,2026/9/4 16:12,Batch 3 · 343
1181,28.19,88.27,143,2026/9/4 16:13,Batch 3 · 343
1183,28.19,88.3,143,2026/9/4 16:14,Batch 3 · 343
1184,28.17,88.27,143,2026/9/4 16:15,Batch 3 · 343
1186,28.19,88.23,143,2026/9/4 16:16,Batch 3 · 343
1190,28.17,88.25,143,2026/9/4 16:17,Batch 3 · 343
1193,28.19,88.29,144,2026/9/4 16:18,Batch 3 · 343
1195,28.23,88.28,144,2026/9/4 16:19,Batch 3 · 343
1194,28.22,88.26,144,2026/9/4 16:20,Batch 3 · 343
1197,28.22,88.26,144,2026/9/4 16:21,Batch 3 · 343
1200,28.2,88.27,145,2026/9/4 16:22,Batch 3 · 343
1204,28.22,88.25,145,2026/9/4 16:23,Batch 3 · 343
1206,28.23,88.24,145,2026/9/4 16:24,Batch 3 · 343
1208,28.23,88.23,145,2026/9/4 16:25,Batch 3 · 343
1207,28.23,88.23,145,2026/9/4 16:26,Batch 3 · 343
1211,28.23,88.22,145,2026/9/4 16:27,Batch 3 · 343
1215,28.25,88.22,145,2026/9/4 16:28,Batch 3 · 343
1218,28.26,88.25,145,2026/9/4 16:29,Batch 3 · 343
1218,28.23,88.2,145,2026/9/4 16:30,Batch 3 · 343
1220,28.25,88.22,145,2026/9/4 16:31,Batch 3 · 343
1223,28.23,88.18,146,2026/9/4 16:32,Batch 3 · 343
1225,28.3,88.23,145,2026/9/4 16:33,Batch 3 · 343
1225,28.25,88.2,146,2026/9/4 16:34,Batch 3 · 343
1226,28.26,88.22,146,2026/9/4 16:35,Batch 3 · 343
1229,28.28,88.22,146,2026/9/4 16:36,Batch 3 · 343
1233,28.26,88.21,146,2026/9/4 16:37,Batch 3 · 343
1235,28.26,88.21,146,2026/9/4 16:38,Batch 3 · 343
1237,28.28,88.22,146,2026/9/4 16:39,Batch 3 · 343
1238,28.25,88.21,146,2026/9/4 16:40,Batch 3 · 343
1241,28.25,88.18,146,2026/9/4 16:41,Batch 3 · 343
1242,28.25,88.15,146,2026/9/4 16:42,Batch 3 · 343
1245,28.26,88.2,146,2026/9/4 16:43,Batch 3 · 343
1246,28.26,88.15,146,2026/9/4 16:44,Batch 3 · 343
1248,28.25,88.22,147,2026/9/4 16:45,Batch 3 · 343
1249,28.3,88.21,147,2026/9/4 16:46,Batch 3 · 343
1250,28.26,88.15,147,2026/9/4 16:47,Batch 3 · 343
1253,28.28,88.17,147,2026/9/4 16:48,Batch 3 · 343
1255,28.26,88.19,147,2026/9/4 16:49,Batch 3 · 343
1255,28.28,88.15,147,2026/9/4 16:50,Batch 3 · 343
1257,28.28,88.19,147,2026/9/4 16:51,Batch 3 · 343
1259,28.26,88.14,147,2026/9/4 16:52,Batch 3 · 343
1260,28.25,88.14,147,2026/9/4 16:53,Batch 3 · 343
1263,28.25,88.21,147,2026/9/4 16:54,Batch 3 · 343
1266,28.26,88.17,147,2026/9/4 16:55,Batch 3 · 343
1269,28.26,88.14,147,2026/9/4 16:56,Batch 3 · 343
1271,28.26,88.19,147,2026/9/4 16:57,Batch 3 · 343
1273,28.26,88.19,147,2026/9/4 16:58,Batch 3 · 343
1272,28.26,88.17,147,2026/9/4 16:59,Batch 3 · 343
1274,28.26,88.12,147,2026/9/4 17:00,Batch 3 · 343
1278,28.26,88.15,147,2026/9/4 17:01,Batch 3 · 343
1278,28.26,88.14,147,2026/9/4 17:02,Batch 3 · 343
1282,28.28,88.17,148,2026/9/4 17:03,Batch 3 · 343
1278,28.26,88.15,148,2026/9/4 17:04,Batch 3 · 343
1281,28.26,88.17,148,2026/9/4 17:06,Batch 3 · 343
1283,28.25,88.12,148,2026/9/4 17:07,Batch 3 · 343
1287,28.26,88.14,148,2026/9/4 17:08,Batch 3 · 343
1290,28.26,88.17,148,2026/9/4 17:09,Batch 3 · 343
1291,28.26,88.16,148,2026/9/4 17:10,Batch 3 · 343
1295,28.23,88.15,148,2026/9/4 17:11,Batch 3 · 343
1296,28.26,88.14,148,2026/9/4 17:12,Batch 3 · 343
1297,28.26,88.13,148,2026/9/4 17:13,Batch 3 · 343
1298,28.26,88.12,148,2026/9/4 17:14,Batch 3 · 343
1303,28.25,88.13,148,2026/9/4 17:15,Batch 3 · 343
1304,28.23,88.12,148,2026/9/4 17:16,Batch 3 · 343
1305,28.28,88.15,148,2026/9/4 17:17,Batch 3 · 343
1308,28.25,88.13,148,2026/9/4 17:18,Batch 3 · 343
1311,28.26,88.13,148,2026/9/4 17:19,Batch 3 · 343
1311,28.22,88.13,148,2026/9/4 17:20,Batch 3 · 343
1313,28.22,88.11,148,2026/9/4 17:21,Batch 3 · 343
1313,28.2,88.15,148,2026/9/4 17:22,Batch 3 · 343
1317,28.22,88.13,149,2026/9/4 17:23,Batch 3 · 343
1318,28.2,88.11,148,2026/9/4 17:24,Batch 3 · 343
1317,28.23,88.13,148,2026/9/4 17:25,Batch 3 · 343
1323,28.22,88.09,148,2026/9/4 17:26,Batch 3 · 343
1325,28.22,88.12,148,2026/9/4 17:27,Batch 3 · 343
1326,28.22,88.14,148,2026/9/4 17:28,Batch 3 · 343
1325,28.2,88.15,148,2026/9/4 17:29,Batch 3 · 343
1328,28.23,88.11,148,2026/9/4 17:30,Batch 3 · 343
1329,28.22,88.15,148,2026/9/4 17:31,Batch 3 · 343
1332,28.22,88.15,148,2026/9/4 17:32,Batch 3 · 343
1335,28.22,88.16,148,2026/9/4 17:33,Batch 3 · 343
1336,28.23,88.15,148,2026/9/4 17:34,Batch 3 · 343
1336,28.26,88.18,149,2026/9/4 17:35,Batch 3 · 343
1337,28.25,88.15,149,2026/9/4 17:36,Batch 3 · 343
1340,28.23,88.13,149,2026/9/4 17:37,Batch 3 · 343
1342,28.23,88.15,149,2026/9/4 17:38,Batch 3 · 343
1343,28.25,88.15,149,2026/9/4 17:39,Batch 3 · 343
1343,28.28,88.15,149,2026/9/4 17:40,Batch 3 · 343
1348,28.28,88.14,149,2026/9/4 17:41,Batch 3 · 343
1350,28.29,88.13,149,2026/9/4 17:42,Batch 3 · 343
1352,28.29,88.1,149,2026/9/4 17:43,Batch 3 · 343
1354,28.33,88.12,149,2026/9/4 17:44,Batch 3 · 343
1355,28.32,88.11,149,2026/9/4 17:45,Batch 3 · 343
1358,28.32,88.1,149,2026/9/4 17:46,Batch 3 · 343
1357,28.3,88.11,149,2026/9/4 17:47,Batch 3 · 343
1360,28.32,88.08,150,2026/9/4 17:48,Batch 3 · 343
1360,28.3,88.09,149,2026/9/4 17:49,Batch 3 · 343
1361,28.3,88.09,150,2026/9/4 17:50,Batch 3 · 343
1364,28.34,88.09,149,2026/9/4 17:51,Batch 3 · 343
1362,28.32,88.07,150,2026/9/4 17:52,Batch 3 · 343
1365,28.32,88.09,150,2026/9/4 17:53,Batch 3 · 343
1369,28.32,88.12,150,2026/9/4 17:54,Batch 3 · 343
1369,28.3,88.07,150,2026/9/4 17:55,Batch 3 · 343
1368,28.29,88.06,150,2026/9/4 17:56,Batch 3 · 343
1370,28.33,88.09,150,2026/9/4 17:57,Batch 3 · 343
1376,28.29,88.07,150,2026/9/4 17:58,Batch 3 · 343
1377,28.29,88.06,150,2026/9/4 17:59,Batch 3 · 343
1378,28.32,88.07,150,2026/9/4 18:00,Batch 3 · 343
1379,28.3,88.06,150,2026/9/4 18:01,Batch 3 · 343
1381,28.32,88.08,150,2026/9/4 18:02,Batch 3 · 343
1383,28.3,88.06,150,2026/9/4 18:03,Batch 3 · 343
1384,28.33,88.1,150,2026/9/4 18:04,Batch 3 · 343
1388,28.33,88.1,150,2026/9/4 18:05,Batch 3 · 343
1389,28.3,88.08,150,2026/9/4 18:06,Batch 3 · 343
1390,28.3,88.06,149,2026/9/4 18:07,Batch 3 · 343
1391,28.32,88.05,149,2026/9/4 18:08,Batch 3 · 343
1395,28.32,88.06,150,2026/9/4 18:09,Batch 3 · 343
1396,28.34,88.06,149,2026/9/4 18:10,Batch 3 · 343
1396,28.36,88.06,149,2026/9/4 18:11,Batch 3 · 343
1398,28.34,88.06,149,2026/9/4 18:12,Batch 3 · 343
1400,28.34,88.08,149,2026/9/4 18:13,Batch 3 · 343
1404,28.37,88.05,149,2026/9/4 18:14,Batch 3 · 343
1403,28.34,88.06,149,2026/9/4 18:15,Batch 3 · 343
1406,28.37,88.05,149,2026/9/4 18:16,Batch 3 · 343
1408,28.39,88.07,149,2026/9/4 18:17,Batch 3 · 343
1407,28.41,88.06,149,2026/9/4 18:18,Batch 3 · 343
1409,28.41,88.04,149,2026/9/4 18:19,Batch 3 · 343
1412,28.4,88.05,149,2026/9/4 18:20,Batch 3 · 343
1415,28.41,88.02,149,2026/9/4 18:21,Batch 3 · 343
1416,28.44,88.03,149,2026/9/4 18:22,Batch 3 · 343
1419,28.44,88.05,149,2026/9/4 18:23,Batch 3 · 343
1422,28.44,88.06,149,2026/9/4 18:24,Batch 3 · 343
1422,28.44,87.99,149,2026/9/4 18:25,Batch 3 · 343
1424,28.46,88.01,149,2026/9/4 18:26,Batch 3 · 343
1426,28.43,88,149,2026/9/4 18:27,Batch 3 · 343
1427,28.43,87.98,149,2026/9/4 18:28,Batch 3 · 343
1429,28.44,88.01,148,2026/9/4 18:29,Batch 3 · 343
1429,28.43,87.97,148,2026/9/4 18:30,Batch 3 · 343
1431,28.44,87.98,148,2026/9/4 18:31,Batch 3 · 343
1431,28.43,87.99,148,2026/9/4 18:32,Batch 3 · 343
1435,28.43,87.96,147,2026/9/4 18:33,Batch 3 · 343
1438,28.41,87.97,147,2026/9/4 18:34,Batch 3 · 343
1438,28.43,88,147,2026/9/4 18:35,Batch 3 · 343
1441,28.39,87.95,146,2026/9/4 18:36,Batch 3 · 343
1443,28.41,87.99,146,2026/9/4 18:37,Batch 3 · 343
1446,28.4,87.94,146,2026/9/4 18:38,Batch 3 · 343
1447,28.39,87.99,146,2026/9/4 18:39,Batch 3 · 343
1446,28.4,88,146,2026/9/4 18:40,Batch 3 · 343
1447,28.39,87.97,145,2026/9/4 18:41,Batch 3 · 343
1450,28.41,87.98,145,2026/9/4 18:42,Batch 3 · 343
1454,28.39,87.97,145,2026/9/4 18:43,Batch 3 · 343
1453,28.4,87.99,145,2026/9/4 18:44,Batch 3 · 343
1454,28.4,87.99,145,2026/9/4 18:45,Batch 3 · 343
1456,28.41,87.95,145,2026/9/4 18:46,Batch 3 · 343
1458,28.4,87.95,145,2026/9/4 18:47,Batch 3 · 343
1459,28.41,87.99,144,2026/9/4 18:48,Batch 3 · 343
1463,28.4,87.97,144,2026/9/4 18:49,Batch 3 · 343
1465,28.46,88.01,143,2026/9/4 18:50,Batch 3 · 343
1467,28.4,88,144,2026/9/4 18:51,Batch 3 · 343
1469,28.43,88.01,143,2026/9/4 18:52,Batch 3 · 343
1469,28.41,87.96,143,2026/9/4 18:53,Batch 3 · 343
1469,28.43,87.99,143,2026/9/4 18:54,Batch 3 · 343
1471,28.44,87.99,143,2026/9/4 18:55,Batch 3 · 343
1473,28.44,87.97,143,2026/9/4 18:56,Batch 3 · 343
1476,28.43,87.99,143,2026/9/4 18:57,Batch 3 · 343
1478,28.46,87.98,143,2026/9/4 18:58,Batch 3 · 343
1478,28.46,88.01,143,2026/9/4 18:59,Batch 3 · 343
1482,28.49,88,142,2026/9/4 19:00,Batch 3 · 343
1481,28.46,87.99,142,2026/9/4 19:01,Batch 3 · 343
1486,28.47,87.97,142,2026/9/4 19:02,Batch 3 · 343
1487,28.44,87.97,142,2026/9/4 19:03,Batch 3 · 343
1490,28.44,87.95,141,2026/9/4 19:04,Batch 3 · 343
1491,28.46,87.95,141,2026/9/4 19:05,Batch 3 · 343
1493,28.47,87.96,141,2026/9/4 19:06,Batch 3 · 343
1496,28.44,87.94,140,2026/9/4 19:07,Batch 3 · 343
1499,28.46,87.95,140,2026/9/4 19:08,Batch 3 · 343
1500,28.46,87.95,140,2026/9/4 19:09,Batch 3 · 343
1502,28.46,87.95,140,2026/9/4 19:10,Batch 3 · 343
1503,28.43,87.95,140,2026/9/4 19:11,Batch 3 · 343
1503,28.41,87.93,140,2026/9/4 19:12,Batch 3 · 343
1506,28.43,87.95,139,2026/9/4 19:13,Batch 3 · 343
1510,28.4,87.92,139,2026/9/4 19:14,Batch 3 · 343
1510,28.41,87.96,138,2026/9/4 19:15,Batch 3 · 343
1513,28.4,87.95,137,2026/9/4 19:16,Batch 3 · 343
1514,28.43,87.97,137,2026/9/4 19:18,Batch 3 · 343
1519,28.39,87.95,137,2026/9/4 19:19,Batch 3 · 343
1517,28.39,87.95,136,2026/9/4 19:20,Batch 3 · 343
1521,28.4,87.97,136,2026/9/4 19:21,Batch 3 · 343
1522,28.39,87.95,136,2026/9/4 19:22,Batch 3 · 343
1522,28.39,87.97,136,2026/9/4 19:23,Batch 3 · 343
1525,28.39,87.99,136,2026/9/4 19:24,Batch 3 · 343
1525,28.4,87.99,135,2026/9/4 19:25,Batch 3 · 343
1526,28.39,87.97,135,2026/9/4 19:26,Batch 3 · 343
1527,28.4,87.96,134,2026/9/4 19:27,Batch 3 · 343
1531,28.39,87.99,134,2026/9/4 19:28,Batch 3 · 343
1532,28.39,87.97,133,2026/9/4 19:29,Batch 3 · 343
1535,28.4,87.97,133,2026/9/4 19:30,Batch 3 · 343
1537,28.37,87.94,133,2026/9/4 19:31,Batch 3 · 343
1538,28.39,87.95,133,2026/9/4 19:32,Batch 3 · 343
1539,28.41,87.97,133,2026/9/4 19:33,Batch 3 · 343
1541,28.41,87.95,133,2026/9/4 19:34,Batch 3 · 343
1540,28.41,87.98,132,2026/9/4 19:35,Batch 3 · 343
1542,28.41,87.97,132,2026/9/4 19:36,Batch 3 · 343
1544,28.43,87.97,132,2026/9/4 19:37,Batch 3 · 343
1547,28.41,87.95,132,2026/9/4 19:38,Batch 3 · 343
1548,28.41,87.97,131,2026/9/4 19:39,Batch 3 · 343
1549,28.46,87.94,131,2026/9/4 19:40,Batch 3 · 343
1548,28.41,87.92,131,2026/9/4 19:41,Batch 3 · 343
1551,28.41,87.93,130,2026/9/4 19:42,Batch 3 · 343
1553,28.44,87.94,130,2026/9/4 19:43,Batch 3 · 343
1555,28.44,87.94,130,2026/9/4 19:44,Batch 3 · 343
1555,28.43,87.93,129,2026/9/4 19:45,Batch 3 · 343
1557,28.41,87.92,129,2026/9/4 19:46,Batch 3 · 343
1561,28.41,87.92,129,2026/9/4 19:47,Batch 3 · 343
1560,28.43,87.94,128,2026/9/4 19:48,Batch 3 · 343
1562,28.41,87.94,128,2026/9/4 19:49,Batch 3 · 343
1564,28.41,87.9,128,2026/9/4 19:50,Batch 3 · 343
1565,28.4,87.94,128,2026/9/4 19:51,Batch 3 · 343
1567,28.39,87.93,127,2026/9/4 19:52,Batch 3 · 343
1567,28.39,87.93,127,2026/9/4 19:53,Batch 3 · 343
1570,28.39,87.91,126,2026/9/4 19:54,Batch 3 · 343
1571,28.37,87.93,126,2026/9/4 19:55,Batch 3 · 343
1576,28.37,87.92,126,2026/9/4 19:56,Batch 3 · 343
1577,28.37,87.91,125,2026/9/4 19:57,Batch 3 · 343
1577,28.4,87.92,125,2026/9/4 19:58,Batch 3 · 343
1578,28.4,87.93,125,2026/9/4 19:59,Batch 3 · 343
1581,28.4,87.95,124,2026/9/4 20:00,Batch 3 · 343
1582,28.39,87.93,124,2026/9/4 20:01,Batch 3 · 343
1585,28.41,87.92,123,2026/9/4 20:02,Batch 3 · 343
1585,28.39,87.93,123,2026/9/4 20:03,Batch 3 · 343
1584,28.39,87.91,123,2026/9/4 20:04,Batch 3 · 343
1587,28.41,87.95,123,2026/9/4 20:05,Batch 3 · 343
1589,28.4,87.97,122,2026/9/4 20:06,Batch 3 · 343
1591,28.41,87.93,122,2026/9/4 20:07,Batch 3 · 343
1593,28.41,87.92,122,2026/9/4 20:08,Batch 3 · 343
1593,28.41,87.97,122,2026/9/4 20:09,Batch 3 · 343
1594,28.43,87.92,122,2026/9/4 20:10,Batch 3 · 343
1597,28.4,87.98,121,2026/9/4 20:11,Batch 3 · 343
1600,28.46,87.94,121,2026/9/4 20:12,Batch 3 · 343
1598,28.44,87.92,121,2026/9/4 20:13,Batch 3 · 343
1602,28.44,87.93,120,2026/9/4 20:14,Batch 3 · 343
1600,28.47,87.95,120,2026/9/4 20:15,Batch 3 · 343
1602,28.47,87.91,120,2026/9/4 20:16,Batch 3 · 343
1603,28.5,87.91,120,2026/9/4 20:17,Batch 3 · 343
1606,28.47,87.91,119,2026/9/4 20:18,Batch 3 · 343
1608,28.5,87.9,119,2026/9/4 20:19,Batch 3 · 343
1608,28.47,87.91,119,2026/9/4 20:20,Batch 3 · 343
1610,28.47,87.87,118,2026/9/4 20:21,Batch 3 · 343
1614,28.46,87.9,118,2026/9/4 20:22,Batch 3 · 343
1613,28.47,87.9,118,2026/9/4 20:23,Batch 3 · 343
1616,28.47,87.87,117,2026/9/4 20:24,Batch 3 · 343
1617,28.46,87.9,117,2026/9/4 20:25,Batch 3 · 343
1620,28.47,87.87,117,2026/9/4 20:26,Batch 3 · 343
1620,28.46,87.88,116,2026/9/4 20:27,Batch 3 · 343
1621,28.46,87.92,116,2026/9/4 20:28,Batch 3 · 343
1623,28.47,87.89,116,2026/9/4 20:29,Batch 3 · 343
1624,28.44,87.85,115,2026/9/4 20:30,Batch 3 · 343
1625,28.43,87.85,115,2026/9/4 20:31,Batch 3 · 343
1628,28.43,87.84,115,2026/9/4 20:32,Batch 3 · 343
1626,28.44,87.88,114,2026/9/4 20:33,Batch 3 · 343
1629,28.44,87.88,114,2026/9/4 20:34,Batch 3 · 343
1630,28.47,87.89,113,2026/9/4 20:35,Batch 3 · 343
1633,28.46,87.89,113,2026/9/4 20:36,Batch 3 · 343
1633,28.47,87.88,113,2026/9/4 20:37,Batch 3 · 343
1635,28.46,87.88,112,2026/9/4 20:38,Batch 3 · 343
1637,28.46,87.89,112,2026/9/4 20:39,Batch 3 · 343
1638,28.46,87.86,112,2026/9/4 20:40,Batch 3 · 343
1639,28.47,87.87,112,2026/9/4 20:41,Batch 3 · 343
1641,28.46,87.86,111,2026/9/4 20:42,Batch 3 · 343
1642,28.44,87.88,111,2026/9/4 20:43,Batch 3 · 343
1643,28.47,87.89,111,2026/9/4 20:44,Batch 3 · 343
1643,28.47,87.85,111,2026/9/4 20:45,Batch 3 · 343
1645,28.49,87.87,110,2026/9/4 20:46,Batch 3 · 343
1650,28.49,87.89,110,2026/9/4 20:47,Batch 3 · 343
1652,28.49,87.87,110,2026/9/4 20:48,Batch 3 · 343
1653,28.49,87.85,110,2026/9/4 20:49,Batch 3 · 343
1652,28.5,87.87,109,2026/9/4 20:50,Batch 3 · 343
1655,28.49,87.88,109,2026/9/4 20:51,Batch 3 · 343
1658,28.49,87.85,109,2026/9/4 20:52,Batch 3 · 343
1657,28.49,87.84,108,2026/9/4 20:53,Batch 3 · 343
1661,28.49,87.87,108,2026/9/4 20:54,Batch 3 · 343
1659,28.47,87.84,108,2026/9/4 20:55,Batch 3 · 343
1660,28.49,87.83,108,2026/9/4 20:56,Batch 3 · 343
1666,28.46,87.84,108,2026/9/4 20:57,Batch 3 · 343
1664,28.47,87.85,107,2026/9/4 20:58,Batch 3 · 343
1667,28.47,87.83,106,2026/9/4 20:59,Batch 3 · 343
1671,28.49,87.84,106,2026/9/4 21:00,Batch 3 · 343
1668,28.49,87.83,106,2026/9/4 21:01,Batch 3 · 343
1672,28.47,87.85,106,2026/9/4 21:02,Batch 3 · 343
1676,28.43,87.81,106,2026/9/4 21:03,Batch 3 · 343
1674,28.46,87.85,106,2026/9/4 21:04,Batch 3 · 343
1676,28.44,87.82,105,2026/9/4 21:05,Batch 3 · 343
1676,28.44,87.84,104,2026/9/4 21:06,Batch 3 · 343
1679,28.44,87.85,104,2026/9/4 21:07,Batch 3 · 343
1681,28.49,87.87,104,2026/9/4 21:08,Batch 3 · 343
1682,28.43,87.82,103,2026/9/4 21:09,Batch 3 · 343
1683,28.47,87.86,103,2026/9/4 21:10,Batch 3 · 343
1684,28.49,87.83,103,2026/9/4 21:11,Batch 3 · 343
1686,28.49,87.84,103,2026/9/4 21:12,Batch 3 · 343
1688,28.49,87.83,102,2026/9/4 21:13,Batch 3 · 343
1689,28.47,87.84,102,2026/9/4 21:14,Batch 3 · 343
1689,28.49,87.84,102,2026/9/4 21:15,Batch 3 · 343
1691,28.49,87.84,102,2026/9/4 21:16,Batch 3 · 343
1694,28.51,87.84,101,2026/9/4 21:17,Batch 3 · 343
1694,28.5,87.82,101,2026/9/4 21:18,Batch 3 · 343
1696,28.51,87.86,100,2026/9/4 21:19,Batch 3 · 343
1698,28.51,87.85,100,2026/9/4 21:20,Batch 3 · 343
1700,28.51,87.86,100,2026/9/4 21:21,Batch 3 · 343
1699,28.53,87.83,100,2026/9/4 21:22,Batch 3 · 343
1700,28.53,87.84,100,2026/9/4 21:23,Batch 3 · 343
1705,28.56,87.82,100,2026/9/4 21:24,Batch 3 · 343
1707,28.53,87.84,99,2026/9/4 21:25,Batch 3 · 343
1706,28.53,87.82,98,2026/9/4 21:26,Batch 3 · 343
1707,28.53,87.81,98,2026/9/4 21:27,Batch 3 · 343
1709,28.54,87.83,98,2026/9/4 21:28,Batch 3 · 343
1711,28.54,87.84,98,2026/9/4 21:29,Batch 3 · 343
1713,28.53,87.82,98,2026/9/4 21:30,Batch 3 · 343
1713,28.57,87.8,97,2026/9/4 21:31,Batch 3 · 343
1715,28.54,87.83,96,2026/9/4 21:32,Batch 3 · 343
1716,28.51,87.81,96,2026/9/4 21:33,Batch 3 · 343
1717,28.53,87.81,96,2026/9/4 21:34,Batch 3 · 343
1720,28.53,87.8,96,2026/9/4 21:35,Batch 3 · 343
1721,28.53,87.83,96,2026/9/4 21:36,Batch 3 · 343
1725,28.51,87.84,95,2026/9/4 21:37,Batch 3 · 343
1726,28.51,87.74,95,2026/9/4 21:38,Batch 3 · 343
1728,28.5,87.82,94,2026/9/4 21:40,Batch 3 · 343
1729,28.47,87.81,93,2026/9/4 21:41,Batch 3 · 343
1729,28.47,87.83,93,2026/9/4 21:42,Batch 3 · 343
1729,28.44,87.81,93,2026/9/4 21:43,Batch 3 · 343
1731,28.46,87.81,92,2026/9/4 21:44,Batch 3 · 343
1733,28.46,87.83,92,2026/9/4 21:45,Batch 3 · 343
1735,28.46,87.81,92,2026/9/4 21:46,Batch 3 · 343
1736,28.46,87.83,91,2026/9/4 21:47,Batch 3 · 343
1737,28.41,87.78,91,2026/9/4 21:48,Batch 3 · 343
1739,28.43,87.83,90,2026/9/4 21:49,Batch 3 · 343
1739,28.41,87.82,90,2026/9/4 21:50,Batch 3 · 343
1742,28.4,87.85,90,2026/9/4 21:51,Batch 3 · 343
1742,28.39,87.82,89,2026/9/4 21:52,Batch 3 · 343
1744,28.39,87.78,89,2026/9/4 21:53,Batch 3 · 343
1746,28.39,87.83,89,2026/9/4 21:54,Batch 3 · 343
1749,28.39,87.82,88,2026/9/4 21:55,Batch 3 · 343
1751,28.37,87.83,88,2026/9/4 21:56,Batch 3 · 343
1749,28.37,87.8,87,2026/9/4 21:57,Batch 3 · 343
1750,28.37,87.82,87,2026/9/4 21:58,Batch 3 · 343
1753,28.37,87.83,87,2026/9/4 21:59,Batch 3 · 343
1754,28.36,87.83,86,2026/9/4 22:00,Batch 3 · 343
1757,28.37,87.85,86,2026/9/4 22:01,Batch 3 · 343
1755,28.39,87.83,86,2026/9/4 22:02,Batch 3 · 343
1759,28.37,87.84,85,2026/9/4 22:03,Batch 3 · 343
1761,28.34,87.84,85,2026/9/4 22:04,Batch 3 · 343
1762,28.34,87.83,84,2026/9/4 22:05,Batch 3 · 343
1764,28.39,87.84,84,2026/9/4 22:06,Batch 3 · 343
1763,28.37,87.84,84,2026/9/4 22:07,Batch 3 · 343
1765,28.39,87.82,84,2026/9/4 22:08,Batch 3 · 343
1765,28.37,87.83,84,2026/9/4 22:09,Batch 3 · 343
1766,28.39,87.8,83,2026/9/4 22:10,Batch 3 · 343
1768,28.4,87.84,83,2026/9/4 22:11,Batch 3 · 343
1771,28.37,87.83,83,2026/9/4 22:12,Batch 3 · 343
1770,28.39,87.83,82,2026/9/4 22:13,Batch 3 · 343
1774,28.43,87.81,82,2026/9/4 22:14,Batch 3 · 343
1776,28.41,87.85,82,2026/9/4 22:15,Batch 3 · 343
1775,28.41,87.81,82,2026/9/4 22:16,Batch 3 · 343
1777,28.43,87.82,82,2026/9/4 22:17,Batch 3 · 343
1779,28.41,87.79,81,2026/9/4 22:18,Batch 3 · 343
1780,28.44,87.81,81,2026/9/4 22:19,Batch 3 · 343
1780,28.43,87.8,80,2026/9/4 22:20,Batch 3 · 343
1783,28.41,87.82,80,2026/9/4 22:21,Batch 3 · 343
1784,28.39,87.77,80,2026/9/4 22:22,Batch 3 · 343
1785,28.41,87.8,80,2026/9/4 22:23,Batch 3 · 343
1785,28.41,87.78,80,2026/9/4 22:24,Batch 3 · 343
1786,28.4,87.81,79,2026/9/4 22:25,Batch 3 · 343
1787,28.41,87.79,79,2026/9/4 22:26,Batch 3 · 343
1790,28.41,87.8,78,2026/9/4 22:27,Batch 3 · 343
1791,28.39,87.79,78,2026/9/4 22:28,Batch 3 · 343
1791,28.39,87.79,78,2026/9/4 22:29,Batch 3 · 343
1793,28.37,87.77,78,2026/9/4 22:30,Batch 3 · 343
1795,28.4,87.77,78,2026/9/4 22:31,Batch 3 · 343
1797,28.39,87.78,77,2026/9/4 22:32,Batch 3 · 343
1798,28.37,87.78,77,2026/9/4 22:33,Batch 3 · 343
1797,28.36,87.75,77,2026/9/4 22:34,Batch 3 · 343
1801,28.37,87.79,76,2026/9/4 22:35,Batch 3 · 343
1802,28.34,87.76,76,2026/9/4 22:36,Batch 3 · 343
1804,28.36,87.74,76,2026/9/4 22:37,Batch 3 · 343
1805,28.33,87.77,76,2026/9/4 22:38,Batch 3 · 343
1807,28.33,87.77,75,2026/9/4 22:39,Batch 3 · 343
1806,28.34,87.76,75,2026/9/4 22:40,Batch 3 · 343
1809,28.33,87.78,74,2026/9/4 22:41,Batch 3 · 343
1811,28.32,87.76,74,2026/9/4 22:42,Batch 3 · 343
1811,28.34,87.77,73,2026/9/4 22:43,Batch 3 · 343
1814,28.34,87.76,73,2026/9/4 22:44,Batch 3 · 343
1814,28.33,87.77,73,2026/9/4 22:45,Batch 3 · 343
1813,28.33,87.74,73,2026/9/4 22:46,Batch 3 · 343
1817,28.36,87.76,73,2026/9/4 22:47,Batch 3 · 343
1819,28.34,87.78,72,2026/9/4 22:48,Batch 3 · 343
1818,28.33,87.77,72,2026/9/4 22:49,Batch 3 · 343
1821,28.36,87.76,72,2026/9/4 22:50,Batch 3 · 343
1822,28.34,87.75,71,2026/9/4 22:52,Batch 3 · 343
1821,28.34,87.73,71,2026/9/4 22:53,Batch 3 · 343
1824,28.33,87.77,71,2026/9/4 22:54,Batch 3 · 343
1827,28.34,87.72,71,2026/9/4 22:55,Batch 3 · 343
1825,28.34,87.73,71,2026/9/4 22:56,Batch 3 · 343
1828,28.37,87.74,71,2026/9/4 22:57,Batch 3 · 343
1828,28.34,87.73,71,2026/9/4 22:58,Batch 3 · 343
1830,28.37,87.72,70,2026/9/4 22:59,Batch 3 · 343
1832,28.37,87.74,70,2026/9/4 23:00,Batch 3 · 343
1833,28.36,87.73,70,2026/9/4 23:01,Batch 3 · 343
1835,28.34,87.73,70,2026/9/4 23:02,Batch 3 · 343
1835,28.36,87.69,70,2026/9/4 23:03,Batch 3 · 343
1837,28.36,87.72,70,2026/9/4 23:04,Batch 3 · 343
1838,28.37,87.71,70,2026/9/4 23:05,Batch 3 · 343
1838,28.36,87.68,69,2026/9/4 23:06,Batch 3 · 343
1842,28.37,87.73,69,2026/9/4 23:07,Batch 3 · 343
1842,28.37,87.7,69,2026/9/4 23:08,Batch 3 · 343
1842,28.36,87.72,69,2026/9/4 23:09,Batch 3 · 343
1843,28.36,87.72,68,2026/9/4 23:10,Batch 3 · 343
1847,28.37,87.71,68,2026/9/4 23:11,Batch 3 · 343
1849,28.36,87.7,68,2026/9/4 23:12,Batch 3 · 343
1850,28.39,87.68,68,2026/9/4 23:13,Batch 3 · 343
1849,28.37,87.71,68,2026/9/4 23:14,Batch 3 · 343
1850,28.4,87.71,68,2026/9/4 23:15,Batch 3 · 343
1851,28.4,87.7,68,2026/9/4 23:16,Batch 3 · 343
1851,28.4,87.69,68,2026/9/4 23:17,Batch 3 · 343
1856,28.43,87.68,68,2026/9/4 23:18,Batch 3 · 343
1856,28.41,87.71,68,2026/9/4 23:19,Batch 3 · 343
1859,28.39,87.65,67,2026/9/4 23:20,Batch 3 · 343
1860,28.43,87.72,67,2026/9/4 23:21,Batch 3 · 343
1862,28.41,87.7,67,2026/9/4 23:22,Batch 3 · 343
1860,28.43,87.68,67,2026/9/4 23:23,Batch 3 · 343
1863,28.44,87.67,66,2026/9/4 23:24,Batch 3 · 343
1865,28.43,87.68,66,2026/9/4 23:25,Batch 3 · 343
1865,28.43,87.64,66,2026/9/4 23:26,Batch 3 · 343
1868,28.43,87.63,66,2026/9/4 23:27,Batch 3 · 343
1870,28.41,87.62,66,2026/9/4 23:28,Batch 3 · 343
1869,28.39,87.64,66,2026/9/4 23:29,Batch 3 · 343
1872,28.41,87.66,66,2026/9/4 23:30,Batch 3 · 343
1874,28.41,87.63,65,2026/9/4 23:31,Batch 3 · 343
1872,28.4,87.65,65,2026/9/4 23:32,Batch 3 · 343
1876,28.41,87.63,65,2026/9/4 23:33,Batch 3 · 343
1878,28.41,87.6,65,2026/9/4 23:34,Batch 3 · 343
1879,28.41,87.62,65,2026/9/4 23:35,Batch 3 · 343
1879,28.4,87.63,65,2026/9/4 23:36,Batch 3 · 343
1881,28.41,87.61,64,2026/9/4 23:37,Batch 3 · 343
1885,28.41,87.62,64,2026/9/4 23:38,Batch 3 · 343
1889,28.43,87.6,64,2026/9/4 23:39,Batch 3 · 343
1889,28.41,87.62,64,2026/9/4 23:40,Batch 3 · 343
1888,28.43,87.62,64,2026/9/4 23:41,Batch 3 · 343
1891,28.46,87.65,64,2026/9/4 23:42,Batch 3 · 343
1893,28.43,87.62,64,2026/9/4 23:43,Batch 3 · 343
1896,28.47,87.62,64,2026/9/4 23:44,Batch 3 · 343
1897,28.49,87.57,64,2026/9/4 23:45,Batch 3 · 343
1898,28.49,87.61,64,2026/9/4 23:46,Batch 3 · 343
1903,28.5,87.65,64,2026/9/4 23:47,Batch 3 · 343
1904,28.49,87.61,64,2026/9/4 23:48,Batch 3 · 343
1903,28.46,87.61,64,2026/9/4 23:49,Batch 3 · 343
1907,28.47,87.58,64,2026/9/4 23:50,Batch 3 · 343
1911,28.51,87.6,64,2026/9/4 23:51,Batch 3 · 343
1912,28.49,87.56,63,2026/9/4 23:52,Batch 3 · 343
1912,28.5,87.56,63,2026/9/4 23:53,Batch 3 · 343
1919,28.49,87.55,63,2026/9/4 23:54,Batch 3 · 343
1917,28.47,87.57,63,2026/9/4 23:55,Batch 3 · 343
1919,28.49,87.57,62,2026/9/4 23:56,Batch 3 · 343
1922,28.47,87.56,62,2026/9/4 23:57,Batch 3 · 343
1924,28.46,87.54,62,2026/9/4 23:58,Batch 3 · 343
1922,28.46,87.57,62,2026/9/4 23:59,Batch 3 · 343
1925,28.49,87.55,62,2026/9/5 0:00,Batch 3 · 343
1928,28.46,87.54,62,2026/9/5 0:02,Batch 3 · 343
1931,28.44,87.55,62,2026/9/5 0:03,Batch 3 · 343
1929,28.46,87.54,62,2026/9/5 0:04,Batch 3 · 343
1933,28.44,87.55,61,2026/9/5 0:05,Batch 3 · 343
1937,28.46,87.57,61,2026/9/5 0:06,Batch 3 · 343
1937,28.47,87.54,61,2026/9/5 0:07,Batch 3 · 343
1938,28.47,87.54,61,2026/9/5 0:08,Batch 3 · 343
1940,28.46,87.59,61,2026/9/5 0:09,Batch 3 · 343
1942,28.49,87.57,61,2026/9/5 0:10,Batch 3 · 343
1943,28.47,87.55,61,2026/9/5 0:11,Batch 3 · 343
1940,28.5,87.58,61,2026/9/5 0:12,Batch 3 · 343
1944,28.5,87.58,61,2026/9/5 0:13,Batch 3 · 343
1948,28.49,87.54,60,2026/9/5 0:14,Batch 3 · 343
1948,28.51,87.57,60,2026/9/5 0:15,Batch 3 · 343
1949,28.51,87.52,60,2026/9/5 0:16,Batch 3 · 343
1951,28.53,87.54,60,2026/9/5 0:17,Batch 3 · 343
1957,28.51,87.55,60,2026/9/5 0:18,Batch 3 · 343
1960,28.54,87.53,60,2026/9/5 0:19,Batch 3 · 343
1955,28.53,87.56,60,2026/9/5 0:20,Batch 3 · 343
1960,28.54,87.53,60,2026/9/5 0:21,Batch 3 · 343
1957,28.54,87.54,60,2026/9/5 0:22,Batch 3 · 343
1962,28.54,87.53,60,2026/9/5 0:23,Batch 3 · 343
1963,28.56,87.53,60,2026/9/5 0:24,Batch 3 · 343
1967,28.54,87.5,60,2026/9/5 0:25,Batch 3 · 343
1970,28.54,87.53,59,2026/9/5 0:26,Batch 3 · 343
1970,28.53,87.5,59,2026/9/5 0:27,Batch 3 · 343
1970,28.53,87.52,59,2026/9/5 0:28,Batch 3 · 343
1970,28.53,87.53,59,2026/9/5 0:29,Batch 3 · 343
1972,28.53,87.5,59,2026/9/5 0:30,Batch 3 · 343
1976,28.51,87.52,59,2026/9/5 0:31,Batch 3 · 343
1976,28.53,87.52,59,2026/9/5 0:32,Batch 3 · 343
1980,28.54,87.51,59,2026/9/5 0:33,Batch 3 · 343
1982,28.54,87.5,59,2026/9/5 0:34,Batch 3 · 343
1983,28.54,87.51,59,2026/9/5 0:35,Batch 3 · 343
1982,28.53,87.48,59,2026/9/5 0:36,Batch 3 · 343
1987,28.57,87.54,59,2026/9/5 0:37,Batch 3 · 343
1990,28.56,87.51,59,2026/9/5 0:38,Batch 3 · 343
1991,28.56,87.49,59,2026/9/5 0:39,Batch 3 · 343
1992,28.57,87.48,59,2026/9/5 0:40,Batch 3 · 343
1993,28.58,87.51,59,2026/9/5 0:41,Batch 3 · 343
1995,28.57,87.48,59,2026/9/5 0:42,Batch 3 · 343
1996,28.56,87.48,59,2026/9/5 0:43,Batch 3 · 343
2000,28.58,87.53,59,2026/9/5 0:44,Batch 3 · 343
2000,28.58,87.51,59,2026/9/5 0:45,Batch 3 · 343
2002,28.58,87.46,59,2026/9/5 0:46,Batch 3 · 343
2002,28.58,87.46,59,2026/9/5 0:47,Batch 3 · 343
2004,28.58,87.49,59,2026/9/5 0:48,Batch 3 · 343
2007,28.58,87.47,59,2026/9/5 0:49,Batch 3 · 343
2008,28.57,87.47,58,2026/9/5 0:50,Batch 3 · 343
2010,28.56,87.45,58,2026/9/5 0:51,Batch 3 · 343
2015,28.56,87.45,58,2026/9/5 0:52,Batch 3 · 343
2013,28.56,87.46,58,2026/9/5 0:53,Batch 3 · 343
2017,28.54,87.44,58,2026/9/5 0:54,Batch 3 · 343
2015,28.56,87.47,58,2026/9/5 0:55,Batch 3 · 343
2019,28.53,87.46,58,2026/9/5 0:56,Batch 3 · 343
2021,28.56,87.43,58,2026/9/5 0:57,Batch 3 · 343
2021,28.56,87.45,58,2026/9/5 0:58,Batch 3 · 343
2023,28.54,87.47,58,2026/9/5 0:59,Batch 3 · 343
2025,28.57,87.46,58,2026/9/5 1:00,Batch 3 · 343
2026,28.56,87.45,58,2026/9/5 1:01,Batch 3 · 343
2023,28.54,87.45,57,2026/9/5 1:02,Batch 3 · 343
2027,28.57,87.45,57,2026/9/5 1:03,Batch 3 · 343
2031,28.57,87.41,57,2026/9/5 1:04,Batch 3 · 343
2035,28.57,87.48,57,2026/9/5 1:05,Batch 3 · 343
2035,28.58,87.48,57,2026/9/5 1:07,Batch 3 · 343
2036,28.6,87.49,57,2026/9/5 1:08,Batch 3 · 343
2037,28.61,87.48,57,2026/9/5 1:09,Batch 3 · 343
2039,28.58,87.45,57,2026/9/5 1:10,Batch 3 · 343
2041,28.58,87.43,57,2026/9/5 1:11,Batch 3 · 343
2044,28.61,87.45,57,2026/9/5 1:12,Batch 3 · 343
2045,28.61,87.46,57,2026/9/5 1:13,Batch 3 · 343
2046,28.61,87.43,57,2026/9/5 1:14,Batch 3 · 343
2051,28.62,87.47,57,2026/9/5 1:15,Batch 3 · 343
2051,28.61,87.44,57,2026/9/5 1:16,Batch 3 · 343
2053,28.61,87.44,56,2026/9/5 1:17,Batch 3 · 343
2056,28.62,87.44,56,2026/9/5 1:18,Batch 3 · 343
2056,28.58,87.42,56,2026/9/5 1:19,Batch 3 · 343
2056,28.6,87.41,56,2026/9/5 1:20,Batch 3 · 343
2060,28.58,87.39,55,2026/9/5 1:21,Batch 3 · 343
2061,28.6,87.39,55,2026/9/5 1:22,Batch 3 · 343
2062,28.6,87.37,55,2026/9/5 1:23,Batch 3 · 343
2062,28.58,87.39,55,2026/9/5 1:24,Batch 3 · 343
2066,28.58,87.41,55,2026/9/5 1:25,Batch 3 · 343
2068,28.58,87.4,55,2026/9/5 1:26,Batch 3 · 343
2069,28.57,87.41,55,2026/9/5 1:27,Batch 3 · 343
2069,28.58,87.38,55,2026/9/5 1:28,Batch 3 · 343
2073,28.57,87.41,55,2026/9/5 1:29,Batch 3 · 343
2071,28.57,87.41,55,2026/9/5 1:30,Batch 3 · 343
2073,28.57,87.39,55,2026/9/5 1:31,Batch 3 · 343
2075,28.57,87.39,54,2026/9/5 1:32,Batch 3 · 343
2077,28.58,87.39,54,2026/9/5 1:33,Batch 3 · 343
2079,28.58,87.39,54,2026/9/5 1:34,Batch 3 · 343
2080,28.58,87.4,54,2026/9/5 1:35,Batch 3 · 343
2082,28.6,87.41,54,2026/9/5 1:36,Batch 3 · 343
2081,28.58,87.42,54,2026/9/5 1:37,Batch 3 · 343
2085,28.61,87.38,54,2026/9/5 1:38,Batch 3 · 343
2085,28.6,87.36,54,2026/9/5 1:39,Batch 3 · 343
2085,28.62,87.41,54,2026/9/5 1:40,Batch 3 · 343
2087,28.62,87.43,54,2026/9/5 1:41,Batch 3 · 343
2088,28.61,87.41,54,2026/9/5 1:42,Batch 3 · 343
2091,28.61,87.43,53,2026/9/5 1:43,Batch 3 · 343
2095,28.62,87.39,53,2026/9/5 1:44,Batch 3 · 343
2098,28.62,87.39,53,2026/9/5 1:45,Batch 3 · 343
2099,28.64,87.43,53,2026/9/5 1:46,Batch 3 · 343
2097,28.61,87.38,53,2026/9/5 1:47,Batch 3 · 343
2101,28.61,87.37,53,2026/9/5 1:48,Batch 3 · 343
2101,28.61,87.37,52,2026/9/5 1:49,Batch 3 · 343
2103,28.6,87.36,52,2026/9/5 1:50,Batch 3 · 343
2105,28.64,87.39,52,2026/9/5 1:51,Batch 3 · 343
2107,28.58,87.33,52,2026/9/5 1:52,Batch 3 · 343
2108,28.61,87.37,52,2026/9/5 1:53,Batch 3 · 343
2109,28.61,87.37,52,2026/9/5 1:54,Batch 3 · 343
2110,28.58,87.36,52,2026/9/5 1:55,Batch 3 · 343
2112,28.6,87.36,52,2026/9/5 1:56,Batch 3 · 343
2115,28.6,87.36,51,2026/9/5 1:57,Batch 3 · 343
2112,28.58,87.37,52,2026/9/5 1:58,Batch 3 · 343
2114,28.6,87.34,51,2026/9/5 1:59,Batch 3 · 343
2115,28.6,87.36,51,2026/9/5 2:00,Batch 3 · 343
2118,28.61,87.37,51,2026/9/5 2:01,Batch 3 · 343
2120,28.58,87.33,51,2026/9/5 2:02,Batch 3 · 343
2120,28.61,87.36,50,2026/9/5 2:03,Batch 3 · 343
2120,28.61,87.35,50,2026/9/5 2:04,Batch 3 · 343
2122,28.62,87.37,50,2026/9/5 2:05,Batch 3 · 343
2125,28.64,87.35,50,2026/9/5 2:06,Batch 3 · 343
2126,28.64,87.36,50,2026/9/5 2:07,Batch 3 · 343
2126,28.64,87.41,50,2026/9/5 2:09,Batch 3 · 343
2126,28.65,87.38,50,2026/9/5 2:10,Batch 3 · 343
2128,28.64,87.38,50,2026/9/5 2:11,Batch 3 · 343
2135,28.65,87.36,50,2026/9/5 2:12,Batch 3 · 343
2133,28.64,87.35,50,2026/9/5 2:13,Batch 3 · 343
2136,28.65,87.35,50,2026/9/5 2:14,Batch 3 · 343
2138,28.65,87.37,50,2026/9/5 2:15,Batch 3 · 343
2141,28.65,87.37,50,2026/9/5 2:16,Batch 3 · 343
2142,28.64,87.36,50,2026/9/5 2:17,Batch 3 · 343
2144,28.62,87.3,50,2026/9/5 2:18,Batch 3 · 343
2144,28.62,87.33,49,2026/9/5 2:19,Batch 3 · 343
2145,28.62,87.34,49,2026/9/5 2:20,Batch 3 · 343
2148,28.62,87.3,49,2026/9/5 2:21,Batch 3 · 343
2150,28.61,87.3,49,2026/9/5 2:22,Batch 3 · 343
2148,28.58,87.28,49,2026/9/5 2:23,Batch 3 · 343
2149,28.6,87.32,49,2026/9/5 2:24,Batch 3 · 343
2153,28.64,87.3,49,2026/9/5 2:25,Batch 3 · 343
2157,28.6,87.29,48,2026/9/5 2:26,Batch 3 · 343
2159,28.62,87.31,48,2026/9/5 2:27,Batch 3 · 343
2157,28.6,87.34,48,2026/9/5 2:28,Batch 3 · 343
2157,28.64,87.33,48,2026/9/5 2:29,Batch 3 · 343
2160,28.62,87.33,48,2026/9/5 2:30,Batch 3 · 343
2162,28.62,87.33,48,2026/9/5 2:31,Batch 3 · 343
2162,28.61,87.36,48,2026/9/5 2:32,Batch 3 · 343
2165,28.64,87.36,48,2026/9/5 2:33,Batch 3 · 343
2165,28.62,87.33,48,2026/9/5 2:34,Batch 3 · 343
2170,28.65,87.34,48,2026/9/5 2:35,Batch 3 · 343
2170,28.64,87.34,48,2026/9/5 2:36,Batch 3 · 343
2171,28.67,87.32,48,2026/9/5 2:37,Batch 3 · 343
2167,28.67,87.36,48,2026/9/5 2:38,Batch 3 · 343
2169,28.65,87.36,48,2026/9/5 2:39,Batch 3 · 343
2171,28.67,87.31,47,2026/9/5 2:40,Batch 3 · 343
2169,28.67,87.33,47,2026/9/5 2:41,Batch 3 · 343
2175,28.67,87.31,47,2026/9/5 2:42,Batch 3 · 343
2180,28.67,87.32,47,2026/9/5 2:43,Batch 3 · 343
2179,28.64,87.31,47,2026/9/5 2:44,Batch 3 · 343
2181,28.69,87.33,46,2026/9/5 2:45,Batch 3 · 343
2179,28.67,87.28,46,2026/9/5 2:46,Batch 3 · 343
2183,28.64,87.29,46,2026/9/5 2:47,Batch 3 · 343
2185,28.62,87.25,46,2026/9/5 2:48,Batch 3 · 343
2186,28.65,87.28,46,2026/9/5 2:49,Batch 3 · 343
2191,28.62,87.24,46,2026/9/5 2:50,Batch 3 · 343
2191,28.62,87.27,46,2026/9/5 2:51,Batch 3 · 343
2192,28.61,87.29,46,2026/9/5 2:52,Batch 3 · 343
2190,28.62,87.29,45,2026/9/5 2:53,Batch 3 · 343
2195,28.62,87.29,45,2026/9/5 2:54,Batch 3 · 343
2195,28.61,87.29,45,2026/9/5 2:55,Batch 3 · 343
2202,28.61,87.28,45,2026/9/5 2:56,Batch 3 · 343
2203,28.62,87.3,45,2026/9/5 2:57,Batch 3 · 343
2202,28.64,87.33,45,2026/9/5 2:58,Batch 3 · 343
2206,28.64,87.3,45,2026/9/5 2:59,Batch 3 · 343
2202,28.62,87.3,45,2026/9/5 3:00,Batch 3 · 343
2206,28.64,87.27,45,2026/9/5 3:01,Batch 3 · 343
2208,28.64,87.29,45,2026/9/5 3:02,Batch 3 · 343
2210,28.65,87.31,45,2026/9/5 3:03,Batch 3 · 343
2211,28.64,87.29,45,2026/9/5 3:04,Batch 3 · 343
2208,28.65,87.28,44,2026/9/5 3:05,Batch 3 · 343
2210,28.68,87.27,44,2026/9/5 3:06,Batch 3 · 343
2212,28.67,87.31,44,2026/9/5 3:07,Batch 3 · 343
2210,28.67,87.31,44,2026/9/5 3:09,Batch 3 · 343
2216,28.67,87.29,44,2026/9/5 3:10,Batch 3 · 343
2218,28.68,87.29,44,2026/9/5 3:11,Batch 3 · 343
2219,28.69,87.3,43,2026/9/5 3:12,Batch 3 · 343
2220,28.68,87.29,43,2026/9/5 3:13,Batch 3 · 343
2221,28.71,87.28,43,2026/9/5 3:14,Batch 3 · 343
2225,28.68,87.29,43,2026/9/5 3:15,Batch 3 · 343
2225,28.64,87.24,43,2026/9/5 3:16,Batch 3 · 343
2227,28.65,87.26,43,2026/9/5 3:17,Batch 3 · 343
2224,28.65,87.28,43,2026/9/5 3:18,Batch 3 · 343
2228,28.65,87.25,43,2026/9/5 3:19,Batch 3 · 343
2229,28.67,87.26,43,2026/9/5 3:20,Batch 3 · 343
2229,28.64,87.25,43,2026/9/5 3:21,Batch 3 · 343
2231,28.65,87.24,42,2026/9/5 3:22,Batch 3 · 343
2234,28.62,87.25,42,2026/9/5 3:23,Batch 3 · 343
2235,28.65,87.23,42,2026/9/5 3:24,Batch 3 · 343
2238,28.64,87.21,42,2026/9/5 3:25,Batch 3 · 343
2242,28.67,87.26,42,2026/9/5 3:26,Batch 3 · 343
2244,28.65,87.25,42,2026/9/5 3:27,Batch 3 · 343
2240,28.65,87.25,42,2026/9/5 3:28,Batch 3 · 343
2244,28.64,87.24,42,2026/9/5 3:29,Batch 3 · 343
2247,28.64,87.28,42,2026/9/5 3:30,Batch 3 · 343
2249,28.65,87.25,42,2026/9/5 3:31,Batch 3 · 343
2249,28.67,87.27,42,2026/9/5 3:32,Batch 3 · 343
2248,28.65,87.29,42,2026/9/5 3:33,Batch 3 · 343
2249,28.67,87.29,41,2026/9/5 3:34,Batch 3 · 343
2251,28.68,87.26,41,2026/9/5 3:35,Batch 3 · 343
2252,28.71,87.27,41,2026/9/5 3:36,Batch 3 · 343
2252,28.69,87.26,41,2026/9/5 3:37,Batch 3 · 343
2257,28.68,87.29,41,2026/9/5 3:38,Batch 3 · 343
2258,28.68,87.29,41,2026/9/5 3:39,Batch 3 · 343
2260,28.69,87.22,41,2026/9/5 3:40,Batch 3 · 343
2263,28.68,87.24,41,2026/9/5 3:41,Batch 3 · 343
2263,28.68,87.23,41,2026/9/5 3:42,Batch 3 · 343
2262,28.71,87.24,41,2026/9/5 3:43,Batch 3 · 343
2263,28.67,87.22,41,2026/9/5 3:44,Batch 3 · 343
2267,28.69,87.25,41,2026/9/5 3:45,Batch 3 · 343
2270,28.67,87.22,41,2026/9/5 3:46,Batch 3 · 343
2273,28.69,87.24,41,2026/9/5 3:47,Batch 3 · 343
2274,28.67,87.23,41,2026/9/5 3:48,Batch 3 · 343
2273,28.67,87.25,41,2026/9/5 3:49,Batch 3 · 343
2271,28.67,87.23,41,2026/9/5 3:50,Batch 3 · 343
2275,28.67,87.21,41,2026/9/5 3:51,Batch 3 · 343
2277,28.67,87.25,40,2026/9/5 3:52,Batch 3 · 343
2276,28.68,87.23,40,2026/9/5 3:53,Batch 3 · 343
2282,28.67,87.24,40,2026/9/5 3:54,Batch 3 · 343
2278,28.67,87.22,40,2026/9/5 3:55,Batch 3 · 343
2284,28.68,87.24,40,2026/9/5 3:56,Batch 3 · 343
2289,28.67,87.22,40,2026/9/5 3:57,Batch 3 · 343
2288,28.69,87.25,40,2026/9/5 3:58,Batch 3 · 343
2293,28.71,87.24,40,2026/9/5 3:59,Batch 3 · 343
2296,28.71,87.24,40,2026/9/5 4:00,Batch 3 · 343
2295,28.72,87.25,40,2026/9/5 4:01,Batch 3 · 343
2295,28.72,87.23,40,2026/9/5 4:02,Batch 3 · 343
2295,28.69,87.24,40,2026/9/5 4:03,Batch 3 · 343
2299,28.71,87.23,40,2026/9/5 4:04,Batch 3 · 343
2301,28.72,87.24,40,2026/9/5 4:06,Batch 3 · 343
2299,28.74,87.23,40,2026/9/5 4:07,Batch 3 · 343
2300,28.72,87.24,39,2026/9/5 4:08,Batch 3 · 343
2305,28.74,87.2,39,2026/9/5 4:09,Batch 3 · 343
2308,28.72,87.21,39,2026/9/5 4:10,Batch 3 · 343
2308,28.69,87.2,39,2026/9/5 4:11,Batch 3 · 343
2311,28.71,87.19,39,2026/9/5 4:12,Batch 3 · 343
2311,28.69,87.18,39,2026/9/5 4:13,Batch 3 · 343
2313,28.71,87.19,39,2026/9/5 4:14,Batch 3 · 343
2319,28.69,87.18,39,2026/9/5 4:15,Batch 3 · 343
2319,28.68,87.17,39,2026/9/5 4:16,Batch 3 · 343
2319,28.71,87.2,39,2026/9/5 4:17,Batch 3 · 343
2323,28.69,87.19,39,2026/9/5 4:18,Batch 3 · 343
2323,28.68,87.19,39,2026/9/5 4:19,Batch 3 · 343
2324,28.71,87.19,39,2026/9/5 4:20,Batch 3 · 343
2326,28.71,87.18,39,2026/9/5 4:21,Batch 3 · 343
2327,28.71,87.2,38,2026/9/5 4:22,Batch 3 · 343
2329,28.69,87.19,38,2026/9/5 4:23,Batch 3 · 343
2336,28.69,87.21,38,2026/9/5 4:24,Batch 3 · 343
2333,28.71,87.2,38,2026/9/5 4:25,Batch 3 · 343
2334,28.71,87.18,38,2026/9/5 4:26,Batch 3 · 343
2333,28.72,87.25,38,2026/9/5 4:27,Batch 3 · 343
2336,28.71,87.19,38,2026/9/5 4:28,Batch 3 · 343
2340,28.72,87.18,38,2026/9/5 4:29,Batch 3 · 343
2341,28.72,87.19,38,2026/9/5 4:30,Batch 3 · 343
2344,28.71,87.19,38,2026/9/5 4:31,Batch 3 · 343
2344,28.72,87.19,38,2026/9/5 4:32,Batch 3 · 343
2344,28.72,87.19,38,2026/9/5 4:33,Batch 3 · 343
2347,28.72,87.19,38,2026/9/5 4:34,Batch 3 · 343
2349,28.72,87.19,38,2026/9/5 4:35,Batch 3 · 343
2349,28.74,87.2,38,2026/9/5 4:36,Batch 3 · 343
2350,28.72,87.18,38,2026/9/5 4:37,Batch 3 · 343
2352,28.71,87.16,38,2026/9/5 4:38,Batch 3 · 343
2355,28.72,87.14,38,2026/9/5 4:39,Batch 3 · 343
2357,28.71,87.19,38,2026/9/5 4:40,Batch 3 · 343
2358,28.69,87.12,37,2026/9/5 4:41,Batch 3 · 343
2360,28.72,87.14,37,2026/9/5 4:42,Batch 3 · 343
2363,28.69,87.14,37,2026/9/5 4:43,Batch 3 · 343
2363,28.72,87.15,37,2026/9/5 4:44,Batch 3 · 343
2362,28.69,87.14,37,2026/9/5 4:45,Batch 3 · 343
2361,28.72,87.17,37,2026/9/5 4:46,Batch 3 · 343
2364,28.72,87.17,37,2026/9/5 4:47,Batch 3 · 343
2366,28.71,87.18,37,2026/9/5 4:48,Batch 3 · 343
2370,28.71,87.16,37,2026/9/5 4:49,Batch 3 · 343
2369,28.69,87.17,37,2026/9/5 4:50,Batch 3 · 343
2372,28.69,87.14,37,2026/9/5 4:51,Batch 3 · 343
2373,28.72,87.17,37,2026/9/5 4:52,Batch 3 · 343
2375,28.72,87.17,37,2026/9/5 4:53,Batch 3 · 343
2374,28.69,87.17,37,2026/9/5 4:54,Batch 3 · 343
2373,28.72,87.18,37,2026/9/5 4:55,Batch 3 · 343
2378,28.74,87.19,37,2026/9/5 4:56,Batch 3 · 343
2379,28.74,87.16,37,2026/9/5 4:57,Batch 3 · 343
2380,28.74,87.17,37,2026/9/5 4:58,Batch 3 · 343
2382,28.75,87.16,37,2026/9/5 4:59,Batch 3 · 343
2384,28.75,87.19,37,2026/9/5 5:00,Batch 3 · 343
2385,28.75,87.16,37,2026/9/5 5:02,Batch 3 · 343
2386,28.75,87.18,37,2026/9/5 5:03,Batch 3 · 343
2389,28.74,87.17,37,2026/9/5 5:04,Batch 3 · 343
2392,28.72,87.14,37,2026/9/5 5:05,Batch 3 · 343
2392,28.75,87.15,37,2026/9/5 5:06,Batch 3 · 343
2390,28.76,87.14,37,2026/9/5 5:07,Batch 3 · 343
2394,28.76,87.14,37,2026/9/5 5:08,Batch 3 · 343
2394,28.74,87.12,37,2026/9/5 5:09,Batch 3 · 343
2396,28.72,87.11,37,2026/9/5 5:10,Batch 3 · 343
2398,28.71,87.14,36,2026/9/5 5:11,Batch 3 · 343
2401,28.75,87.14,37,2026/9/5 5:12,Batch 3 · 343
2402,28.74,87.14,36,2026/9/5 5:13,Batch 3 · 343
2402,28.74,87.13,36,2026/9/5 5:14,Batch 3 · 343
2405,28.72,87.14,36,2026/9/5 5:15,Batch 3 · 343
2408,28.74,87.14,36,2026/9/5 5:16,Batch 3 · 343
2406,28.72,87.12,36,2026/9/5 5:17,Batch 3 · 343
2408,28.74,87.13,36,2026/9/5 5:18,Batch 3 · 343
2409,28.72,87.13,36,2026/9/5 5:19,Batch 3 · 343
2411,28.75,87.14,36,2026/9/5 5:20,Batch 3 · 343
2412,28.74,87.13,36,2026/9/5 5:21,Batch 3 · 343
2413,28.75,87.17,36,2026/9/5 5:22,Batch 3 · 343
2413,28.75,87.13,36,2026/9/5 5:23,Batch 3 · 343
2416,28.78,87.14,36,2026/9/5 5:24,Batch 3 · 343
2420,28.74,87.13,36,2026/9/5 5:25,Batch 3 · 343
2417,28.78,87.15,36,2026/9/5 5:26,Batch 3 · 343
2423,28.79,87.16,36,2026/9/5 5:27,Batch 3 · 343
2423,28.78,87.14,36,2026/9/5 5:28,Batch 3 · 343
2419,28.78,87.12,36,2026/9/5 5:29,Batch 3 · 343
2426,28.78,87.14,36,2026/9/5 5:30,Batch 3 · 343
2426,28.79,87.15,36,2026/9/5 5:31,Batch 3 · 343
2430,28.75,87.1,36,2026/9/5 5:32,Batch 3 · 343
2434,28.76,87.08,36,2026/9/5 5:33,Batch 3 · 343
2433,28.72,87.08,36,2026/9/5 5:34,Batch 3 · 343
2436,28.74,87.1,36,2026/9/5 5:35,Batch 3 · 343
2437,28.75,87.1,36,2026/9/5 5:36,Batch 3 · 343
2440,28.75,87.11,36,2026/9/5 5:37,Batch 3 · 343
2440,28.74,87.11,36,2026/9/5 5:38,Batch 3 · 343
2442,28.72,87.13,36,2026/9/5 5:39,Batch 3 · 343
2444,28.74,87.13,36,2026/9/5 5:40,Batch 3 · 343
2443,28.72,87.1,36,2026/9/5 5:41,Batch 3 · 343
2444,28.71,87.09,36,2026/9/5 5:42,Batch 3 · 343
2445,28.69,87.11,36,2026/9/5 5:43,Batch 3 · 343
2443,28.76,87.13,35,2026/9/5 5:44,Batch 3 · 343
2450,28.72,87.13,35,2026/9/5 5:45,Batch 3 · 343
2450,28.75,87.12,35,2026/9/5 5:46,Batch 3 · 343
2450,28.74,87.13,35,2026/9/5 5:47,Batch 3 · 343
2456,28.75,87.1,35,2026/9/5 5:48,Batch 3 · 343
2450,28.75,87.13,35,2026/9/5 5:49,Batch 3 · 343
2454,28.75,87.13,35,2026/9/5 5:50,Batch 3 · 343
2456,28.76,87.12,35,2026/9/5 5:51,Batch 3 · 343
2457,28.76,87.13,35,2026/9/5 5:52,Batch 3 · 343
2457,28.76,87.1,35,2026/9/5 5:53,Batch 3 · 343
2460,28.76,87.08,35,2026/9/5 5:55,Batch 3 · 343
2461,28.76,87.12,35,2026/9/5 5:56,Batch 3 · 343
2461,28.78,87.14,35,2026/9/5 5:57,Batch 3 · 343
2462,28.76,87.11,35,2026/9/5 5:58,Batch 3 · 343
2465,28.76,87.08,35,2026/9/5 5:59,Batch 3 · 343
2469,28.76,87.07,35,2026/9/5 6:00,Batch 3 · 343
2472,28.74,87.06,35,2026/9/5 6:01,Batch 3 · 343
2471,28.76,87.06,35,2026/9/5 6:02,Batch 3 · 343
2474,28.74,87.07,35,2026/9/5 6:03,Batch 3 · 343
2473,28.75,87.07,34,2026/9/5 6:04,Batch 3 · 343
2476,28.72,87.07,34,2026/9/5 6:05,Batch 3 · 343
2475,28.69,87.06,34,2026/9/5 6:06,Batch 3 · 343
2475,28.69,87.05,34,2026/9/5 6:07,Batch 3 · 343
2479,28.69,87.06,34,2026/9/5 6:08,Batch 3 · 343
2483,28.69,87.06,34,2026/9/5 6:09,Batch 3 · 343
2484,28.69,87.04,34,2026/9/5 6:10,Batch 3 · 343
2483,28.71,87.07,34,2026/9/5 6:11,Batch 3 · 343
2481,28.69,87.11,34,2026/9/5 6:12,Batch 3 · 343
2486,28.69,87.09,34,2026/9/5 6:13,Batch 3 · 343
2488,28.69,87.11,34,2026/9/5 6:14,Batch 3 · 343
2491,28.65,87.06,34,2026/9/5 6:15,Batch 3 · 343
2493,28.69,87.09,33,2026/9/5 6:16,Batch 3 · 343
2491,28.68,87.08,33,2026/9/5 6:17,Batch 3 · 343
2490,28.71,87.11,33,2026/9/5 6:18,Batch 3 · 343
2490,28.69,87.08,33,2026/9/5 6:19,Batch 3 · 343
2494,28.71,87.09,33,2026/9/5 6:20,Batch 3 · 343
2494,28.68,87.07,33,2026/9/5 6:21,Batch 3 · 343
2497,28.71,87.11,33,2026/9/5 6:22,Batch 3 · 343
2501,28.71,87.12,33,2026/9/5 6:23,Batch 3 · 343
2501,28.72,87.11,33,2026/9/5 6:24,Batch 3 · 343
2501,28.72,87.11,33,2026/9/5 6:25,Batch 3 · 343
2506,28.71,87.08,33,2026/9/5 6:26,Batch 3 · 343
2505,28.74,87.11,33,2026/9/5 6:27,Batch 3 · 343
2507,28.74,87.1,33,2026/9/5 6:28,Batch 3 · 343
2506,28.72,87.12,33,2026/9/5 6:29,Batch 3 · 343
2511,28.74,87.11,33,2026/9/5 6:30,Batch 3 · 343
2511,28.74,87.07,33,2026/9/5 6:31,Batch 3 · 343
2512,28.75,87.08,33,2026/9/5 6:32,Batch 3 · 343
2518,28.72,87.07,33,2026/9/5 6:33,Batch 3 · 343
2519,28.74,87.07,33,2026/9/5 6:34,Batch 3 · 343
2515,28.74,87.07,33,2026/9/5 6:35,Batch 3 · 343
2517,28.74,87.05,33,2026/9/5 6:36,Batch 3 · 343
2521,28.72,87.07,33,2026/9/5 6:37,Batch 3 · 343
2522,28.71,87.04,33,2026/9/5 6:38,Batch 3 · 343
2521,28.75,87.08,33,2026/9/5 6:39,Batch 3 · 343
2521,28.72,87.06,32,2026/9/5 6:40,Batch 3 · 343
2526,28.69,87.03,32,2026/9/5 6:41,Batch 3 · 343
2525,28.74,87.05,32,2026/9/5 6:42,Batch 3 · 343
2528,28.72,87.04,32,2026/9/5 6:43,Batch 3 · 343
2530,28.69,87.05,32,2026/9/5 6:44,Batch 3 · 343
2531,28.72,87.06,32,2026/9/5 6:45,Batch 3 · 343
2531,28.74,87.07,32,2026/9/5 6:47,Batch 3 · 343
2531,28.72,87.08,32,2026/9/5 6:48,Batch 3 · 343
2533,28.74,87.06,32,2026/9/5 6:49,Batch 3 · 343
2537,28.72,87.09,32,2026/9/5 6:50,Batch 3 · 343
2537,28.75,87.07,32,2026/9/5 6:51,Batch 3 · 343
2537,28.75,87.08,32,2026/9/5 6:52,Batch 3 · 343
2541,28.75,87.06,32,2026/9/5 6:53,Batch 3 · 343
2543,28.75,87.09,32,2026/9/5 6:54,Batch 3 · 343
2544,28.78,87.12,32,2026/9/5 6:55,Batch 3 · 343
2542,28.75,87.08,32,2026/9/5 6:56,Batch 3 · 343
2545,28.78,87.09,32,2026/9/5 6:57,Batch 3 · 343
2545,28.79,87.08,32,2026/9/5 6:58,Batch 3 · 343
2547,28.76,87.07,32,2026/9/5 6:59,Batch 3 · 343
2553,28.78,87.06,32,2026/9/5 7:00,Batch 3 · 343
2551,28.78,87.08,32,2026/9/5 7:01,Batch 3 · 343
2550,28.79,87.04,32,2026/9/5 7:02,Batch 3 · 343
2550,28.75,87.02,32,2026/9/5 7:03,Batch 3 · 343
2553,28.75,87.05,32,2026/9/5 7:04,Batch 3 · 343
2554,28.76,87.03,32,2026/9/5 7:05,Batch 3 · 343
2554,28.72,87.01,32,2026/9/5 7:06,Batch 3 · 343
2559,28.72,86.99,32,2026/9/5 7:07,Batch 3 · 343
2561,28.74,87,32,2026/9/5 7:08,Batch 3 · 343
2563,28.74,87.03,31,2026/9/5 7:09,Batch 3 · 343
2567,28.71,87,31,2026/9/5 7:10,Batch 3 · 343
2568,28.72,86.99,31,2026/9/5 7:11,Batch 3 · 343
2568,28.72,87.02,31,2026/9/5 7:12,Batch 3 · 343
2567,28.71,87.04,31,2026/9/5 7:13,Batch 3 · 343
2569,28.72,87.01,31,2026/9/5 7:14,Batch 3 · 343
2570,28.69,87.02,31,2026/9/5 7:15,Batch 3 · 343
2572,28.71,87.04,31,2026/9/5 7:16,Batch 3 · 343
2576,28.69,87.03,31,2026/9/5 7:17,Batch 3 · 343
2574,28.71,87.06,31,2026/9/5 7:18,Batch 3 · 343
2572,28.71,87.05,31,2026/9/5 7:19,Batch 3 · 343
2571,28.72,87.06,31,2026/9/5 7:20,Batch 3 · 343
2572,28.74,87.07,31,2026/9/5 7:21,Batch 3 · 343
2576,28.72,87.03,31,2026/9/5 7:22,Batch 3 · 343
2577,28.72,87.04,31,2026/9/5 7:23,Batch 3 · 343
2582,28.72,87.04,31,2026/9/5 7:24,Batch 3 · 343
2585,28.74,87.06,31,2026/9/5 7:25,Batch 3 · 343
2585,28.74,87.05,31,2026/9/5 7:26,Batch 3 · 343
2586,28.74,87.05,31,2026/9/5 7:27,Batch 3 · 343
2587,28.76,87.05,31,2026/9/5 7:28,Batch 3 · 343
2586,28.78,87.04,31,2026/9/5 7:29,Batch 3 · 343
2589,28.76,87.07,31,2026/9/5 7:30,Batch 3 · 343
2591,28.78,87.01,31,2026/9/5 7:31,Batch 3 · 343
2593,28.79,87.07,31,2026/9/5 7:32,Batch 3 · 343
2591,28.78,87.03,31,2026/9/5 7:33,Batch 3 · 343
2592,28.78,87.06,31,2026/9/5 7:34,Batch 3 · 343
2595,28.81,87.06,31,2026/9/5 7:35,Batch 3 · 343
2595,28.79,87.04,31,2026/9/5 7:36,Batch 3 · 343
2599,28.78,87.03,31,2026/9/5 7:38,Batch 3 · 343
2598,28.79,87.05,31,2026/9/5 7:39,Batch 3 · 343
2600,28.79,87.06,31,2026/9/5 7:40,Batch 3 · 343
2603,28.79,87.02,31,2026/9/5 7:41,Batch 3 · 343
2603,28.76,87.01,31,2026/9/5 7:42,Batch 3 · 343
2604,28.79,86.99,31,2026/9/5 7:43,Batch 3 · 343
2606,28.78,86.99,31,2026/9/5 7:44,Batch 3 · 343
2609,28.78,86.99,31,2026/9/5 7:45,Batch 3 · 343
2612,28.79,86.98,31,2026/9/5 7:46,Batch 3 · 343
2608,28.78,86.99,31,2026/9/5 7:47,Batch 3 · 343
2606,28.75,86.97,31,2026/9/5 7:48,Batch 3 · 343
2611,28.75,86.98,31,2026/9/5 7:49,Batch 3 · 343
2615,28.76,86.98,31,2026/9/5 7:50,Batch 3 · 343
2614,28.74,86.97,31,2026/9/5 7:51,Batch 3 · 343
2614,28.74,86.98,31,2026/9/5 7:52,Batch 3 · 343
2618,28.75,87,31,2026/9/5 7:53,Batch 3 · 343
2618,28.75,87,31,2026/9/5 7:54,Batch 3 · 343
2623,28.71,86.95,31,2026/9/5 7:55,Batch 3 · 343
2621,28.71,86.98,30,2026/9/5 7:56,Batch 3 · 343
2622,28.72,86.97,30,2026/9/5 7:57,Batch 3 · 343
2626,28.71,86.98,30,2026/9/5 7:58,Batch 3 · 343
2627,28.71,86.96,30,2026/9/5 7:59,Batch 3 · 343
2631,28.69,86.98,30,2026/9/5 8:00,Batch 3 · 343
2632,28.68,86.91,30,2026/9/5 8:01,Batch 3 · 343
2632,28.68,86.98,30,2026/9/5 8:02,Batch 3 · 343
2635,28.67,86.95,30,2026/9/5 8:03,Batch 3 · 343
2635,28.68,86.95,30,2026/9/5 8:04,Batch 3 · 343
2636,28.67,86.99,30,2026/9/5 8:05,Batch 3 · 343
2635,28.65,86.96,30,2026/9/5 8:06,Batch 3 · 343
2635,28.68,86.96,30,2026/9/5 8:07,Batch 3 · 343
2638,28.64,86.94,30,2026/9/5 8:08,Batch 3 · 343
2636,28.64,86.93,30,2026/9/5 8:09,Batch 3 · 343
2640,28.67,86.98,30,2026/9/5 8:10,Batch 3 · 343
2643,28.62,86.92,30,2026/9/5 8:11,Batch 3 · 343
2644,28.62,86.95,29,2026/9/5 8:12,Batch 3 · 343
2645,28.61,86.94,29,2026/9/5 8:13,Batch 3 · 343
2644,28.62,86.98,29,2026/9/5 8:14,Batch 3 · 343
2643,28.62,86.96,29,2026/9/5 8:15,Batch 3 · 343
2646,28.61,86.94,29,2026/9/5 8:16,Batch 3 · 343
2650,28.6,86.94,29,2026/9/5 8:17,Batch 3 · 343
2650,28.58,86.94,29,2026/9/5 8:18,Batch 3 · 343
2654,28.6,86.93,29,2026/9/5 8:19,Batch 3 · 343
2656,28.56,86.96,29,2026/9/5 8:20,Batch 3 · 343
2653,28.56,86.96,29,2026/9/5 8:21,Batch 3 · 343
2655,28.58,86.94,29,2026/9/5 8:22,Batch 3 · 343
2658,28.57,86.95,29,2026/9/5 8:23,Batch 3 · 343
2654,28.54,86.96,29,2026/9/5 8:24,Batch 3 · 343
2658,28.56,86.96,29,2026/9/5 8:25,Batch 3 · 343
2662,28.54,86.95,29,2026/9/5 8:26,Batch 3 · 343
2661,28.53,86.98,29,2026/9/5 8:27,Batch 3 · 343
2667,28.54,86.95,29,2026/9/5 8:28,Batch 3 · 343
2667,28.53,86.94,29,2026/9/5 8:29,Batch 3 · 343
2669,28.53,86.94,29,2026/9/5 8:30,Batch 3 · 343
2670,28.54,86.97,29,2026/9/5 8:31,Batch 3 · 343
2669,28.53,86.97,29,2026/9/5 8:32,Batch 3 · 343
2671,28.53,86.97,28,2026/9/5 8:33,Batch 3 · 343
2671,28.49,86.96,28,2026/9/5 8:34,Batch 3 · 343
2673,28.51,86.96,28,2026/9/5 8:35,Batch 3 · 343
2672,28.5,86.93,28,2026/9/5 8:36,Batch 3 · 343
2674,28.47,86.94,28,2026/9/5 8:37,Batch 3 · 343
2675,28.51,86.95,28,2026/9/5 8:38,Batch 3 · 343
2678,28.49,86.92,28,2026/9/5 8:39,Batch 3 · 343
2676,28.49,86.94,28,2026/9/5 8:40,Batch 3 · 343
2678,28.47,86.94,28,2026/9/5 8:41,Batch 3 · 343
2681,28.46,86.95,28,2026/9/5 8:42,Batch 3 · 343
2683,28.5,86.97,28,2026/9/5 8:43,Batch 3 · 343
2684,28.46,86.96,27,2026/9/5 8:44,Batch 3 · 343
2685,28.46,86.98,27,2026/9/5 8:45,Batch 3 · 343
2687,28.44,86.95,27,2026/9/5 8:46,Batch 3 · 343
2689,28.46,86.98,27,2026/9/5 8:47,Batch 3 · 343
2689,28.46,86.95,27,2026/9/5 8:48,Batch 3 · 343
2692,28.46,86.95,27,2026/9/5 8:49,Batch 3 · 343
2690,28.44,86.96,27,2026/9/5 8:50,Batch 3 · 343
2692,28.46,86.95,27,2026/9/5 8:51,Batch 3 · 343
2693,28.44,86.93,27,2026/9/5 8:52,Batch 3 · 343
2698,28.46,86.96,27,2026/9/5 8:53,Batch 3 · 343
2698,28.44,86.95,27,2026/9/5 8:54,Batch 3 · 343
2697,28.44,86.99,27,2026/9/5 8:55,Batch 3 · 343
2701,28.46,86.95,27,2026/9/5 8:56,Batch 3 · 343
2704,28.46,86.99,27,2026/9/5 8:57,Batch 3 · 343
2701,28.44,86.96,27,2026/9/5 8:58,Batch 3 · 343
2701,28.43,86.93,27,2026/9/5 8:59,Batch 3 · 343
2703,28.43,86.98,27,2026/9/5 9:00,Batch 3 · 343
2706,28.46,86.93,27,2026/9/5 9:01,Batch 3 · 343
2708,28.44,86.94,27,2026/9/5 9:02,Batch 3 · 343
2708,28.47,86.99,27,2026/9/5 9:03,Batch 3 · 343
2709,28.43,86.94,27,2026/9/5 9:04,Batch 3 · 343
2713,28.44,86.95,27,2026/9/5 9:05,Batch 3 · 343
2711,28.46,86.95,27,2026/9/5 9:06,Batch 3 · 343
2709,28.46,86.97,27,2026/9/5 9:08,Batch 3 · 343
2711,28.47,86.99,27,2026/9/5 9:09,Batch 3 · 343
2718,28.44,86.97,27,2026/9/5 9:10,Batch 3 · 343
2716,28.46,86.93,27,2026/9/5 9:11,Batch 3 · 343
2719,28.47,86.98,27,2026/9/5 9:12,Batch 3 · 343
2717,28.47,86.99,27,2026/9/5 9:13,Batch 3 · 343
2716,28.47,87,27,2026/9/5 9:14,Batch 3 · 343
2719,28.46,86.93,27,2026/9/5 9:15,Batch 3 · 343
2724,28.46,86.98,27,2026/9/5 9:16,Batch 3 · 343
2724,28.46,86.96,27,2026/9/5 9:17,Batch 3 · 343
2723,28.47,86.95,27,2026/9/5 9:18,Batch 3 · 343
2725,28.47,86.95,27,2026/9/5 9:19,Batch 3 · 343
2729,28.49,86.94,27,2026/9/5 9:20,Batch 3 · 343
2730,28.49,86.94,27,2026/9/5 9:21,Batch 3 · 343
2733,28.47,86.97,27,2026/9/5 9:22,Batch 3 · 343
2731,28.46,86.97,27,2026/9/5 9:23,Batch 3 · 343
2732,28.46,86.96,27,2026/9/5 9:24,Batch 3 · 343
2733,28.47,86.94,27,2026/9/5 9:25,Batch 3 · 343
2736,28.47,86.93,27,2026/9/5 9:26,Batch 3 · 343
2737,28.47,86.94,27,2026/9/5 9:27,Batch 3 · 343
2738,28.47,86.94,27,2026/9/5 9:28,Batch 3 · 343
2737,28.49,86.91,27,2026/9/5 9:29,Batch 3 · 343
2740,28.46,86.95,27,2026/9/5 9:30,Batch 3 · 343
2739,28.46,86.93,27,2026/9/5 9:31,Batch 3 · 343
2743,28.44,86.89,27,2026/9/5 9:32,Batch 3 · 343
2745,28.44,86.89,27,2026/9/5 9:33,Batch 3 · 343
2745,28.46,86.91,27,2026/9/5 9:34,Batch 3 · 343
2743,28.44,86.91,27,2026/9/5 9:35,Batch 3 · 343
2744,28.44,86.9,27,2026/9/5 9:36,Batch 3 · 343
2750,28.46,86.9,27,2026/9/5 9:37,Batch 3 · 343
2753,28.43,86.86,27,2026/9/5 9:38,Batch 3 · 343
2752,28.46,86.91,27,2026/9/5 9:39,Batch 3 · 343
2752,28.41,86.9,27,2026/9/5 9:40,Batch 3 · 343
2754,28.41,86.89,27,2026/9/5 9:41,Batch 3 · 343
2754,28.43,86.9,27,2026/9/5 9:42,Batch 3 · 343
2756,28.43,86.92,27,2026/9/5 9:43,Batch 3 · 343
2758,28.43,86.89,27,2026/9/5 9:44,Batch 3 · 343
2759,28.41,86.89,27,2026/9/5 9:45,Batch 3 · 343
2757,28.41,86.89,27,2026/9/5 9:46,Batch 3 · 343
2758,28.4,86.86,27,2026/9/5 9:47,Batch 3 · 343
2769,28.4,86.88,27,2026/9/5 9:48,Batch 3 · 343
2766,28.4,86.87,27,2026/9/5 9:49,Batch 3 · 343
2767,28.41,86.9,27,2026/9/5 9:50,Batch 3 · 343
2769,28.39,86.89,27,2026/9/5 9:51,Batch 3 · 343
2771,28.41,86.89,27,2026/9/5 9:52,Batch 3 · 343
2773,28.4,86.9,27,2026/9/5 9:53,Batch 3 · 343
2772,28.4,86.9,27,2026/9/5 9:54,Batch 3 · 343
2771,28.36,86.89,27,2026/9/5 9:55,Batch 3 · 343
2772,28.4,86.9,27,2026/9/5 9:56,Batch 3 · 343
2774,28.39,86.87,27,2026/9/5 9:57,Batch 3 · 343
2777,28.4,86.91,27,2026/9/5 9:58,Batch 3 · 343
2775,28.41,86.92,27,2026/9/5 9:59,Batch 3 · 343
2777,28.4,86.87,26,2026/9/5 10:00,Batch 3 · 343
2781,28.39,86.87,27,2026/9/5 10:01,Batch 3 · 343
2781,28.4,86.89,27,2026/9/5 10:02,Batch 3 · 343
2781,28.4,86.9,27,2026/9/5 10:03,Batch 3 · 343
2782,28.41,86.9,26,2026/9/5 10:04,Batch 3 · 343
2786,28.4,86.92,27,2026/9/5 10:05,Batch 3 · 343
2784,28.41,86.89,27,2026/9/5 10:06,Batch 3 · 343
2790,28.4,86.9,27,2026/9/5 10:07,Batch 3 · 343
2790,28.39,86.88,27,2026/9/5 10:08,Batch 3 · 343
2791,28.39,86.9,27,2026/9/5 10:09,Batch 3 · 343
2787,28.4,86.86,27,2026/9/5 10:10,Batch 3 · 343
2794,28.39,86.9,27,2026/9/5 10:11,Batch 3 · 343
2794,28.41,86.88,27,2026/9/5 10:12,Batch 3 · 343
2794,28.4,86.9,27,2026/9/5 10:13,Batch 3 · 343
2798,28.4,86.88,27,2026/9/5 10:14,Batch 3 · 343
2796,28.41,86.88,26,2026/9/5 10:15,Batch 3 · 343
2799,28.4,86.89,26,2026/9/5 10:16,Batch 3 · 343
2802,28.39,86.84,26,2026/9/5 10:17,Batch 3 · 343
2801,28.41,86.9,26,2026/9/5 10:18,Batch 3 · 343
2801,28.39,86.86,26,2026/9/5 10:19,Batch 3 · 343
2803,28.39,86.9,26,2026/9/5 10:20,Batch 3 · 343
2806,28.36,86.85,26,2026/9/5 10:21,Batch 3 · 343
2809,28.37,86.87,26,2026/9/5 10:22,Batch 3 · 343
2810,28.36,86.81,26,2026/9/5 10:23,Batch 3 · 343
2809,28.39,86.85,26,2026/9/5 10:24,Batch 3 · 343
2810,28.37,86.87,26,2026/9/5 10:25,Batch 3 · 343
2813,28.37,86.85,26,2026/9/5 10:26,Batch 3 · 343
2809,28.39,86.86,26,2026/9/5 10:27,Batch 3 · 343
2812,28.37,86.85,26,2026/9/5 10:28,Batch 3 · 343
2811,28.37,86.87,26,2026/9/5 10:29,Batch 3 · 343
2813,28.37,86.87,26,2026/9/5 10:30,Batch 3 · 343
2816,28.36,86.86,26,2026/9/5 10:31,Batch 3 · 343
2813,28.36,86.84,26,2026/9/5 10:32,Batch 3 · 343
2819,28.34,86.82,25,2026/9/5 10:33,Batch 3 · 343
2820,28.34,86.88,25,2026/9/5 10:34,Batch 3 · 343
2822,28.33,86.82,25,2026/9/5 10:35,Batch 3 · 343
2827,28.32,86.83,25,2026/9/5 10:37,Batch 3 · 343
2827,28.34,86.84,25,2026/9/5 10:38,Batch 3 · 343
2827,28.33,86.83,25,2026/9/5 10:39,Batch 3 · 343
2823,28.33,86.85,25,2026/9/5 10:40,Batch 3 · 343
2824,28.33,86.81,25,2026/9/5 10:41,Batch 3 · 343
2827,28.33,86.86,25,2026/9/5 10:42,Batch 3 · 343
2827,28.32,86.87,25,2026/9/5 10:43,Batch 3 · 343
2828,28.33,86.84,25,2026/9/5 10:44,Batch 3 · 343
2830,28.34,86.85,25,2026/9/5 10:45,Batch 3 · 343
2833,28.33,86.85,25,2026/9/5 10:46,Batch 3 · 343
2834,28.32,86.87,25,2026/9/5 10:47,Batch 3 · 343
2835,28.33,86.86,25,2026/9/5 10:48,Batch 3 · 343
2834,28.33,86.85,24,2026/9/5 10:49,Batch 3 · 343
2838,28.3,86.85,24,2026/9/5 10:50,Batch 3 · 343
2839,28.3,86.83,24,2026/9/5 10:51,Batch 3 · 343
2839,28.33,86.81,24,2026/9/5 10:52,Batch 3 · 343
2839,28.33,86.84,24,2026/9/5 10:53,Batch 3 · 343
2845,28.34,86.85,24,2026/9/5 10:54,Batch 3 · 343
2845,28.33,86.83,24,2026/9/5 10:55,Batch 3 · 343
2842,28.33,86.82,24,2026/9/5 10:56,Batch 3 · 343
2847,28.32,86.84,24,2026/9/5 10:57,Batch 3 · 343
2852,28.32,86.83,24,2026/9/5 10:58,Batch 3 · 343
2848,28.32,86.84,24,2026/9/5 10:59,Batch 3 · 343
2850,28.3,86.83,24,2026/9/5 11:00,Batch 3 · 343
2852,28.32,86.84,24,2026/9/5 11:01,Batch 3 · 343
2854,28.3,86.81,24,2026/9/5 11:02,Batch 3 · 343
2855,28.3,86.85,24,2026/9/5 11:03,Batch 3 · 343
2856,28.3,86.83,24,2026/9/5 11:04,Batch 3 · 343
2856,28.3,86.83,24,2026/9/5 11:05,Batch 3 · 343
2858,28.29,86.85,24,2026/9/5 11:06,Batch 3 · 343
2859,28.3,86.83,24,2026/9/5 11:07,Batch 3 · 343
2861,28.33,86.89,24,2026/9/5 11:08,Batch 3 · 343
2856,28.34,86.88,24,2026/9/5 11:09,Batch 3 · 343
2862,28.33,86.86,24,2026/9/5 11:10,Batch 3 · 343
2863,28.34,86.88,24,2026/9/5 11:11,Batch 3 · 343
2865,28.37,86.88,24,2026/9/5 11:12,Batch 3 · 343
2864,28.37,86.87,24,2026/9/5 11:13,Batch 3 · 343
2864,28.37,86.85,24,2026/9/5 11:14,Batch 3 · 343
2864,28.37,86.87,24,2026/9/5 11:15,Batch 3 · 343
2866,28.39,86.88,24,2026/9/5 11:16,Batch 3 · 343
2866,28.37,86.85,24,2026/9/5 11:17,Batch 3 · 343
2871,28.4,86.84,24,2026/9/5 11:18,Batch 3 · 343
2874,28.4,86.87,24,2026/9/5 11:19,Batch 3 · 343
2870,28.39,86.84,24,2026/9/5 11:20,Batch 3 · 343
2871,28.41,86.87,24,2026/9/5 11:22,Batch 3 · 343
2874,28.39,86.83,24,2026/9/5 11:23,Batch 3 · 343
2876,28.41,86.85,24,2026/9/5 11:24,Batch 3 · 343
2870,28.41,86.85,24,2026/9/5 11:25,Batch 3 · 343
2872,28.41,86.85,24,2026/9/5 11:26,Batch 3 · 343
2877,28.44,86.87,24,2026/9/5 11:27,Batch 3 · 343
2877,28.44,86.85,24,2026/9/5 11:28,Batch 3 · 343
2878,28.46,86.87,24,2026/9/5 11:29,Batch 3 · 343
2880,28.47,86.9,24,2026/9/5 11:30,Batch 3 · 343
2879,28.49,86.87,24,2026/9/5 11:31,Batch 3 · 343
2881,28.49,86.9,24,2026/9/5 11:32,Batch 3 · 343
2884,28.53,86.89,24,2026/9/5 11:33,Batch 3 · 343
2885,28.54,86.86,24,2026/9/5 11:34,Batch 3 · 343
2890,28.54,86.86,24,2026/9/5 11:35,Batch 3 · 343
2890,28.53,86.83,24,2026/9/5 11:36,Batch 3 · 343
2891,28.56,86.87,24,2026/9/5 11:37,Batch 3 · 343
2892,28.53,86.82,24,2026/9/5 11:38,Batch 3 · 343
2893,28.54,86.83,24,2026/9/5 11:39,Batch 3 · 343
2894,28.56,86.81,24,2026/9/5 11:40,Batch 3 · 343
2893,28.53,86.8,24,2026/9/5 11:41,Batch 3 · 343
2901,28.53,86.77,24,2026/9/5 11:42,Batch 3 · 343
2898,28.54,86.79,24,2026/9/5 11:43,Batch 3 · 343
2897,28.53,86.8,24,2026/9/5 11:44,Batch 3 · 343
2899,28.56,86.78,24,2026/9/5 11:45,Batch 3 · 343
2900,28.56,86.79,24,2026/9/5 11:46,Batch 3 · 343
2898,28.54,86.79,24,2026/9/5 11:47,Batch 3 · 343
2900,28.54,86.78,24,2026/9/5 11:48,Batch 3 · 343
2898,28.54,86.78,24,2026/9/5 11:49,Batch 3 · 343
2904,28.56,86.81,24,2026/9/5 11:50,Batch 3 · 343
2906,28.57,86.81,24,2026/9/5 11:51,Batch 3 · 343
2907,28.57,86.81,24,2026/9/5 11:52,Batch 3 · 343
2908,28.56,86.82,24,2026/9/5 11:53,Batch 3 · 343
2911,28.58,86.83,24,2026/9/5 11:54,Batch 3 · 343
2911,28.6,86.81,24,2026/9/5 11:55,Batch 3 · 343
2909,28.58,86.84,24,2026/9/5 11:56,Batch 3 · 343
2911,28.62,86.84,24,2026/9/5 11:57,Batch 3 · 343
2910,28.62,86.83,24,2026/9/5 11:58,Batch 3 · 343
2914,28.6,86.81,24,2026/9/5 11:59,Batch 3 · 343
2915,28.64,86.8,24,2026/9/5 12:00,Batch 3 · 343
2916,28.62,86.82,24,2026/9/5 12:01,Batch 3 · 343
2920,28.64,86.79,24,2026/9/5 12:02,Batch 3 · 343
2919,28.62,86.79,24,2026/9/5 12:03,Batch 3 · 343
2924,28.62,86.75,24,2026/9/5 12:04,Batch 3 · 343
2922,28.62,86.75,24,2026/9/5 12:06,Batch 3 · 343
2923,28.61,86.74,24,2026/9/5 12:07,Batch 3 · 343
2924,28.6,86.75,24,2026/9/5 12:08,Batch 3 · 343
2925,28.64,86.76,24,2026/9/5 12:09,Batch 3 · 343
2925,28.61,86.76,24,2026/9/5 12:10,Batch 3 · 343
2927,28.6,86.72,24,2026/9/5 12:11,Batch 3 · 343
2922,28.6,86.76,24,2026/9/5 12:12,Batch 3 · 343
2925,28.58,86.71,24,2026/9/5 12:13,Batch 3 · 343
2926,28.58,86.75,24,2026/9/5 12:14,Batch 3 · 343
2930,28.58,86.74,24,2026/9/5 12:15,Batch 3 · 343
2928,28.6,86.77,24,2026/9/5 12:16,Batch 3 · 343
2930,28.6,86.74,24,2026/9/5 12:17,Batch 3 · 343
2931,28.61,86.76,24,2026/9/5 12:18,Batch 3 · 343
2937,28.61,86.77,24,2026/9/5 12:19,Batch 3 · 343
2937,28.6,86.74,24,2026/9/5 12:20,Batch 3 · 343
2937,28.62,86.77,24,2026/9/5 12:21,Batch 3 · 343
2939,28.61,86.8,24,2026/9/5 12:22,Batch 3 · 343
